Cow_ID,Day,Breed,Months after giving birth,Previous_Mastits_status,IUFL,EUFL,IUFR,EUFR,IURL,EURL,IURR,EURR,Temperature,Hardness,Pain,Milk_visibility,class1,Rumination_Time_min,Eating_Time_min,Lying_Time_hr,Steps_Per_Day,SCC_K_cells_per_mL,Milk_Conductivity_mS,Milk_Yield_L
cow1,1,Jersey,1,0,203,221,196,225,202,236,192,223,38.4,0.0,0.0,0,0,532.2,403.2,9.6,3235,58.0,4.9,19.5
cow1,2,Jersey,1,0,197,227,200,232,195,224,204,224,38.5,0.0,0.0,0,0,478.4,349.5,10.4,3080,17.2,5.8,19.4
cow1,3,Jersey,1,0,199,231,199,230,201,227,194,238,38.6,0.0,0.0,0,0,550.0,409.6,11.0,3478,116.9,4.7,19.4
cow1,4,Jersey,1,0,201,234,195,229,191,232,202,230,38.5,0.0,0.0,0,0,557.6,406.6,11.1,3755,54.1,2.5,19.5
cow1,5,Jersey,1,0,195,232,198,232,197,229,189,223,38.5,0.0,0.0,0,0,442.0,346.1,11.3,3271,99.0,6.1,19.2
cow1,6,Jersey,1,0,202,228,196,219,199,221,194,229,38.8,0.0,0.0,0,0,467.9,324.6,12.7,3180,157.4,3.8,19.1
cow2,1,Jersey,1,0,203,238,194,227,201,221,199,241,38.6,0.0,0.0,0,0,525.1,380.4,13.0,3296,93.4,4.6,20.9
cow2,2,Jersey,1,0,193,226,204,229,188,229,198,226,38.2,0.0,0.0,0,0,507.4,371.4,13.9,3187,99.7,4.6,20.0
cow2,3,Jersey,1,0,203,235,197,226,195,222,207,228,38.9,0.0,0.0,0,0,519.3,390.8,9.6,3020,43.6,4.7,22.4
cow2,4,Jersey,1,0,200,230,190,240,195,223,201,229,38.5,0.0,0.0,0,0,485.9,348.2,10.5,2988,129.4,4.5,19.7
cow2,5,Jersey,1,0,185,224,192,235,198,227,201,228,38.5,0.0,0.0,0,0,555.2,356.1,12.3,2591,69.7,4.6,20.0
cow2,6,Jersey,1,0,198,244,193,221,200,225,185,222,38.6,0.0,0.0,0,0,551.1,379.2,11.0,3336,20.0,3.4,19.0
cow3,1,Jersey,3,0,191,231,192,234,195,221,196,225,38.6,0.0,0.0,0,1,297.6,255.5,14.5,1287,3886.3,10.1,12.0
cow3,2,Jersey,3,0,219,231,210,259,193,236,200,234,38.8,0.0,0.0,0,1,340.1,283.2,13.7,1880,4972.1,8.5,13.2
cow3,3,Jersey,3,0,225,228,207,254,199,227,199,220,39.2,1.0,1.0,1,1,313.7,296.5,15.4,1666,6582.5,8.0,12.9
cow3,4,Jersey,3,0,235,240,200,272,203,230,203,233,39.4,0.0,1.0,1,1,260.6,244.9,14.8,1050,9999.0,9.5,12.2
cow3,5,Jersey,3,0,239,229,195,278,193,230,193,236,40.3,1.0,1.0,1,1,309.8,265.3,14.8,1799,3721.7,7.1,12.3
cow3,6,Jersey,3,0,249,226,188,288,203,234,199,230,40.5,1.0,1.0,1,1,256.6,231.4,13.0,276,3019.2,8.7,15.1
cow4,1,Jersey,1,0,197,225,199,230,203,233,196,238,38.7,0.0,0.0,0,0,555.1,421.0,11.4,3772,168.8,4.1,20.6
cow4,2,Jersey,1,0,188,232,199,216,195,234,202,232,38.3,0.0,0.0,0,0,518.0,368.2,11.1,2465,43.0,4.8,19.7
cow4,3,Jersey,1,0,201,228,186,221,194,228,204,228,38.7,0.0,0.0,0,0,512.6,373.0,9.7,3198,25.0,4.8,19.4
cow4,4,Jersey,1,0,194,224,203,221,191,229,203,226,38.6,0.0,0.0,0,0,492.8,344.1,13.3,3171,57.1,2.6,20.5
cow4,5,Jersey,1,0,200,227,204,236,197,241,198,235,38.5,0.0,0.0,0,0,568.9,434.9,12.4,3449,191.9,3.4,22.1
cow4,6,Jersey,1,0,188,222,196,236,200,228,201,235,38.6,0.0,0.0,0,0,513.8,383.4,11.1,2869,50.3,5.8,19.6
cow5,1,Jersey,1,0,202,231,200,235,196,220,203,220,38.6,0.0,0.0,0,1,277.9,232.0,15.1,442,2903.8,7.8,11.6
cow5,2,Jersey,1,0,200,227,197,232,194,239,192,228,38.6,0.0,0.0,0,1,280.9,244.5,12.7,1169,3167.0,9.6,10.9
cow5,3,Jersey,1,0,207,224,200,234,205,225,192,228,38.6,0.0,0.0,0,1,316.3,276.9,11.3,1212,2429.4,9.0,8.8
cow5,4,Jersey,1,0,200,212,178,218,196,223,192,231,39.1,0.0,1.0,0,1,309.6,259.3,14.7,480,712.6,7.8,13.5
cow5,5,Jersey,1,0,201,195,164,201,192,221,205,231,39.9,0.0,0.0,0,1,311.5,255.3,12.0,1318,2629.9,7.8,11.1
cow5,6,Jersey,1,0,191,181,154,191,199,219,195,234,40.4,1.0,0.0,1,1,312.2,253.6,13.3,870,1420.5,9.3,10.0
cow6,1,Jersey,1,0,194,234,188,224,189,225,202,225,38.6,0.0,0.0,1,0,605.7,437.5,11.7,3260,257.5,6.2,23.2
cow6,2,Jersey,1,0,200,227,191,239,195,227,196,232,38.4,0.0,0.0,0,0,503.7,363.8,12.0,2902,174.2,4.3,20.4
cow6,3,Jersey,1,0,196,233,199,241,208,233,192,236,38.7,0.0,0.0,0,0,499.5,359.5,12.5,3784,60.8,5.7,20.4
cow6,4,Jersey,1,0,197,219,195,234,193,234,212,231,38.2,0.0,0.0,0,0,487.4,336.4,12.2,2898,269.0,5.3,21.1
cow6,5,Jersey,1,0,195,234,195,232,203,224,184,223,38.6,0.0,0.0,0,0,544.6,396.2,12.2,3172,100.7,5.5,20.9
cow6,6,Jersey,1,0,204,224,196,230,191,228,188,227,38.2,0.0,0.0,0,0,565.2,403.8,10.6,2915,25.0,4.6,20.5
cow7,1,Holstein Friesian,2,0,191,230,197,231,202,216,205,218,38.2,1.0,0.0,0,1,290.4,246.5,13.9,651,1873.2,7.5,11.7
cow7,2,Holstein Friesian,2,0,192,227,210,237,203,232,201,233,38.1,0.0,0.0,0,1,261.4,238.4,11.7,1218,7453.3,7.2,13.6
cow7,3,Holstein Friesian,2,0,208,237,206,231,200,222,197,234,38.0,0.0,0.0,0,1,262.0,248.7,15.4,1601,1030.5,7.0,10.9
cow7,4,Holstein Friesian,2,0,197,222,200,229,204,230,191,231,38.0,0.0,0.0,0,1,321.0,283.2,11.8,1541,1888.5,9.5,7.9
cow7,5,Holstein Friesian,2,0,196,314,195,232,199,223,206,216,38.8,0.0,0.0,0,1,324.7,282.8,13.1,1183,666.9,8.0,10.5
cow7,6,Holstein Friesian,2,0,200,363,195,224,206,227,198,228,40.0,1.0,1.0,0,1,316.7,263.7,11.9,717,757.9,7.1,12.8
cow8,1,Jersey,2,0,195,235,199,232,186,223,197,225,38.6,0.0,0.0,0,0,493.4,353.8,10.6,3258,44.6,5.3,21.0
cow8,2,Jersey,2,0,199,234,186,230,197,231,191,222,38.6,0.0,0.0,0,0,529.3,366.8,11.5,3168,34.0,4.1,20.5
cow8,3,Jersey,2,0,193,227,196,226,201,232,197,225,38.3,0.0,0.0,0,0,524.7,372.1,10.9,3337,51.8,4.0,20.8
cow8,4,Jersey,2,0,193,233,204,238,206,227,198,228,38.7,0.0,0.0,0,0,528.7,385.6,12.9,2890,263.9,6.2,21.7
cow8,5,Jersey,2,0,198,236,200,223,203,231,200,231,38.6,0.0,0.0,0,0,554.9,386.8,11.8,2326,77.5,3.4,19.5
cow8,6,Jersey,2,0,187,232,193,227,198,239,191,229,38.7,0.0,0.0,0,0,528.9,387.1,10.9,3214,136.7,4.7,19.7
cow9,1,Jersey,2,0,197,233,191,227,200,220,202,233,38.7,0.0,0.0,0,0,547.2,378.9,11.3,2996,168.8,4.0,19.1
cow9,2,Jersey,2,0,195,238,206,232,198,234,193,233,38.8,0.0,0.0,0,0,522.7,351.7,13.0,3557,36.9,3.9,21.5
cow9,3,Jersey,2,0,200,238,188,224,196,233,199,232,38.6,0.0,0.0,0,0,531.6,401.7,12.6,3011,44.7,3.3,19.5
cow9,4,Jersey,2,0,204,230,201,230,194,233,203,229,38.7,0.0,0.0,0,0,545.3,386.6,10.1,2982,134.8,4.5,20.9
cow9,5,Jersey,2,0,200,228,212,239,200,232,206,236,38.8,0.0,1.0,0,0,461.7,330.0,10.7,3167,51.3,3.8,20.5
cow9,6,Jersey,2,0,197,223,188,231,215,238,197,229,38.8,0.0,0.0,0,0,507.2,352.6,12.1,2761,128.8,5.0,19.2
cow10,1,Jersey,1,0,194,234,194,239,203,236,201,222,38.3,0.0,0.0,0,0,501.2,376.3,11.9,2742,253.0,4.5,21.3
cow10,2,Jersey,1,0,207,222,198,237,200,232,193,228,38.4,0.0,0.0,0,0,494.4,389.4,10.2,2961,29.1,4.2,21.0
cow10,3,Jersey,1,0,192,225,197,230,197,240,185,229,38.2,0.0,0.0,0,0,509.0,366.1,12.4,2632,62.1,3.8,21.6
cow10,4,Jersey,1,0,199,231,202,230,183,222,196,223,38.3,0.0,0.0,0,0,579.8,412.0,10.4,2908,69.3,5.6,17.9
cow10,5,Jersey,1,0,191,228,197,225,200,221,193,229,38.1,0.0,0.0,0,0,485.4,378.5,13.1,3776,55.2,5.1,20.4
cow10,6,Jersey,1,0,207,228,209,222,207,221,200,225,38.3,0.0,0.0,0,0,558.7,370.7,12.1,3417,52.2,4.0,19.5
cow11,1,Jersey,2,0,195,225,189,216,206,237,202,232,39.0,0.0,0.0,0,0,452.7,375.0,10.1,3123,56.5,3.4,21.9
cow11,2,Jersey,2,0,191,230,193,233,207,223,194,229,39.0,0.0,0.0,0,0,506.6,416.0,10.9,3621,78.6,3.0,19.8
cow11,3,Jersey,2,0,207,231,194,229,195,230,195,228,38.7,0.0,0.0,0,0,526.5,335.2,10.8,2670,89.0,5.4,19.2
cow11,4,Jersey,2,0,206,231,198,239,196,216,202,230,39.0,0.0,0.0,0,0,543.4,392.3,11.7,3996,153.5,5.2,20.9
cow11,5,Jersey,2,0,195,216,203,226,192,217,202,214,39.1,0.0,0.0,0,0,548.4,384.1,11.3,2816,78.1,5.3,20.3
cow11,6,Jersey,2,0,202,232,209,232,205,226,188,235,38.9,0.0,0.0,0,0,551.7,394.3,10.1,3802,172.0,4.4,19.3
cow12,1,Jersey,2,0,203,232,201,246,193,232,191,231,38.4,0.0,0.0,0,0,506.1,364.1,9.8,3800,52.8,5.1,19.2
cow12,2,Jersey,2,0,190,241,195,227,195,219,195,222,38.6,0.0,0.0,0,0,501.5,383.5,12.2,2299,34.6,5.3,17.4
cow12,3,Jersey,2,0,200,229,201,231,205,227,187,236,38.4,0.0,0.0,0,0,554.3,398.6,11.8,3587,64.4,4.4,20.0
cow12,4,Jersey,2,0,194,218,201,233,205,228,194,230,38.5,0.0,0.0,0,0,512.3,359.0,11.6,2886,109.3,4.2,20.3
cow12,5,Jersey,2,0,188,237,211,236,196,232,199,234,38.6,0.0,0.0,0,0,469.0,346.3,11.8,2773,143.9,3.7,20.3
cow12,6,Jersey,2,0,192,231,195,222,194,221,197,243,38.6,0.0,0.0,0,0,474.7,362.1,10.8,3210,217.8,4.8,20.3
cow13,1,Jersey,2,0,195,229,198,232,193,232,198,221,38.5,0.0,0.0,0,0,483.2,336.6,11.7,2597,97.1,4.9,20.3
cow13,2,Jersey,2,0,184,228,189,240,201,231,193,221,38.6,0.0,0.0,0,0,539.9,362.3,14.5,3201,133.6,4.2,19.2
cow13,3,Jersey,2,0,191,223,191,223,194,231,200,229,38.4,0.0,0.0,0,0,525.7,419.3,12.9,2624,204.5,4.3,18.7
cow13,4,Jersey,2,0,186,230,206,218,181,228,204,228,38.5,0.0,0.0,0,0,547.6,385.0,11.2,3071,46.4,4.3,18.5
cow13,5,Jersey,2,0,191,223,188,239,203,229,196,224,38.5,0.0,0.0,0,0,502.9,367.3,10.9,3534,68.7,5.1,21.0
cow13,6,Jersey,2,0,195,225,202,229,198,222,194,230,38.3,0.0,0.0,0,0,526.3,376.6,8.1,3155,538.6,3.4,19.2
cow14,1,Jersey,1,0,189,229,184,237,201,229,183,223,38.5,0.0,0.0,0,0,545.0,404.9,12.8,2856,143.5,3.6,18.3
cow14,2,Jersey,1,0,200,231,207,229,205,227,200,227,38.4,0.0,0.0,0,0,507.6,404.5,12.4,3217,113.0,3.6,19.0
cow14,3,Jersey,1,0,194,247,200,233,202,231,183,231,38.4,0.0,0.0,0,0,538.3,401.4,10.8,2437,147.3,4.4,20.5
cow14,4,Jersey,1,0,199,219,198,221,183,220,197,228,38.5,0.0,0.0,0,0,493.5,336.8,9.8,2664,31.6,4.8,19.4
cow14,5,Jersey,1,0,196,232,202,244,197,236,199,230,38.5,0.0,0.0,0,0,505.5,346.4,10.1,2828,50.8,3.6,20.2
cow14,6,Jersey,1,0,196,235,193,221,194,226,194,228,38.5,0.0,0.0,0,0,504.7,363.7,12.0,3315,39.5,5.2,20.9
cow15,1,Jersey,1,0,212,230,195,216,209,231,196,215,38.5,0.0,0.0,0,1,247.2,221.5,13.4,1462,2795.8,9.2,12.4
cow15,2,Jersey,1,0,194,221,189,241,198,226,198,229,38.5,0.0,0.0,0,1,314.5,235.7,14.3,1514,1482.0,8.3,13.3
cow15,3,Jersey,1,0,184,230,207,298,202,226,194,224,39.0,0.0,1.0,0,1,276.2,258.5,13.6,1289,2154.7,8.9,14.6
cow15,4,Jersey,1,0,177,223,191,311,191,228,202,246,39.8,1.0,0.0,0,1,295.5,235.7,14.7,985,1552.9,7.3,12.7
cow15,5,Jersey,1,0,172,231,199,333,203,215,202,235,39.9,1.0,1.0,1,1,314.2,293.4,13.9,1895,538.0,7.3,13.6
cow15,6,Jersey,1,0,163,218,196,361,195,232,195,217,40.3,1.0,1.0,1,1,312.9,298.5,14.5,1021,4071.4,8.4,9.4
cow16,1,Jersey,1,0,199,230,202,233,185,237,192,234,38.4,0.0,0.0,0,0,546.6,391.5,9.0,3168,23.5,4.5,21.0
cow16,2,Jersey,1,0,191,233,199,239,194,235,190,229,38.8,0.0,0.0,0,0,516.1,385.5,10.0,2955,48.1,3.8,20.8
cow16,3,Jersey,1,0,196,232,197,232,202,238,199,228,38.6,0.0,0.0,0,0,503.1,347.7,11.1,3225,32.0,5.6,21.9
cow16,4,Jersey,1,0,194,223,202,238,202,227,185,222,38.8,0.0,0.0,0,0,516.8,389.3,12.8,2758,43.3,4.7,22.3
cow16,5,Jersey,1,0,191,228,188,227,194,233,201,229,38.8,0.0,0.0,0,0,452.5,330.5,13.8,3421,91.3,5.1,19.2
cow16,6,Jersey,1,0,201,236,194,228,191,218,197,225,38.6,0.0,0.0,0,0,462.1,325.7,11.3,3551,186.4,4.0,19.0
cow17,1,Jersey,1,0,205,239,191,225,198,216,187,223,38.1,0.0,0.0,0,0,467.1,343.0,10.8,3397,27.0,5.8,20.4
cow17,2,Jersey,1,0,194,223,190,226,194,228,200,228,38.2,0.0,0.0,0,0,480.1,347.7,9.2,3063,54.1,4.4,20.5
cow17,3,Jersey,1,0,208,234,199,233,194,228,196,224,38.1,0.0,0.0,0,0,536.0,383.7,12.5,2826,23.7,5.3,21.7
cow17,4,Jersey,1,0,203,232,197,243,194,231,204,222,38.2,0.0,0.0,0,0,483.8,375.4,10.8,4129,52.3,4.0,19.1
cow17,5,Jersey,1,0,198,230,194,233,193,229,189,213,38.4,0.0,0.0,0,0,504.9,356.8,15.1,2603,83.5,4.6,22.2
cow17,6,Jersey,1,0,195,234,204,231,202,225,191,232,38.1,0.0,0.0,0,0,572.0,442.4,10.6,3352,134.9,4.9,20.7
cow18,1,Jersey,1,0,200,226,194,221,199,227,203,232,38.4,0.0,0.0,0,0,505.7,347.6,14.0,3133,18.4,6.1,22.8
cow18,2,Jersey,1,0,198,229,185,232,191,235,197,225,38.0,0.0,0.0,0,0,549.5,426.8,12.4,2975,116.2,4.1,17.6
cow18,3,Jersey,1,0,198,234,187,231,193,228,206,224,38.3,0.0,0.0,0,0,482.7,339.3,10.3,3074,40.6,4.7,21.0
cow18,4,Jersey,1,0,201,230,199,233,193,229,211,231,38.4,0.0,0.0,0,0,511.8,375.1,11.8,2796,34.3,5.0,20.7
cow18,5,Jersey,1,0,193,231,200,229,214,225,192,227,38.2,0.0,0.0,0,0,482.0,348.4,12.4,3171,83.2,3.4,16.9
cow18,6,Jersey,1,0,199,231,202,227,205,233,214,224,38.1,0.0,0.0,0,0,506.4,365.7,11.2,3127,122.5,2.8,20.1
cow19,1,Jersey,3,0,198,232,195,231,192,229,195,232,38.3,0.0,0.0,0,0,553.6,414.6,12.5,4071,74.1,3.7,18.7
cow19,2,Jersey,3,0,187,229,193,229,201,228,200,226,38.4,0.0,0.0,0,0,450.9,365.5,12.5,3428,37.3,5.3,20.3
cow19,3,Jersey,3,0,198,229,189,225,193,231,201,230,38.7,0.0,0.0,0,0,537.4,411.9,12.2,3206,74.1,5.9,19.4
cow19,4,Jersey,3,0,191,229,196,225,203,226,193,236,38.7,0.0,0.0,0,0,529.5,378.4,11.5,3230,48.1,3.8,20.8
cow19,5,Jersey,3,0,191,231,201,225,196,234,196,226,38.1,0.0,0.0,0,0,496.2,369.1,10.1,3736,120.6,3.5,20.9
cow19,6,Jersey,3,0,179,241,186,230,199,232,211,219,38.6,0.0,0.0,0,0,462.2,331.2,11.4,2612,167.0,5.7,19.2
cow20,1,Jersey,3,0,213,226,195,213,200,241,205,234,38.6,0.0,0.0,0,0,522.9,363.9,11.7,2927,159.7,4.0,22.9
cow20,2,Jersey,3,0,196,243,200,237,183,216,198,223,38.5,0.0,0.0,0,0,498.8,346.7,9.2,2237,78.4,4.2,19.5
cow20,3,Jersey,3,0,214,235,207,217,203,228,206,233,,0.0,0.0,0,0,529.3,377.7,11.7,3224,172.5,5.7,20.3
cow20,4,Jersey,3,0,199,236,207,228,213,236,192,222,38.2,0.0,0.0,0,0,520.9,385.0,11.4,3339,39.2,5.5,20.4
cow20,5,Jersey,3,0,201,229,196,221,202,220,204,217,38.4,0.0,0.0,0,0,584.1,384.0,9.9,2602,272.2,5.2,20.5
cow20,6,Jersey,3,0,195,225,195,231,192,231,183,223,38.3,0.0,0.0,0,0,510.4,373.4,11.1,3574,39.1,3.1,18.3
cow21,1,Jersey,3,0,196,227,205,226,209,236,198,223,38.4,0.0,0.0,0,1,254.1,257.7,13.1,1012,388.6,7.0,11.4
cow21,2,Jersey,3,0,197,233,202,245,195,234,195,224,38.8,0.0,0.0,0,1,302.2,279.5,15.8,1163,5996.6,8.9,14.5
cow21,3,Jersey,3,0,190,255,191,225,206,229,195,232,38.9,0.0,0.0,0,1,303.8,249.7,13.8,1348,1125.8,8.3,12.5
cow21,4,Jersey,3,0,209,262,197,229,203,229,193,224,39.7,1.0,1.0,0,1,349.4,262.5,14.7,1938,2192.1,7.4,12.4
cow21,5,Jersey,3,0,201,274,201,235,200,228,208,234,39.7,1.0,1.0,0,1,328.4,283.3,13.4,957,869.4,7.7,11.9
cow21,6,Jersey,3,0,196,277,187,234,195,226,201,230,40.8,1.0,1.0,1,1,309.3,221.9,11.3,1416,9999.0,8.9,13.5
cow22,1,Jersey,3,0,201,232,202,227,210,232,197,216,38.1,0.0,0.0,0,0,578.5,435.1,12.3,3310,279.6,5.7,23.1
cow22,2,Jersey,3,0,207,229,208,224,200,232,201,230,38.5,0.0,0.0,0,0,472.4,347.6,10.7,3227,231.2,4.5,20.4
cow22,3,Jersey,3,0,206,235,200,236,206,233,210,233,38.2,0.0,0.0,0,0,494.4,397.6,11.1,3242,84.4,4.0,19.3
cow22,4,Jersey,3,0,204,238,199,224,196,221,202,226,38.4,0.0,0.0,0,0,482.9,326.7,10.2,3305,156.4,4.3,21.7
cow22,5,Jersey,3,0,208,225,199,229,206,229,192,229,38.5,0.0,0.0,0,0,504.4,387.2,11.6,2778,76.6,5.6,19.4
cow22,6,Jersey,3,0,196,226,197,224,197,226,212,217,38.5,0.0,0.0,0,0,464.9,345.2,12.8,3675,172.4,5.6,17.5
cow23,1,Jersey,3,0,196,227,195,230,202,227,196,238,38.2,0.0,0.0,0,1,320.4,264.3,14.6,1256,1433.1,8.2,13.5
cow23,2,Jersey,3,0,204,220,187,237,190,229,206,232,38.6,0.0,0.0,0,1,286.1,225.0,15.4,1202,7155.6,7.6,16.1
cow23,3,Jersey,3,0,203,230,200,232,197,229,197,229,38.5,0.0,0.0,0,1,236.2,230.4,15.6,1839,1376.2,8.9,11.4
cow23,4,Jersey,3,0,199,258,224,229,190,222,195,226,38.9,0.0,0.0,0,1,254.4,242.8,11.0,1048,1508.2,9.3,11.8
cow23,5,Jersey,3,0,193,266,230,236,197,232,188,235,39.2,1.0,0.0,1,1,307.5,294.7,12.1,1428,1370.0,6.8,8.9
cow23,6,Jersey,3,0,188,280,239,226,208,234,201,228,39.6,1.0,1.0,1,1,328.5,293.3,11.3,1011,2330.0,7.8,12.8
cow24,1,Jersey,3,0,207,232,200,230,194,238,193,235,38.5,0.0,0.0,0,0,599.9,417.2,12.3,4008,60.7,5.4,19.5
cow24,2,Jersey,3,0,194,235,192,230,186,221,195,226,38.4,1.0,0.0,0,0,636.6,431.9,10.7,3923,111.2,4.6,19.4
cow24,3,Jersey,3,0,203,231,192,229,209,244,203,223,38.5,0.0,0.0,0,0,536.6,365.3,10.9,2956,57.0,4.1,20.5
cow24,4,Jersey,3,0,198,236,202,223,194,235,206,230,38.4,0.0,0.0,0,0,480.4,382.8,11.2,3208,137.2,4.6,21.3
cow24,5,Jersey,3,0,192,233,216,222,207,233,193,217,38.4,0.0,0.0,0,0,434.7,314.8,12.0,3002,226.7,4.8,19.9
cow24,6,Jersey,3,0,200,235,205,232,199,227,200,225,38.3,0.0,0.0,0,0,530.7,413.1,9.7,2861,83.8,3.6,18.5
cow25,1,Jersey,2,0,194,235,195,237,190,226,197,231,38.4,0.0,0.0,0,0,487.5,369.9,10.0,3048,367.7,4.6,20.9
cow25,2,Jersey,2,0,193,222,194,235,190,225,205,224,38.4,0.0,0.0,0,0,503.4,376.0,11.5,2984,173.1,4.8,20.3
cow25,3,Jersey,2,0,208,229,197,239,202,222,196,216,38.5,0.0,0.0,0,0,495.5,359.8,12.9,2392,347.9,4.1,19.7
cow25,4,Jersey,2,0,190,231,198,238,210,236,197,229,38.5,0.0,0.0,0,0,514.4,388.5,11.5,3105,76.1,3.9,18.1
cow25,5,Jersey,2,0,194,229,197,222,199,231,201,228,38.4,0.0,0.0,0,0,562.6,405.3,10.6,2983,25.2,4.1,21.8
cow25,6,Jersey,2,0,203,237,210,228,186,228,212,226,38.3,0.0,0.0,0,0,526.3,377.1,8.9,3125,48.8,3.7,19.9
cow26,1,Jersey,2,0,185,238,193,230,190,231,201,231,38.5,0.0,0.0,0,0,513.7,388.7,12.6,2969,52.3,5.2,20.9
cow26,2,Jersey,2,0,197,228,195,227,201,238,192,228,38.4,0.0,0.0,0,0,478.6,352.6,10.6,2856,41.1,3.7,21.2
cow26,3,Jersey,2,0,196,230,199,230,200,224,199,233,38.3,0.0,0.0,1,0,453.0,325.4,10.1,3350,17.4,4.7,21.2
cow26,4,Jersey,2,0,204,223,195,234,192,235,193,224,38.1,0.0,0.0,0,0,500.5,379.1,9.4,3213,161.2,4.2,19.3
cow26,5,Jersey,2,0,201,226,204,230,198,224,205,233,38.3,0.0,0.0,0,0,517.8,377.6,9.8,3558,22.0,3.9,19.5
cow26,6,Jersey,2,0,190,230,201,233,200,232,193,225,38.4,0.0,0.0,0,0,590.7,431.2,10.3,3198,150.9,5.6,19.6
cow27,1,Jersey,1,0,197,228,195,235,208,231,200,225,38.8,0.0,0.0,0,0,525.2,375.0,11.2,2921,359.5,4.4,18.6
cow27,2,Jersey,1,0,197,233,194,224,192,236,203,233,38.5,0.0,0.0,0,0,559.3,381.8,10.0,3247,46.4,4.0,23.1
cow27,3,Jersey,1,0,192,225,202,224,196,221,198,228,38.8,0.0,0.0,0,0,500.0,399.2,11.7,2208,103.8,3.9,19.3
cow27,4,Jersey,1,0,194,227,200,233,204,230,202,235,38.9,0.0,0.0,0,0,472.6,379.4,11.2,3841,60.3,4.8,19.9
cow27,5,Jersey,1,0,206,219,199,224,201,227,191,226,39.0,0.0,0.0,0,0,481.4,372.7,14.2,3110,140.6,5.2,19.0
cow27,6,Jersey,1,0,204,231,201,225,203,236,189,227,38.8,0.0,0.0,0,0,491.0,355.6,9.5,3874,34.8,5.5,21.0
cow28,1,Jersey,1,0,200,229,193,228,195,223,185,226,38.6,0.0,0.0,0,1,380.1,300.7,13.7,952,1794.2,7.9,14.9
cow28,2,Jersey,1,0,204,236,192,231,201,233,197,230,38.5,0.0,0.0,0,1,262.1,260.2,13.7,853,4925.1,7.8,11.8
cow28,3,Jersey,1,0,201,216,195,234,198,235,193,233,39.3,1.0,0.0,0,1,328.5,268.8,12.3,1446,1918.2,8.1,15.4
cow28,4,Jersey,1,0,201,206,196,230,195,228,200,219,39.6,0.0,1.0,0,1,258.9,221.9,13.6,1445,537.0,8.1,15.3
cow28,5,Jersey,1,0,199,199,192,232,193,213,194,230,39.9,1.0,1.0,1,1,332.3,311.1,14.4,1435,5427.2,7.4,10.3
cow28,6,Jersey,1,0,198,188,198,221,194,226,196,227,40.4,1.0,1.0,1,1,310.4,263.4,13.6,1374,702.1,9.2,15.1
cow29,1,Jersey,1,0,198,220,191,225,201,224,186,231,38.4,0.0,0.0,0,0,513.7,408.1,13.2,2749,83.9,4.5,22.4
cow29,2,Jersey,1,0,202,232,185,231,191,230,198,229,38.1,0.0,0.0,0,0,518.4,353.9,8.9,2406,118.8,4.9,20.4
cow29,3,Jersey,1,0,200,240,188,228,190,225,196,241,38.8,0.0,0.0,0,0,493.8,373.6,10.5,3113,86.3,4.8,20.1
cow29,4,Jersey,1,0,195,226,188,241,206,231,196,229,38.5,0.0,0.0,0,0,537.8,428.0,13.3,2487,458.4,4.8,18.1
cow29,5,Jersey,1,0,206,238,188,236,190,217,204,226,38.4,0.0,0.0,0,0,501.8,369.6,12.6,2449,131.9,3.7,20.2
cow29,6,Jersey,1,0,202,230,190,228,206,235,196,227,38.5,0.0,0.0,0,0,471.0,345.8,12.1,2848,69.1,4.5,17.0
cow30,1,Jersey,1,0,200,223,189,236,196,229,201,229,38.8,0.0,0.0,0,0,468.9,328.3,13.0,3172,120.4,6.3,21.3
cow30,2,Jersey,1,0,190,229,197,232,190,227,193,231,38.8,0.0,0.0,0,0,526.9,403.6,9.2,3795,91.8,5.8,18.0
cow30,3,Jersey,1,0,204,233,191,220,196,232,192,229,38.4,0.0,0.0,0,0,583.2,404.0,12.5,3392,81.9,4.6,19.9
cow30,4,Jersey,1,0,191,234,202,229,186,230,189,241,38.8,0.0,0.0,0,0,526.4,382.1,12.8,3573,94.0,4.2,19.2
cow30,5,Jersey,1,0,199,226,206,232,213,226,206,243,38.8,0.0,0.0,0,0,515.3,354.9,10.7,3261,58.9,2.7,22.4
cow30,6,Jersey,1,0,206,229,193,227,203,225,196,225,38.7,0.0,0.0,0,0,531.4,414.9,14.7,3147,92.0,4.1,19.4
cow31,1,Jersey,1,0,205,234,194,229,196,231,188,228,38.9,0.0,0.0,0,0,572.2,432.1,11.7,4002,56.0,4.4,19.5
cow31,2,Jersey,1,0,206,238,203,233,196,224,198,226,39.1,0.0,0.0,0,0,528.8,384.7,8.9,2471,21.4,4.2,21.1
cow31,3,Jersey,1,0,187,232,201,222,191,225,194,230,38.9,0.0,0.0,0,0,503.6,349.4,12.0,2835,174.6,4.3,19.0
cow31,4,Jersey,1,0,213,234,186,237,193,223,197,224,38.7,0.0,0.0,0,0,564.3,434.2,10.6,2866,53.7,5.0,20.3
cow31,5,Jersey,1,0,197,232,197,225,202,232,198,234,38.9,0.0,0.0,0,0,537.2,383.7,12.9,3357,87.6,3.7,18.7
cow31,6,Jersey,1,0,199,225,215,230,195,225,188,219,38.9,0.0,0.0,0,0,581.4,397.0,12.2,2608,47.0,4.7,18.9
cow32,1,Jersey,2,0,197,228,197,232,195,231,197,234,38.1,0.0,0.0,0,1,302.3,227.7,12.8,1605,1107.7,7.9,12.6
cow32,2,Jersey,2,0,200,236,192,229,200,224,208,227,38.1,1.0,0.0,0,1,246.0,214.0,15.3,1532,863.7,7.3,13.7
cow32,3,Jersey,2,0,195,220,188,235,196,228,203,224,38.1,0.0,0.0,0,1,240.3,196.0,14.6,1625,4284.5,9.3,8.6
cow32,4,Jersey,2,0,196,225,261,239,203,229,195,234,38.6,0.0,0.0,1,1,361.0,283.4,12.5,1618,5204.8,8.6,13.2
cow32,5,Jersey,2,0,193,231,286,228,189,231,198,228,39.2,1.0,1.0,1,1,363.9,309.8,13.3,1915,2037.4,7.4,9.9
cow32,6,Jersey,2,0,196,218,308,227,190,222,187,231,39.6,1.0,1.0,1,1,287.8,243.9,14.1,1280,1294.7,8.4,10.2
cow33,1,Jersey,1,0,190,232,200,232,206,237,198,226,38.3,0.0,0.0,0,0,504.7,377.2,11.1,3212,24.7,3.4,19.6
cow33,2,Jersey,1,0,191,220,208,232,202,228,212,222,38.3,0.0,0.0,0,0,578.5,402.1,11.1,2705,137.6,4.0,19.4
cow33,3,Jersey,1,0,190,228,194,232,196,233,203,220,38.9,0.0,0.0,0,0,475.7,354.6,11.5,2614,49.8,5.6,20.4
cow33,4,Jersey,1,0,204,230,201,239,196,234,197,217,38.6,0.0,0.0,0,0,484.2,393.1,10.2,3706,36.7,4.8,19.3
cow33,5,Jersey,1,0,195,217,204,225,206,227,193,223,38.9,0.0,0.0,0,0,545.7,389.2,8.8,2675,81.1,4.7,20.9
cow33,6,Jersey,1,0,208,231,196,234,196,221,194,231,38.5,0.0,0.0,0,0,504.2,377.4,11.8,3257,63.1,5.3,18.3
cow34,1,Jersey,1,0,201,235,194,231,199,238,196,224,38.2,0.0,0.0,0,0,519.8,351.7,9.1,3212,27.8,5.0,20.4
cow34,2,Jersey,1,0,199,238,196,231,190,224,194,228,38.4,0.0,0.0,0,0,513.5,403.4,10.3,3470,30.6,4.3,20.9
cow34,3,Jersey,1,0,193,242,194,230,197,224,196,228,38.4,0.0,0.0,0,0,533.5,379.5,9.4,2337,100.2,5.2,22.7
cow34,4,Jersey,1,0,201,234,201,231,194,230,192,228,38.4,0.0,0.0,0,0,576.3,432.7,9.5,3356,50.5,3.1,20.6
cow34,5,Jersey,1,0,190,214,195,236,198,236,193,226,38.3,0.0,0.0,0,0,523.6,380.0,12.0,2977,113.0,4.0,21.3
cow34,6,Jersey,1,0,201,232,200,233,193,227,183,238,38.2,0.0,0.0,0,0,545.8,406.5,11.2,2760,87.9,4.4,22.1
cow35,1,Jersey,1,0,194,235,193,234,200,229,196,223,38.5,0.0,0.0,0,0,438.0,342.9,11.2,2900,163.8,4.9,20.0
cow35,2,Jersey,1,0,194,230,200,250,195,218,209,218,38.4,0.0,0.0,0,0,518.1,370.7,9.9,3415,44.7,4.2,19.2
cow35,3,Jersey,1,0,194,237,200,222,190,231,191,232,38.2,0.0,0.0,0,0,486.3,379.4,10.7,3292,93.3,3.1,20.1
cow35,4,Jersey,1,0,195,231,193,230,212,232,195,242,38.3,0.0,0.0,0,0,471.2,337.1,12.0,2949,123.4,3.0,20.7
cow35,5,Jersey,1,0,193,219,200,218,210,228,203,227,38.2,0.0,0.0,0,0,484.9,372.9,11.4,2544,51.5,4.4,21.8
cow35,6,Jersey,1,0,206,232,195,233,191,232,209,234,38.4,0.0,0.0,0,0,506.6,365.0,12.5,2573,173.0,4.1,21.0
cow36,1,Jersey,1,0,198,223,199,231,194,228,200,224,38.8,0.0,0.0,0,1,331.6,283.3,14.7,1601,521.0,7.3,17.0
cow36,2,Jersey,1,0,253,226,194,225,205,222,200,231,39.2,0.0,1.0,0,1,241.9,214.9,13.2,789,1019.7,7.1,10.4
cow36,3,Jersey,1,0,268,234,195,225,197,227,192,229,39.1,1.0,0.0,0,1,296.2,256.6,11.3,1253,505.5,8.1,12.0
cow36,4,Jersey,1,0,280,225,198,231,200,231,198,229,39.7,1.0,1.0,1,1,275.6,224.0,12.6,2372,1102.7,9.0,12.1
cow36,5,Jersey,1,0,293,220,192,236,201,240,207,232,39.8,1.0,1.0,1,1,281.9,251.6,13.4,1484,1761.6,8.1,13.8
cow36,6,Jersey,1,0,298,229,194,224,200,228,198,223,39.9,1.0,1.0,1,1,335.1,279.9,12.6,1597,3899.6,9.1,12.0
cow37,1,Jersey,1,0,200,226,204,229,202,226,208,216,38.7,0.0,0.0,0,0,541.5,383.2,10.2,2576,71.4,4.2,22.0
cow37,2,Jersey,1,0,200,225,195,233,207,237,192,230,38.2,0.0,0.0,0,0,573.5,411.1,11.6,2509,52.6,4.9,20.4
cow37,3,Jersey,1,0,195,238,205,231,187,229,193,224,38.2,0.0,0.0,0,0,513.8,378.7,14.4,3318,27.2,5.6,17.0
cow37,4,Jersey,1,0,202,225,202,221,189,219,200,234,38.6,0.0,0.0,0,0,492.2,352.2,10.9,2887,34.3,4.4,19.7
cow37,5,Jersey,1,0,185,223,191,230,198,228,200,244,38.3,0.0,0.0,0,0,511.0,372.3,11.5,3469,98.4,4.5,20.6
cow37,6,Jersey,1,0,197,225,201,228,193,225,203,232,38.4,0.0,0.0,0,0,529.7,367.7,9.9,3057,146.0,4.2,20.7
cow38,1,Jersey,1,0,200,230,208,232,208,225,199,226,38.6,0.0,0.0,0,0,527.1,426.5,13.0,4423,59.5,5.0,17.5
cow38,2,Jersey,1,0,190,225,202,224,196,237,198,234,38.4,0.0,0.0,0,0,476.6,373.0,12.5,2811,183.4,5.2,19.3
cow38,3,Jersey,1,0,197,235,196,226,203,240,197,223,38.4,0.0,0.0,0,0,523.6,387.1,12.5,3156,41.2,4.8,18.1
cow38,4,Jersey,1,0,187,233,182,231,204,225,208,231,38.7,0.0,0.0,0,0,529.1,406.6,13.1,2682,60.7,4.3,21.5
cow38,5,Jersey,1,0,200,232,179,234,197,231,204,223,38.7,0.0,0.0,0,0,620.7,404.8,11.0,3453,64.3,3.3,17.5
cow38,6,Jersey,1,0,199,227,201,219,203,231,202,227,38.5,0.0,0.0,0,0,595.1,379.0,11.1,3216,228.5,4.5,20.8
cow39,1,Jersey,1,0,201,230,205,227,210,225,207,223,38.7,0.0,0.0,0,0,485.9,352.3,13.6,2656,87.1,4.3,19.8
cow39,2,Jersey,1,0,203,232,202,224,188,222,190,223,38.6,0.0,0.0,0,0,508.5,348.3,12.3,2913,22.9,4.7,17.7
cow39,3,Jersey,1,0,198,224,193,228,204,227,197,229,38.6,0.0,0.0,0,0,461.5,340.6,8.8,3589,153.3,4.6,21.4
cow39,4,Jersey,1,0,194,235,202,225,195,230,205,234,38.6,0.0,0.0,0,0,496.4,369.5,12.0,3541,284.3,5.8,22.1
cow39,5,Jersey,1,0,194,225,189,226,199,225,200,228,38.7,0.0,0.0,0,0,532.6,404.1,10.8,2474,66.8,3.9,21.8
cow39,6,Jersey,1,0,199,233,196,233,194,224,207,227,38.6,0.0,0.0,0,0,568.2,388.5,12.6,2854,42.7,3.2,20.3
cow40,1,Jersey,2,0,199,227,200,229,211,227,193,234,38.3,0.0,0.0,0,0,490.8,369.7,12.0,3769,144.3,3.6,19.2
cow40,2,Jersey,2,0,197,234,191,235,201,240,198,223,38.3,0.0,0.0,0,0,493.8,364.6,9.4,2973,308.5,4.0,19.8
cow40,3,Jersey,2,0,205,223,189,231,196,228,192,228,38.4,0.0,0.0,0,0,434.1,334.7,11.8,3113,142.8,5.4,20.8
cow40,4,Jersey,2,0,198,221,210,219,202,236,200,226,38.2,0.0,0.0,0,0,513.5,366.7,11.8,3451,25.9,3.5,19.9
cow40,5,Jersey,2,0,204,221,194,229,195,229,183,228,38.4,0.0,0.0,0,0,477.5,379.4,11.9,2507,133.8,3.6,19.4
cow40,6,Jersey,2,0,194,225,196,218,186,224,193,223,38.2,0.0,0.0,0,0,498.8,365.4,12.2,2664,105.0,4.8,21.1
cow41,1,Jersey,2,0,197,235,193,228,210,228,189,226,38.1,0.0,0.0,0,0,484.9,390.9,13.3,2911,41.1,5.2,19.7
cow41,2,Jersey,2,0,192,224,211,223,190,223,203,232,38.4,0.0,0.0,0,0,516.2,363.5,12.0,3522,193.5,3.3,21.7
cow41,3,Jersey,2,0,200,231,197,233,191,224,201,231,38.2,0.0,0.0,0,0,449.7,351.2,11.5,3448,107.5,3.1,21.5
cow41,4,Jersey,2,0,210,234,195,225,200,237,187,230,38.3,0.0,0.0,0,0,461.3,343.7,12.9,3328,197.0,3.9,20.5
cow41,5,Jersey,2,0,189,236,207,234,208,227,199,233,38.3,0.0,0.0,0,0,605.2,425.2,14.2,2984,38.2,5.0,17.9
cow41,6,Jersey,2,0,197,238,198,237,197,236,198,232,38.3,0.0,0.0,0,0,468.5,360.5,12.6,3492,104.6,4.6,20.6
cow42,1,Jersey,2,0,198,223,200,221,181,226,201,225,38.5,0.0,0.0,0,0,476.1,348.3,11.7,2979,42.8,3.9,20.7
cow42,2,Jersey,2,0,200,231,203,229,194,236,202,223,38.8,0.0,0.0,0,0,593.5,376.2,12.0,3271,94.3,5.1,21.7
cow42,3,Jersey,2,0,188,232,200,222,208,227,194,234,38.6,0.0,0.0,0,0,636.2,394.6,11.8,3405,220.4,4.6,21.2
cow42,4,Jersey,2,0,182,228,186,235,197,221,193,222,38.4,0.0,0.0,0,0,473.1,374.8,11.5,3719,29.7,4.4,20.7
cow42,5,Jersey,2,0,206,223,204,231,193,229,195,229,38.3,0.0,0.0,0,0,505.3,393.3,14.1,3017,30.9,3.2,19.5
cow42,6,Jersey,2,0,200,235,205,229,196,230,198,225,38.5,0.0,0.0,0,0,533.7,422.2,10.6,2895,153.7,3.9,21.5
cow43,1,Jersey,4,0,192,221,200,222,201,236,192,224,38.6,0.0,0.0,0,0,589.1,421.2,12.9,3558,78.7,6.1,19.6
cow43,2,Jersey,4,0,203,228,197,230,208,234,193,230,38.5,0.0,0.0,0,0,480.5,333.0,11.3,3589,178.4,4.2,20.7
cow43,3,Jersey,4,0,201,231,192,230,194,232,194,228,38.4,0.0,0.0,0,0,510.2,366.6,9.7,2823,45.5,3.7,19.3
cow43,4,Jersey,4,0,207,229,207,230,202,225,194,228,38.2,0.0,0.0,0,0,551.1,398.9,11.3,2598,82.3,4.2,22.0
cow43,5,Jersey,4,0,186,235,202,227,210,242,187,225,38.3,0.0,0.0,0,0,537.4,372.3,10.8,3528,127.8,4.6,19.5
cow43,6,Jersey,4,0,199,229,191,233,201,235,190,227,38.5,0.0,0.0,0,0,505.0,400.6,12.2,2383,91.8,5.2,19.6
cow44,1,Jersey,5,0,189,227,200,226,201,225,203,234,38.0,0.0,0.0,0,0,514.6,417.1,11.6,2363,23.1,5.0,19.4
cow44,2,Jersey,5,0,198,231,203,226,194,224,193,234,38.4,0.0,0.0,0,0,465.0,355.6,10.3,2933,558.2,4.0,20.0
cow44,3,Jersey,5,0,217,231,197,240,202,232,189,232,38.4,0.0,0.0,0,0,510.5,374.1,13.3,3041,92.0,5.5,18.5
cow44,4,Jersey,5,0,189,234,203,226,194,230,195,220,38.1,0.0,0.0,0,0,509.3,350.3,12.8,2576,31.5,5.2,21.2
cow44,5,Jersey,5,0,192,235,201,232,198,225,201,224,38.3,0.0,0.0,0,0,529.3,413.4,13.4,3089,98.7,4.1,18.3
cow44,6,Jersey,5,0,198,237,192,233,197,234,186,233,38.5,0.0,0.0,0,0,497.8,368.0,11.8,3107,106.8,4.4,20.6
cow45,1,Jersey,5,0,193,233,200,240,191,235,204,230,38.7,0.0,0.0,0,0,538.9,386.1,11.5,2808,157.8,5.0,18.4
cow45,2,Jersey,4,0,206,229,199,225,203,229,197,230,38.4,0.0,0.0,0,0,560.5,413.0,12.3,3813,150.7,5.4,17.8
cow45,3,Jersey,4,0,209,240,200,226,203,227,203,225,38.8,0.0,0.0,0,0,526.2,373.2,10.8,3172,68.5,3.3,20.4
cow45,4,Jersey,4,0,196,228,189,225,201,236,205,233,38.7,0.0,0.0,0,0,534.1,391.1,11.7,3451,24.2,4.6,18.5
cow45,5,Jersey,4,0,198,232,205,235,188,235,190,222,38.7,0.0,0.0,0,0,522.1,355.3,11.3,2418,109.2,4.5,19.8
cow45,6,Jersey,4,0,198,243,200,236,194,229,200,221,38.4,0.0,0.0,0,0,520.0,399.6,9.7,2414,25.5,4.0,20.5
cow46,1,Jersey,1,0,205,228,208,225,187,233,201,222,38.1,0.0,0.0,0,0,491.1,360.8,11.7,3184,183.9,4.0,19.8
cow46,2,Jersey,1,0,200,227,201,231,192,235,201,229,38.5,0.0,0.0,0,0,532.7,408.5,11.0,3742,47.9,5.3,19.3
cow46,3,Jersey,1,0,192,228,196,234,194,234,194,222,38.6,0.0,0.0,0,0,516.1,374.0,11.2,2596,123.2,4.9,20.7
cow46,4,Jersey,1,0,199,232,188,227,198,234,202,224,38.3,0.0,0.0,0,0,603.7,427.8,11.9,3057,50.5,6.2,19.6
cow46,5,Jersey,1,0,196,225,197,232,192,233,198,232,38.4,0.0,0.0,0,0,582.9,395.9,13.0,2506,56.5,4.0,20.7
cow46,6,Jersey,1,0,200,234,201,229,199,226,207,231,38.6,0.0,0.0,0,0,535.4,402.9,10.5,2713,45.7,4.6,19.4
cow47,1,Jersey,1,0,204,232,193,232,207,226,194,228,38.5,0.0,0.0,0,1,264.5,220.9,13.1,1377,3553.3,8.2,13.0
cow47,2,Jersey,1,0,200,228,199,240,201,229,196,230,38.9,0.0,0.0,0,1,250.5,219.5,12.6,1103,1209.3,8.7,12.3
cow47,3,Jersey,1,0,202,229,198,245,202,226,200,233,38.7,0.0,0.0,0,1,342.6,283.6,12.5,778,3706.7,9.1,8.5
cow47,4,Jersey,1,0,198,232,200,227,202,236,188,219,38.4,0.0,0.0,0,1,305.5,263.5,12.8,769,1235.0,8.1,13.3
cow47,5,Jersey,1,0,197,309,198,268,199,231,197,228,39.5,0.0,0.0,0,1,314.2,235.8,13.3,546,1655.8,7.1,11.2
cow47,6,Jersey,1,0,196,361,200,279,194,227,191,238,39.9,1.0,1.0,0,1,225.2,209.0,14.2,1491,2053.3,7.4,15.7
cow48,1,Jersey,1,0,206,242,195,219,205,229,199,231,38.8,0.0,0.0,0,0,557.1,416.6,11.9,3239,88.3,4.6,19.7
cow48,2,Jersey,1,0,213,228,195,233,202,248,199,226,38.4,0.0,0.0,0,0,538.2,384.1,10.2,3237,42.0,5.4,19.4
cow48,3,Jersey,1,0,198,218,202,237,204,233,203,220,38.9,0.0,0.0,0,0,475.6,349.3,13.1,2636,129.2,3.3,20.0
cow48,4,Jersey,1,0,205,231,197,209,201,241,198,239,38.9,0.0,0.0,0,0,501.1,371.6,12.6,3402,65.9,3.6,22.0
cow48,5,Jersey,1,0,204,231,199,226,188,226,208,223,39.0,0.0,0.0,0,0,530.5,384.1,10.4,3283,115.7,5.1,17.0
cow48,6,Jersey,1,0,204,232,199,232,189,236,195,228,38.9,0.0,0.0,0,0,522.1,362.7,13.0,3003,78.5,3.5,18.9
cow49,1,Jersey,1,0,202,231,200,227,199,218,203,226,38.7,0.0,0.0,0,0,508.3,372.3,11.9,2937,119.1,3.6,19.1
cow49,2,Jersey,1,0,197,235,198,226,198,238,203,232,38.6,0.0,0.0,0,0,515.9,395.4,11.3,2740,59.8,5.4,20.8
cow49,3,Jersey,1,0,193,234,205,237,191,226,196,232,38.7,0.0,0.0,0,0,509.9,355.0,11.9,3077,46.0,4.3,21.4
cow49,4,Jersey,1,0,190,226,205,237,197,234,200,234,38.6,0.0,0.0,0,0,526.1,376.9,11.5,3647,106.7,4.3,21.4
cow49,5,Jersey,1,0,198,233,200,230,197,240,198,233,38.9,0.0,0.0,0,0,578.9,390.4,12.2,3455,56.5,5.6,20.3
cow49,6,Jersey,1,0,201,230,200,228,214,222,197,232,38.7,0.0,0.0,0,0,417.3,335.3,11.7,2898,217.6,3.6,18.4
cow50,1,Jersey,2,0,191,234,201,221,181,218,192,248,38.4,0.0,0.0,0,0,510.5,372.7,11.1,3215,83.2,3.5,22.1
cow50,2,Jersey,2,0,196,224,189,227,207,241,193,230,38.4,0.0,0.0,0,0,527.1,368.9,9.1,2559,30.8,5.8,20.8
cow50,3,Jersey,2,0,205,227,194,225,196,214,196,230,38.4,0.0,0.0,0,0,531.8,388.8,12.1,3292,53.0,4.7,20.0
cow50,4,Jersey,2,0,192,231,199,231,203,211,191,228,38.5,0.0,0.0,0,0,505.1,349.4,11.1,2668,39.8,5.0,21.4
cow50,5,Jersey,2,0,192,235,204,229,197,221,198,234,38.6,0.0,0.0,0,0,449.7,319.2,12.4,3276,166.7,4.3,20.3
cow50,6,Jersey,2,0,196,227,193,243,190,234,203,234,38.7,0.0,0.0,0,0,533.1,361.6,12.1,4188,135.5,4.4,21.0
cow51,1,Jersey,2,0,202,223,204,225,201,231,202,223,38.6,0.0,0.0,0,0,589.1,402.3,11.1,2772,76.2,3.9,19.3
cow51,2,Jersey,2,0,182,224,189,217,191,221,202,225,38.3,0.0,0.0,0,0,458.6,367.6,12.7,4169,97.1,4.8,22.9
cow51,3,Jersey,2,0,204,224,197,225,208,230,212,224,38.2,0.0,0.0,0,0,554.6,387.5,11.7,3196,74.8,5.2,20.6
cow51,4,Jersey,2,0,206,222,195,236,196,221,200,228,38.2,0.0,0.0,0,0,506.9,380.5,11.7,2700,143.9,4.7,19.0
cow51,5,Jersey,2,0,198,217,206,232,197,227,193,237,38.0,0.0,0.0,0,0,517.5,363.5,11.3,2682,113.7,5.3,23.5
cow51,6,Jersey,2,0,196,242,196,236,194,226,201,213,38.1,0.0,0.0,0,0,477.9,368.4,13.5,3946,128.8,5.0,21.5
cow52,1,Jersey,2,0,208,225,182,230,186,235,199,239,38.1,0.0,0.0,0,0,506.6,353.5,10.6,3197,69.6,3.7,20.0
cow52,2,Jersey,2,0,195,234,193,239,199,229,206,235,37.9,0.0,0.0,0,0,572.0,411.9,11.1,2774,51.3,4.4,17.7
cow52,3,Jersey,2,0,204,234,198,235,207,229,198,229,38.0,0.0,0.0,0,0,543.3,394.9,10.0,2919,125.8,4.1,21.5
cow52,4,Jersey,2,0,197,228,197,224,204,226,207,224,38.1,0.0,0.0,0,0,589.3,463.5,12.4,3172,232.0,5.1,22.0
cow52,5,Jersey,2,0,204,231,191,223,194,227,198,231,38.1,0.0,0.0,0,0,567.1,419.6,10.8,2997,170.5,4.9,20.8
cow52,6,Jersey,2,0,201,228,202,236,201,233,199,236,,,,0,0,537.6,379.9,10.9,3138,236.9,4.6,19.5
cow53,1,Jersey,2,0,204,239,196,236,187,237,201,229,38.2,0.0,0.0,0,1,364.8,309.2,12.9,2009,2273.6,8.8,15.0
cow53,2,Jersey,2,0,192,221,198,231,197,235,206,227,38.4,0.0,0.0,0,1,312.6,304.0,13.6,849,913.1,6.5,15.9
cow53,3,Jersey,2,0,205,228,201,224,200,233,200,241,38.4,0.0,0.0,0,1,328.1,245.5,12.0,1558,980.8,7.5,10.5
cow53,4,Jersey,2,0,205,236,196,227,208,224,201,226,38.5,0.0,0.0,0,1,283.1,232.7,10.8,1271,6065.3,7.6,12.1
cow53,5,Jersey,2,0,197,199,271,223,210,220,200,220,38.9,1.0,0.0,1,1,297.7,252.3,14.0,1100,445.0,8.2,12.9
cow53,6,Jersey,2,0,192,179,309,230,197,227,191,239,39.8,0.0,0.0,0,1,267.1,230.8,11.0,1729,6709.1,8.4,10.9
cow54,1,Jersey,2,0,197,229,202,231,207,223,196,230,38.0,0.0,0.0,0,0,559.6,397.8,12.5,2415,46.1,4.5,21.1
cow54,2,Jersey,2,0,204,238,199,229,208,229,206,231,38.2,0.0,0.0,1,0,472.9,328.2,13.4,2053,299.9,3.4,20.5
cow54,3,Jersey,2,0,199,235,204,234,190,230,206,230,38.1,0.0,0.0,0,0,551.3,424.0,11.3,3090,75.7,4.8,21.4
cow54,4,Jersey,2,0,185,228,194,240,194,229,193,226,38.0,0.0,0.0,0,0,512.4,349.8,13.1,2945,130.8,4.6,20.6
cow54,5,Jersey,2,0,203,243,206,234,203,230,200,225,37.9,0.0,0.0,0,0,566.8,404.5,11.5,2459,412.6,3.3,20.4
cow54,6,Jersey,2,0,192,231,202,233,204,232,183,227,38.0,0.0,0.0,0,0,550.0,416.8,13.4,2316,63.2,4.3,20.8
cow55,1,Jersey,3,0,196,220,202,227,197,212,197,227,38.6,0.0,0.0,0,0,592.8,423.2,11.0,3772,62.5,4.8,19.3
cow55,2,Jersey,3,0,195,229,200,237,205,227,193,238,38.9,0.0,0.0,0,0,549.2,379.9,8.7,3185,49.2,5.8,19.9
cow55,3,Jersey,3,0,188,217,199,229,203,225,200,234,38.9,0.0,0.0,0,0,457.1,318.0,11.4,3008,39.8,3.6,20.3
cow55,4,Jersey,3,0,192,234,202,234,197,233,182,228,38.7,0.0,0.0,0,0,517.3,374.3,13.5,3878,63.2,5.1,19.2
cow55,5,Jersey,3,0,204,228,206,225,201,226,199,226,38.8,0.0,0.0,0,0,473.1,338.2,12.1,3409,54.1,3.6,21.0
cow55,6,Jersey,3,0,202,233,194,226,193,224,202,224,38.7,0.0,0.0,0,0,499.3,371.3,10.9,3708,33.5,3.5,20.6
cow56,1,Jersey,2,0,187,244,197,228,203,224,201,219,38.4,0.0,0.0,0,0,580.4,391.0,11.9,2528,68.7,3.5,18.4
cow56,2,Jersey,2,0,201,233,189,228,203,238,196,221,38.8,0.0,0.0,0,0,545.5,409.9,12.7,2513,108.4,5.0,17.7
cow56,3,Jersey,2,0,196,224,190,224,195,234,205,230,38.4,0.0,0.0,0,0,492.0,365.3,11.4,3247,42.8,4.6,19.9
cow56,4,Jersey,2,0,186,238,194,232,204,240,203,227,38.4,0.0,0.0,0,0,479.5,359.1,14.7,3166,71.0,4.2,20.9
cow56,5,Jersey,2,0,194,221,193,233,196,229,202,224,38.7,0.0,0.0,0,0,521.3,406.7,10.9,3500,209.9,4.9,18.4
cow56,6,Jersey,2,0,208,234,196,228,209,240,201,229,38.4,0.0,0.0,0,0,471.3,342.9,12.7,2348,29.8,4.5,19.8
cow57,1,Jersey,2,0,207,229,207,223,194,226,195,224,38.3,0.0,0.0,0,0,493.2,350.8,12.4,3281,301.6,4.6,18.8
cow57,2,Jersey,2,0,188,226,197,234,204,234,200,229,38.3,0.0,0.0,0,0,532.5,377.6,10.7,3396,49.9,4.3,20.7
cow57,3,Jersey,2,0,198,228,212,231,186,227,196,234,38.3,0.0,0.0,1,0,566.2,404.3,11.0,3374,91.3,3.7,19.8
cow57,4,Jersey,2,0,206,240,202,228,196,211,205,229,38.4,0.0,0.0,1,0,544.4,393.0,12.7,2837,192.2,5.9,19.5
cow57,5,Jersey,2,0,211,229,207,228,194,221,197,228,38.2,0.0,0.0,0,0,428.3,310.1,11.7,3207,237.3,5.6,20.6
cow57,6,Jersey,2,0,198,219,202,228,197,229,191,220,38.2,0.0,0.0,0,0,532.2,350.9,11.9,2690,109.9,5.8,22.5
cow58,1,Jersey,2,0,189,237,201,234,198,243,194,242,38.3,0.0,0.0,0,0,522.9,371.6,9.5,2883,49.2,4.1,20.7
cow58,2,Jersey,2,0,190,221,204,224,196,231,202,230,38.5,0.0,0.0,0,0,536.6,396.4,12.3,2583,46.3,4.0,19.6
cow58,3,Jersey,2,0,197,217,200,237,202,234,209,233,38.4,0.0,0.0,0,0,584.6,421.2,11.8,2697,53.4,4.2,20.5
cow58,4,Jersey,2,0,197,240,200,232,190,236,206,227,38.6,0.0,0.0,0,0,437.5,352.1,11.4,2904,292.9,5.4,19.8
cow58,5,Jersey,2,0,188,226,190,232,202,222,199,229,38.6,0.0,0.0,0,0,496.4,401.0,11.9,2804,61.0,4.5,19.2
cow58,6,Jersey,2,0,200,224,196,234,188,228,194,226,38.4,0.0,0.0,0,0,543.6,407.8,11.0,2696,99.3,4.1,20.5
cow59,1,Jersey,1,0,198,226,198,237,196,228,198,226,38.5,0.0,0.0,0,0,456.7,366.9,10.8,2480,38.6,4.8,17.1
cow59,2,Jersey,1,0,198,216,195,233,199,232,201,234,38.8,0.0,0.0,0,0,579.0,429.2,11.2,3784,35.7,3.9,21.3
cow59,3,Jersey,1,0,204,233,207,235,197,231,195,236,38.8,0.0,0.0,0,0,534.7,419.6,10.9,2800,80.9,3.4,19.3
cow59,4,Jersey,1,0,205,228,203,226,203,223,202,231,38.5,0.0,0.0,0,0,553.9,433.6,14.1,3132,63.5,4.6,20.7
cow59,5,Jersey,1,0,205,233,197,232,201,223,204,220,38.6,0.0,0.0,0,0,497.2,383.4,12.6,2296,66.8,4.1,21.0
cow59,6,Jersey,1,0,201,219,197,227,193,229,196,227,38.5,0.0,0.0,0,0,552.6,412.2,10.3,3543,28.6,4.5,21.2
cow60,1,Jersey,1,0,203,235,195,233,200,233,198,234,39.2,0.0,0.0,0,0,562.7,401.9,13.9,3067,75.5,2.5,18.1
cow60,2,Jersey,1,0,199,231,202,231,208,229,195,237,39.0,0.0,0.0,0,0,529.3,384.8,11.0,2822,231.6,3.8,20.9
cow60,3,Jersey,1,0,200,231,201,234,194,223,192,236,39.2,0.0,0.0,0,0,529.4,379.5,11.5,2826,44.1,4.5,19.1
cow60,4,Jersey,1,0,202,230,193,234,198,223,195,220,39.3,0.0,0.0,0,0,530.8,397.7,12.6,3348,147.6,3.3,18.3
cow60,5,Jersey,1,0,197,228,198,233,203,236,193,236,39.0,0.0,0.0,0,0,485.5,346.3,9.1,1819,7.3,3.3,22.1
cow60,6,Jersey,1,0,192,215,201,232,195,227,197,227,39.1,0.0,0.0,0,0,514.1,373.0,11.2,2670,45.6,4.5,18.6
cow61,1,Jersey,1,0,204,233,194,241,201,221,191,242,38.3,0.0,0.0,0,0,513.9,333.9,10.8,2952,21.2,5.1,20.0
cow61,2,Jersey,1,0,205,220,195,226,208,228,192,227,38.1,0.0,0.0,0,0,535.3,420.2,11.7,2948,186.6,3.8,22.3
cow61,3,Jersey,1,0,194,228,195,219,196,239,198,229,38.2,0.0,0.0,0,0,560.0,400.0,11.9,4002,145.8,4.3,20.6
cow61,4,Jersey,1,0,191,234,206,227,205,244,209,237,38.3,0.0,0.0,0,0,477.7,362.8,11.4,2865,38.9,4.3,20.1
cow61,5,Jersey,1,0,202,230,187,228,201,229,198,223,38.1,0.0,0.0,0,0,515.0,403.2,11.4,3396,97.0,3.3,19.9
cow61,6,Jersey,1,0,195,237,198,233,202,233,192,224,38.4,0.0,0.0,0,0,579.3,421.0,12.8,3725,182.2,5.4,19.0
cow62,1,Jersey,1,0,198,236,202,221,190,225,189,232,38.4,0.0,0.0,0,0,490.3,388.2,11.9,3268,202.8,4.4,20.9
cow62,2,Jersey,1,0,189,246,186,213,203,227,187,227,38.5,0.0,0.0,0,0,487.1,337.9,11.5,2730,60.0,4.4,20.8
cow62,3,Jersey,1,0,201,230,201,229,193,238,192,235,,,,0,0,528.1,428.0,11.7,2486,17.3,4.8,18.9
cow62,4,Jersey,1,0,201,229,199,237,184,234,195,238,38.3,0.0,0.0,0,0,553.8,419.8,13.7,3298,42.7,3.3,21.1
cow62,5,Jersey,1,0,204,230,195,231,199,226,205,223,38.5,0.0,0.0,0,0,520.5,384.0,11.7,3658,134.8,5.2,19.8
cow62,6,Jersey,1,0,198,227,201,228,190,222,191,227,38.6,0.0,0.0,0,0,573.2,437.5,10.9,3218,338.6,5.3,17.8
cow63,1,Jersey,1,0,193,224,193,222,199,229,196,220,38.6,0.0,0.0,0,1,329.3,254.5,11.2,1793,1909.8,8.1,16.6
cow63,2,Jersey,1,0,207,232,208,226,207,232,199,228,38.8,0.0,0.0,0,1,328.7,270.0,11.8,2337,1223.5,8.4,7.9
cow63,3,Jersey,1,0,224,228,201,234,202,230,207,231,38.8,1.0,0.0,0,1,317.2,294.3,12.9,1635,9999.0,7.7,9.8
cow63,4,Jersey,1,0,220,231,201,234,200,228,197,229,39.3,0.0,0.0,1,1,388.1,277.3,13.4,860,2767.0,8.7,13.9
cow63,5,Jersey,1,0,230,223,210,237,195,222,191,234,39.6,1.0,1.0,1,1,286.8,260.2,12.8,1320,741.8,7.3,11.6
cow63,6,Jersey,1,0,232,222,198,227,195,225,202,237,40.1,1.0,1.0,1,1,214.9,216.5,13.9,1848,1812.9,8.0,15.8
cow64,1,Jersey,1,0,200,228,204,227,203,240,195,227,38.4,0.0,0.0,0,0,584.2,453.9,10.8,2900,158.5,4.5,20.0
cow64,2,Jersey,1,0,184,228,180,230,201,223,198,224,38.6,0.0,0.0,0,0,501.7,340.5,10.4,3602,75.7,4.5,20.4
cow64,3,Jersey,1,0,197,235,199,236,198,228,195,227,38.5,0.0,0.0,0,0,524.3,411.6,12.2,2973,137.5,5.4,17.4
cow64,4,Jersey,1,0,199,231,199,223,203,226,194,226,38.5,0.0,0.0,0,0,572.4,401.4,13.1,3134,26.2,6.3,18.4
cow64,5,Jersey,1,0,208,226,194,239,193,237,197,221,38.6,0.0,0.0,0,0,455.9,333.5,10.2,2860,29.5,4.4,23.1
cow64,6,Jersey,1,0,196,233,196,224,207,236,197,225,38.5,0.0,0.0,0,0,469.9,328.0,11.8,3064,47.8,4.9,21.6
cow65,1,Jersey,1,0,201,222,199,230,196,231,186,223,38.0,0.0,0.0,0,0,455.9,322.0,9.2,3085,65.4,3.9,21.8
cow65,2,Jersey,1,0,189,229,194,236,191,223,200,228,38.0,0.0,0.0,0,0,488.2,368.2,9.7,2357,100.0,5.3,23.7
cow65,3,Jersey,1,0,201,227,188,227,190,224,192,235,38.3,0.0,0.0,0,0,537.6,370.5,10.8,2823,123.3,4.1,19.7
cow65,4,Jersey,1,0,200,231,192,234,181,223,206,235,38.1,0.0,0.0,0,0,541.0,405.9,12.9,2507,436.3,7.0,20.2
cow65,5,Jersey,1,0,197,227,210,233,191,237,196,214,38.0,0.0,0.0,0,0,531.1,374.7,10.6,2837,47.7,3.2,18.1
cow65,6,Jersey,1,0,200,233,205,220,193,229,204,223,38.2,0.0,0.0,0,0,463.5,324.3,10.5,2682,63.9,6.2,19.8
cow66,1,Jersey,2,0,203,236,198,230,195,224,194,229,38.5,0.0,0.0,0,0,427.6,315.1,11.5,3405,48.6,5.3,20.1
cow66,2,Jersey,2,0,189,229,195,240,190,228,194,235,38.4,0.0,0.0,0,0,522.2,387.4,11.5,3409,167.4,3.6,18.8
cow66,3,Jersey,2,0,191,233,197,223,194,233,197,224,38.6,0.0,0.0,0,0,501.1,363.7,10.6,3224,173.9,6.4,21.9
cow66,4,Jersey,2,0,186,226,203,236,194,233,197,233,38.5,0.0,0.0,0,0,538.4,391.6,13.9,2493,58.3,3.8,20.6
cow66,5,Jersey,2,0,195,221,198,227,197,233,184,241,38.6,0.0,0.0,0,0,548.1,409.4,11.2,2961,330.9,4.2,20.2
cow66,6,Jersey,2,0,193,230,196,239,208,234,191,229,38.5,0.0,0.0,0,0,525.5,402.8,11.6,2461,48.7,3.5,18.9
cow67,1,Jersey,2,0,195,225,189,227,190,231,205,226,38.5,0.0,0.0,0,0,550.4,392.7,11.0,2941,161.8,4.4,20.3
cow67,2,Jersey,2,0,188,219,190,237,205,225,189,226,38.4,0.0,0.0,0,0,529.2,366.7,12.0,3259,216.9,4.5,20.9
cow67,3,Jersey,2,0,198,231,199,220,189,239,198,216,38.6,0.0,0.0,0,0,541.2,394.1,13.0,3397,31.0,5.2,23.3
cow67,4,Jersey,2,0,204,234,201,230,205,238,192,232,38.3,0.0,0.0,0,0,491.8,371.6,13.5,3189,118.4,6.5,20.1
cow67,5,Jersey,2,0,206,233,199,225,206,244,191,222,38.3,0.0,0.0,0,0,512.8,349.4,10.6,3503,12.1,4.1,20.8
cow67,6,Jersey,2,0,195,253,198,226,194,240,196,237,38.6,0.0,0.0,0,0,527.9,368.7,12.8,3104,140.4,2.5,21.5
cow68,1,Jersey,1,0,191,234,203,225,189,237,193,228,38.6,0.0,0.0,0,1,327.8,261.7,14.2,1207,821.2,8.5,13.4
cow68,2,Jersey,1,0,202,238,204,236,197,228,201,228,38.8,0.0,0.0,0,1,279.3,241.8,14.7,1649,3152.2,7.6,15.0
cow68,3,Jersey,1,0,187,228,207,234,204,223,195,224,38.6,0.0,0.0,0,1,315.8,253.8,13.4,1663,3666.5,9.5,12.3
cow68,4,Jersey,1,0,260,302,228,220,201,222,191,230,39.2,0.0,0.0,0,1,284.4,261.3,13.3,1090,4920.9,8.0,14.0
cow68,5,Jersey,1,0,283,326,231,230,187,224,195,229,40.2,0.0,0.0,0,1,290.3,223.3,14.6,1452,4088.6,7.4,10.5
cow68,6,Jersey,1,0,306,354,235,223,201,226,208,226,,,,1,1,328.2,246.5,14.6,1182,2087.2,7.2,10.0
cow69,1,Jersey,1,0,199,228,195,232,191,232,198,230,38.6,0.0,0.0,0,0,440.3,326.2,13.4,2197,61.1,5.0,19.8
cow69,2,Jersey,1,0,194,226,197,233,199,220,197,229,38.7,0.0,0.0,0,0,468.1,345.7,11.7,3176,75.5,4.3,17.4
cow69,3,Jersey,1,0,201,246,205,224,202,232,195,233,38.5,0.0,0.0,0,0,460.7,318.2,11.4,2482,36.7,5.7,20.0
cow69,4,Jersey,1,0,197,227,201,229,195,236,201,220,38.4,0.0,0.0,0,0,426.7,313.1,8.5,3131,68.6,4.3,19.7
cow69,5,Jersey,1,0,190,235,194,233,210,234,186,225,38.4,0.0,0.0,0,0,492.9,356.5,9.6,2386,65.0,5.6,19.9
cow69,6,Jersey,1,0,203,243,208,229,197,238,197,225,38.6,0.0,0.0,0,0,550.0,390.9,11.0,2712,46.1,3.4,18.1
cow70,1,Jersey,3,0,199,234,193,217,210,224,203,230,38.4,0.0,0.0,0,0,508.6,375.9,10.2,2827,23.9,3.1,20.7
cow70,2,Jersey,3,0,200,230,197,219,198,218,206,228,38.6,0.0,0.0,0,0,527.9,372.8,12.5,3481,32.9,5.2,22.1
cow70,3,Jersey,3,0,196,228,201,226,191,226,195,230,38.6,0.0,0.0,0,0,563.6,432.7,9.9,2787,9.0,4.1,22.0
cow70,4,Jersey,3,0,202,225,202,235,204,231,199,228,38.7,0.0,1.0,0,0,573.1,420.7,10.9,2570,64.2,4.3,22.3
cow70,5,Jersey,3,0,198,225,200,234,204,223,206,233,38.8,0.0,0.0,0,0,517.2,363.8,10.9,3146,101.9,3.7,20.5
cow70,6,Jersey,3,0,204,223,196,234,191,226,189,233,38.4,0.0,0.0,0,0,574.1,414.2,12.9,2913,12.5,3.6,20.3
cow71,1,Jersey,1,0,195,238,188,242,198,230,204,236,38.6,0.0,0.0,0,0,523.7,384.4,10.8,3316,93.5,5.0,19.8
cow71,2,Jersey,1,0,210,233,196,242,202,231,189,229,38.2,0.0,0.0,1,0,486.5,381.8,12.0,2595,73.0,4.5,19.8
cow71,3,Jersey,1,0,195,225,186,230,200,224,195,227,38.5,0.0,0.0,0,0,496.2,354.9,11.7,3084,35.2,3.7,19.5
cow71,4,Jersey,1,0,202,230,194,242,199,224,203,224,38.6,0.0,0.0,0,0,460.8,358.3,12.6,3988,59.0,5.1,18.2
cow71,5,Jersey,1,0,199,235,192,235,195,236,199,223,38.8,0.0,0.0,0,0,484.5,359.4,12.5,2904,164.2,5.4,19.9
cow71,6,Jersey,1,0,200,223,200,230,208,231,190,236,38.4,0.0,0.0,0,0,505.7,398.3,11.5,3075,40.5,4.4,18.5
cow72,1,Jersey,4,0,198,230,200,226,205,240,195,242,38.0,0.0,0.0,0,1,327.1,297.5,11.5,636,2126.2,8.8,10.4
cow72,2,Jersey,4,0,197,230,204,229,191,226,196,230,38.1,0.0,0.0,0,1,363.8,299.8,13.2,959,2638.2,7.2,13.3
cow72,3,Jersey,4,0,222,259,193,240,187,227,201,227,38.4,0.0,0.0,0,1,239.7,217.1,13.5,1484,1028.6,8.5,8.9
cow72,4,Jersey,4,0,229,264,202,228,199,233,196,226,38.6,0.0,0.0,1,1,310.7,273.5,13.8,1168,4496.7,8.1,9.9
cow72,5,Jersey,4,0,234,271,181,222,199,238,211,221,39.2,1.0,1.0,1,1,253.4,226.8,12.6,1546,2762.8,7.4,17.7
cow72,6,Jersey,4,0,239,277,202,228,189,222,205,226,39.5,1.0,1.0,1,1,314.0,296.6,14.9,1470,1628.7,9.6,16.0
cow73,1,Jersey,2,0,205,225,194,238,189,232,203,237,38.2,0.0,0.0,0,0,514.8,378.3,11.5,2473,406.4,4.7,20.2
cow73,2,Jersey,2,0,199,228,202,226,200,220,193,237,38.5,0.0,1.0,0,0,446.8,328.8,10.4,3406,159.9,4.0,20.5
cow73,3,Jersey,2,0,209,234,198,228,206,236,206,231,38.1,0.0,0.0,0,0,557.1,394.0,11.0,2503,24.8,4.5,20.4
cow73,4,Jersey,2,0,196,219,201,232,197,230,195,239,38.3,0.0,0.0,0,0,495.8,343.6,13.8,2694,60.7,3.8,19.3
cow73,5,Jersey,2,0,204,230,205,232,202,228,204,224,38.2,0.0,0.0,0,0,498.6,377.2,12.3,3092,436.5,3.6,19.5
cow73,6,Jersey,2,0,200,240,197,229,202,228,202,230,38.3,0.0,0.0,0,0,477.2,339.6,12.8,3627,40.3,4.1,22.4
cow74,1,Jersey,1,0,206,219,195,233,191,234,204,214,38.1,0.0,0.0,0,0,493.8,384.1,10.3,2598,83.2,4.2,18.6
cow74,2,Jersey,1,0,195,221,203,223,200,222,197,234,38.2,0.0,0.0,0,0,537.1,367.0,10.7,3059,185.9,3.9,21.9
cow74,3,Jersey,1,0,201,223,190,225,197,239,208,225,38.4,0.0,0.0,0,0,512.4,377.7,10.7,3062,124.7,5.5,20.3
cow74,4,Jersey,1,0,202,237,206,225,188,233,199,217,38.3,0.0,0.0,0,0,533.1,408.6,11.7,3263,137.7,3.9,20.3
cow74,5,Jersey,1,0,201,228,201,223,201,231,202,226,37.9,0.0,0.0,0,0,534.5,349.9,11.3,3474,132.2,3.8,19.2
cow74,6,Jersey,1,0,196,236,206,223,197,239,208,227,38.0,0.0,0.0,0,0,572.8,448.0,10.9,2838,80.8,3.6,20.5
cow75,1,Jersey,4,0,201,217,197,228,197,241,195,231,38.5,0.0,0.0,0,0,506.3,364.1,11.1,3405,46.0,3.5,19.5
cow75,2,Jersey,4,0,191,230,186,232,185,232,194,223,38.7,0.0,0.0,0,0,460.9,347.1,10.5,3532,107.3,5.3,20.6
cow75,3,Jersey,4,0,198,219,206,230,198,236,200,214,38.6,0.0,0.0,0,0,562.7,415.9,11.3,3714,60.1,4.7,18.9
cow75,4,Jersey,4,0,207,227,194,232,210,236,201,231,38.6,0.0,0.0,0,0,506.7,385.1,12.8,3201,57.0,5.1,21.4
cow75,5,Jersey,4,0,205,240,206,226,205,226,196,249,39.1,0.0,0.0,0,0,564.6,411.7,9.7,3063,221.2,5.3,19.4
cow75,6,Jersey,4,0,200,226,193,234,205,236,203,238,38.6,0.0,0.0,0,0,535.3,407.2,11.9,2810,61.1,4.2,20.6
cow76,1,Jersey,1,0,194,223,195,225,196,227,194,219,38.0,0.0,0.0,0,0,514.8,386.2,13.2,2416,258.1,5.7,20.3
cow76,2,Jersey,1,0,194,228,195,238,193,224,201,230,38.1,0.0,0.0,0,0,534.0,420.1,11.3,2889,94.8,4.0,21.0
cow76,3,Jersey,1,0,203,221,197,232,194,223,194,232,38.0,0.0,0.0,0,0,598.0,436.2,10.9,3045,71.2,3.6,20.9
cow76,4,Jersey,1,0,192,227,192,233,187,236,195,229,37.9,0.0,0.0,0,0,603.1,465.2,12.6,2956,22.6,4.8,19.9
cow76,5,Jersey,1,0,200,230,194,225,205,239,192,236,37.8,0.0,0.0,0,0,522.8,397.9,10.3,3239,343.5,4.6,21.8
cow76,6,Jersey,1,0,212,229,196,220,204,225,201,227,38.0,0.0,0.0,0,0,526.4,351.3,11.5,2418,79.1,4.6,21.5
cow77,1,Jersey,3,0,192,240,196,237,195,225,205,241,38.1,0.0,0.0,0,1,338.0,327.8,12.3,1227,320.1,8.8,9.0
cow77,2,Jersey,3,0,197,224,193,225,195,230,184,229,38.2,0.0,0.0,0,1,261.2,224.4,11.3,2098,4422.9,8.1,15.8
cow77,3,Jersey,3,0,201,234,195,229,217,226,201,221,38.3,0.0,0.0,0,1,308.3,289.9,13.3,1698,1916.2,8.3,10.3
cow77,4,Jersey,3,0,267,310,212,218,191,229,192,227,38.8,0.0,0.0,0,1,294.0,254.9,12.0,1546,942.0,9.1,16.6
cow77,5,Jersey,3,0,286,338,187,231,191,229,199,219,39.2,1.0,1.0,1,1,307.6,281.6,13.5,1456,4225.9,8.2,7.2
cow77,6,Jersey,3,0,316,362,200,226,197,227,198,223,40.2,1.0,1.0,1,1,261.7,222.6,14.8,1154,255.8,8.4,9.2
cow78,1,Jersey,2,0,183,218,195,240,200,230,193,226,38.3,0.0,0.0,0,0,456.4,353.1,13.7,2298,48.5,3.4,19.2
cow78,2,Jersey,2,0,199,230,194,229,198,226,200,230,38.3,0.0,0.0,0,0,437.1,325.7,11.6,3183,64.6,7.5,18.6
cow78,3,Jersey,2,0,195,226,194,220,206,237,196,230,38.2,0.0,0.0,0,0,475.3,381.6,12.7,2021,143.1,3.2,19.9
cow78,4,Jersey,2,0,199,232,198,234,193,229,214,235,38.4,0.0,0.0,0,0,501.7,376.9,12.0,2870,373.3,4.1,20.3
cow78,5,Jersey,2,0,198,234,202,219,188,220,200,220,38.2,0.0,0.0,0,0,508.3,389.8,11.0,2999,67.1,4.0,17.8
cow78,6,Jersey,2,0,200,227,202,242,198,222,192,223,38.4,0.0,0.0,0,0,597.5,387.5,9.2,2821,109.1,6.2,18.3
cow79,1,Jersey,4,0,197,222,206,225,193,232,210,237,38.6,0.0,0.0,0,0,564.2,405.0,13.5,3869,530.3,4.0,21.3
cow79,2,Jersey,4,0,200,230,189,229,193,233,198,225,38.4,0.0,0.0,0,0,481.5,364.3,10.2,3730,79.7,4.9,21.6
cow79,3,Jersey,4,0,196,229,195,224,200,234,186,219,38.8,0.0,1.0,0,0,533.9,392.4,13.2,3413,109.8,4.0,19.5
cow79,4,Jersey,4,0,186,222,198,228,197,231,207,226,38.6,0.0,0.0,0,0,503.7,387.5,12.1,2630,33.8,3.7,18.8
cow79,5,Jersey,4,0,194,232,196,229,199,231,191,228,38.4,0.0,0.0,0,0,508.6,366.6,10.3,3769,307.4,5.0,20.4
cow79,6,Jersey,4,0,193,229,194,236,193,233,214,226,38.8,0.0,0.0,0,0,527.4,385.3,11.9,3248,48.5,3.9,18.3
cow80,1,Jersey,3,0,197,229,196,222,196,218,195,233,38.0,0.0,0.0,0,0,544.8,416.1,14.1,2623,95.6,4.7,21.0
cow80,2,Jersey,3,0,191,220,198,229,201,225,197,228,38.6,0.0,0.0,0,0,506.4,330.8,13.3,3013,93.8,5.0,18.2
cow80,3,Jersey,3,0,202,230,202,236,197,233,207,240,38.2,0.0,0.0,0,0,562.6,416.1,10.9,3383,84.3,6.0,21.9
cow80,4,Jersey,3,0,199,232,203,231,209,239,197,229,38.5,0.0,0.0,0,0,474.3,346.6,10.6,2760,58.8,3.5,20.5
cow80,5,Jersey,3,0,196,232,191,235,201,239,202,215,38.5,0.0,0.0,0,0,520.3,363.7,11.6,3056,93.8,4.4,17.6
cow80,6,Jersey,3,0,198,226,199,235,204,219,215,225,38.6,0.0,0.0,0,0,623.9,448.4,11.3,3127,267.4,4.4,18.6
cow81,1,Jersey,3,0,198,225,200,228,201,233,194,226,38.7,0.0,0.0,0,0,528.9,407.4,12.9,2560,384.0,4.5,21.3
cow81,2,Jersey,3,0,201,232,200,226,188,222,201,218,38.7,0.0,0.0,1,0,577.3,433.1,12.4,2892,70.4,6.6,17.3
cow81,3,Jersey,3,0,185,226,197,222,193,222,197,246,39.0,0.0,0.0,0,0,523.7,379.8,9.5,2590,58.2,4.4,19.9
cow81,4,Jersey,3,0,190,218,188,230,196,234,190,224,39.0,0.0,0.0,0,0,543.2,409.7,12.1,3347,45.4,2.5,20.3
cow81,5,Jersey,3,0,196,235,196,232,204,226,196,222,38.9,0.0,0.0,0,0,517.7,394.3,11.3,2637,508.0,4.3,17.2
cow81,6,Jersey,3,0,199,241,199,236,200,218,197,232,38.8,0.0,0.0,0,0,513.2,374.3,11.5,3117,86.8,4.4,21.3
cow82,1,Jersey,4,0,186,220,203,220,189,230,200,229,38.3,0.0,0.0,0,0,488.8,348.8,11.8,2444,171.6,4.3,20.2
cow82,2,Jersey,4,0,198,248,197,227,203,228,189,226,38.3,0.0,0.0,0,0,537.2,378.9,12.9,2547,128.5,3.9,21.7
cow82,3,Jersey,4,0,201,234,197,230,196,233,195,232,38.5,0.0,0.0,0,0,485.9,374.6,12.7,2527,365.2,3.4,18.9
cow82,4,Jersey,4,0,201,230,205,223,199,226,187,216,38.2,0.0,0.0,0,0,546.6,395.2,10.6,2884,66.9,6.2,19.5
cow82,5,Jersey,4,0,196,220,206,225,199,230,209,229,38.5,0.0,0.0,0,0,563.4,387.2,11.4,3072,37.0,4.8,19.5
cow82,6,Jersey,4,0,200,221,205,228,193,232,192,230,38.5,0.0,0.0,0,0,534.7,358.5,11.0,3146,287.0,4.3,20.6
cow83,1,Jersey,3,0,203,227,198,220,196,231,197,228,38.8,0.0,0.0,0,0,508.6,388.1,9.5,2291,148.2,6.2,19.0
cow83,2,Jersey,3,0,199,216,205,229,202,213,201,224,38.7,0.0,1.0,0,0,538.2,381.1,11.4,2933,108.9,3.8,21.3
cow83,3,Jersey,3,0,197,232,196,237,197,228,197,229,39.0,0.0,0.0,0,0,507.7,378.5,13.7,2700,229.4,5.0,20.5
cow83,4,Jersey,3,0,203,234,202,232,194,226,197,236,38.8,0.0,0.0,0,0,557.4,424.8,9.4,3214,113.2,3.5,18.6
cow83,5,Jersey,3,0,189,234,207,220,203,232,193,230,38.7,0.0,0.0,0,0,446.7,312.5,11.5,2893,234.9,5.1,18.6
cow83,6,Jersey,3,0,198,237,196,225,200,233,193,222,38.9,0.0,0.0,0,0,506.6,371.1,11.4,2968,94.2,3.6,18.9
cow84,1,Jersey,5,0,211,219,187,233,197,229,198,221,39.0,0.0,0.0,0,0,440.4,329.1,11.8,2702,148.1,4.9,21.1
cow84,2,Jersey,5,0,184,224,193,231,202,231,191,239,38.8,0.0,0.0,0,0,460.2,351.0,10.3,3690,114.3,6.1,21.3
cow84,3,Jersey,5,0,208,226,206,219,190,231,202,235,38.5,0.0,0.0,0,0,574.6,435.0,9.8,2487,63.4,4.6,20.7
cow84,4,Jersey,5,0,196,231,199,227,211,228,192,234,38.6,0.0,0.0,0,0,555.8,377.6,9.8,2840,68.9,2.7,19.9
cow84,5,Jersey,5,0,193,219,194,237,201,234,186,223,38.6,0.0,0.0,0,0,491.2,373.0,13.1,3043,60.6,4.5,19.6
cow84,6,Jersey,5,0,199,230,197,231,193,234,199,236,38.9,0.0,0.0,0,0,459.9,362.5,10.3,2899,95.4,4.9,19.2
cow85,1,Jersey,1,0,196,227,197,225,185,227,189,228,38.2,0.0,0.0,0,1,176.4,180.5,12.9,994,1381.9,8.7,15.5
cow85,2,Jersey,1,0,248,291,195,227,193,235,197,222,38.6,0.0,1.0,0,1,273.3,239.5,16.0,575,2835.1,9.2,13.4
cow85,3,Jersey,1,0,266,313,197,220,200,226,186,230,39.0,0.0,1.0,0,1,391.8,320.6,12.6,1023,2758.5,9.2,17.4
cow85,4,Jersey,1,0,285,323,188,238,203,231,199,232,39.0,1.0,1.0,1,1,312.4,271.6,13.9,916,2354.0,7.9,13.4
cow85,5,Jersey,1,0,300,338,197,234,196,235,200,241,39.3,1.0,1.0,1,1,272.6,252.1,14.8,1972,2387.2,7.5,12.6
cow85,6,Jersey,1,0,301,362,201,226,195,226,196,239,39.6,1.0,1.0,1,1,313.6,276.3,14.7,2206,1264.3,7.1,12.2
cow86,1,Jersey,4,0,194,237,205,228,201,235,198,226,38.7,0.0,0.0,0,0,457.6,324.9,9.9,2980,65.4,4.1,19.8
cow86,2,Jersey,4,0,190,227,195,221,197,228,191,236,38.8,0.0,0.0,0,0,508.1,390.7,10.6,2438,25.1,4.9,19.1
cow86,3,Jersey,4,0,203,236,206,225,203,228,198,225,38.7,0.0,0.0,0,0,524.0,403.4,11.9,3295,73.1,3.4,19.4
cow86,4,Jersey,4,0,207,228,192,240,193,219,194,215,38.8,0.0,0.0,0,0,516.6,381.3,13.8,2608,40.2,3.8,21.9
cow86,5,Jersey,4,0,186,224,190,230,207,232,189,242,38.9,0.0,0.0,0,0,551.6,372.1,10.6,2780,85.1,4.9,20.9
cow86,6,Jersey,4,0,188,241,195,220,199,235,201,232,38.8,0.0,0.0,0,0,533.8,386.2,10.9,2748,48.5,4.0,18.6
cow87,1,Jersey,3,0,191,221,195,231,199,230,205,219,38.6,0.0,0.0,0,0,546.7,399.5,12.0,2800,19.3,4.8,18.2
cow87,2,Jersey,3,0,194,235,192,230,205,229,193,225,38.8,0.0,0.0,0,0,492.5,342.9,12.2,2858,376.5,3.8,21.0
cow87,3,Jersey,3,0,208,221,202,225,203,224,196,226,38.4,0.0,0.0,0,0,555.9,395.1,12.3,2475,67.7,4.7,19.0
cow87,4,Jersey,3,0,195,232,200,231,196,232,199,227,38.7,0.0,0.0,0,0,585.2,393.7,10.5,2719,215.8,3.9,18.2
cow87,5,Jersey,3,0,199,224,208,236,195,230,196,226,38.7,0.0,0.0,0,0,481.2,367.6,10.9,3408,55.2,3.0,19.8
cow87,6,Jersey,3,0,196,228,202,236,203,232,193,217,38.2,0.0,0.0,0,0,484.5,361.7,11.8,2987,256.7,5.3,19.6
cow88,1,Jersey,4,0,200,232,194,230,204,240,198,223,38.7,0.0,0.0,0,0,573.4,382.4,13.0,3050,35.9,3.9,19.4
cow88,2,Jersey,4,0,197,228,204,223,192,231,195,234,38.7,0.0,0.0,0,0,512.3,381.7,11.2,2107,89.7,4.3,17.9
cow88,3,Jersey,4,0,193,215,197,223,204,227,189,236,38.6,0.0,0.0,0,0,576.2,412.7,11.5,3379,37.4,3.9,21.1
cow88,4,Jersey,4,0,194,237,193,228,187,237,193,231,38.8,0.0,0.0,0,0,502.3,378.7,10.3,2726,478.9,4.9,20.1
cow88,5,Jersey,4,0,199,229,204,232,196,237,200,221,38.9,0.0,0.0,0,0,578.2,407.9,13.7,3450,66.9,4.8,18.8
cow88,6,Jersey,4,0,204,220,204,223,201,228,198,223,38.6,0.0,0.0,0,0,525.3,368.7,11.7,3062,140.8,4.9,20.5
cow89,1,Jersey,3,0,188,234,196,238,209,231,190,214,38.5,0.0,1.0,0,1,305.3,247.3,14.8,1075,2868.8,7.6,8.5
cow89,2,Jersey,3,0,204,226,202,218,200,229,209,233,38.5,0.0,0.0,0,1,357.6,282.9,13.5,629,1954.7,8.0,10.8
cow89,3,Jersey,3,0,194,226,207,236,198,240,192,235,38.5,0.0,0.0,0,1,280.5,246.7,13.6,2170,3028.3,8.3,10.1
cow89,4,Jersey,3,0,197,226,200,231,200,232,204,223,38.4,0.0,0.0,0,1,257.4,235.1,11.7,1621,5966.4,9.2,14.3
cow89,5,Jersey,3,0,173,201,197,241,199,221,196,230,39.1,0.0,1.0,0,1,277.1,240.8,10.9,1645,3418.8,8.2,12.5
cow89,6,Jersey,3,0,148,193,186,222,194,236,198,229,39.6,0.0,1.0,0,1,313.1,258.2,15.0,2028,2274.4,7.2,12.9
cow90,1,Jersey,5,0,202,233,207,231,195,232,190,237,38.5,0.0,0.0,0,0,457.4,336.1,11.6,3090,113.7,4.7,20.9
cow90,2,Jersey,5,0,196,234,198,241,195,223,198,226,38.3,0.0,0.0,0,0,545.5,440.4,11.7,3541,298.2,4.4,19.7
cow90,3,Jersey,5,0,193,231,197,242,192,236,199,229,38.4,0.0,0.0,0,0,498.4,353.2,10.0,2809,59.6,2.9,23.5
cow90,4,Jersey,5,0,206,226,192,215,195,232,195,238,38.6,0.0,0.0,0,0,565.9,397.5,10.4,3295,22.1,3.0,19.8
cow90,5,Jersey,5,0,199,235,197,222,198,223,199,225,38.2,0.0,0.0,0,0,424.2,381.8,12.8,2748,37.2,4.4,20.5
cow90,6,Jersey,5,0,202,226,196,219,195,232,195,233,38.5,0.0,0.0,0,0,488.5,368.7,13.6,2798,39.2,4.5,18.1
cow91,1,Jersey,4,0,206,229,211,236,196,225,203,229,38.1,0.0,0.0,0,0,452.5,314.7,10.8,3039,43.2,4.3,20.0
cow91,2,Jersey,4,0,186,231,201,222,205,235,199,223,38.4,0.0,0.0,0,0,487.0,375.3,12.3,2493,44.3,5.2,19.2
cow91,3,Jersey,4,0,199,234,189,219,195,241,211,231,38.3,0.0,0.0,0,0,529.9,369.6,11.7,3132,78.1,3.8,20.3
cow91,4,Jersey,4,0,198,228,205,239,198,230,196,239,38.4,0.0,0.0,0,0,512.8,392.1,11.4,2875,94.2,3.4,20.0
cow91,5,Jersey,4,0,209,215,207,236,198,230,197,223,38.2,0.0,0.0,0,0,509.9,370.1,13.7,2205,93.5,3.8,21.4
cow91,6,Jersey,4,0,192,240,200,233,210,233,194,233,38.4,0.0,0.0,0,0,513.6,368.3,11.0,2817,48.0,4.0,19.8
cow92,1,Jersey,2,0,200,224,207,230,204,236,192,234,38.3,0.0,0.0,0,0,528.1,413.8,13.0,2862,157.8,4.5,20.8
cow92,2,Jersey,2,0,192,234,193,230,197,223,203,226,38.6,0.0,0.0,0,0,479.7,366.0,12.0,3341,114.9,3.9,21.7
cow92,3,Jersey,2,0,189,230,206,231,189,223,216,224,38.6,0.0,0.0,0,0,548.3,414.5,11.5,3114,236.8,2.8,19.9
cow92,4,Jersey,2,0,200,227,200,244,200,232,195,230,38.7,0.0,0.0,0,0,546.5,403.7,13.1,3579,142.6,2.5,21.6
cow92,5,Jersey,2,0,195,229,194,231,209,235,194,232,38.6,0.0,0.0,0,0,535.4,381.2,11.8,3208,62.4,4.6,20.4
cow92,6,Jersey,2,0,203,224,194,233,195,224,196,229,38.5,0.0,0.0,0,0,542.3,404.4,11.4,2778,195.7,3.6,19.9
cow93,1,Jersey,2,0,188,221,208,228,200,228,208,224,38.5,0.0,0.0,0,0,531.9,408.9,13.2,2977,96.0,2.9,19.6
cow93,2,Jersey,2,0,204,232,199,227,203,249,204,227,38.5,0.0,0.0,0,0,601.4,431.3,13.0,2861,137.8,5.0,20.1
cow93,3,Jersey,2,0,194,234,193,234,196,224,196,228,38.5,0.0,0.0,0,0,516.5,410.3,12.9,3195,130.7,5.7,22.7
cow93,4,Jersey,2,0,194,236,194,226,198,227,191,231,,,,0,0,507.7,387.9,6.8,3024,72.9,4.4,20.4
cow93,5,Jersey,2,0,201,227,189,240,193,237,186,231,38.7,0.0,0.0,0,0,489.9,365.7,12.0,2749,85.3,4.7,20.1
cow93,6,Jersey,2,0,198,227,196,224,199,221,196,216,38.4,0.0,0.0,0,0,478.7,359.8,11.8,3003,72.5,4.7,18.3
cow94,1,Jersey,3,0,200,227,205,231,205,234,188,233,38.5,0.0,0.0,0,1,245.2,227.6,13.5,1484,1003.4,6.1,17.5
cow94,2,Jersey,3,0,206,234,206,227,192,223,201,219,38.3,0.0,0.0,0,1,259.4,211.1,14.2,897,354.3,8.7,9.9
cow94,3,Jersey,3,0,199,224,205,238,182,232,194,234,38.2,0.0,0.0,0,1,292.2,251.7,13.8,1427,1140.7,9.0,13.8
cow94,4,Jersey,3,0,197,220,212,222,208,234,194,225,38.4,0.0,0.0,0,1,308.4,267.0,14.3,669,2342.7,9.5,9.7
cow94,5,Jersey,3,0,224,236,199,230,198,231,195,228,39.5,1.0,1.0,0,1,297.0,248.7,13.2,1742,4785.8,7.6,9.7
cow94,6,Jersey,3,0,236,226,186,233,198,228,197,222,40.7,0.0,0.0,0,1,264.4,242.7,15.3,1511,3789.6,7.1,15.6
cow95,1,Jersey,4,0,194,225,193,236,189,236,203,230,38.7,0.0,0.0,0,0,556.0,402.0,12.4,3652,65.5,5.6,21.2
cow95,2,Jersey,4,0,200,224,192,229,200,219,204,219,38.8,0.0,0.0,0,0,549.6,411.7,12.2,2553,49.7,4.9,19.9
cow95,3,Jersey,4,0,186,230,201,239,199,224,194,218,38.5,0.0,0.0,0,0,513.6,388.1,12.1,3453,70.2,5.2,17.7
cow95,4,Jersey,4,0,201,234,201,224,190,234,185,241,38.7,0.0,0.0,0,0,493.9,367.3,12.9,3374,40.5,4.0,21.4
cow95,5,Jersey,4,0,194,233,190,230,187,222,191,226,38.9,0.0,0.0,0,0,541.9,368.6,12.7,2927,18.4,4.7,21.2
cow95,6,Jersey,4,0,200,230,203,232,200,223,203,234,38.8,0.0,0.0,0,0,527.5,416.7,11.4,2849,27.3,3.7,19.4
cow96,1,Jersey,4,0,197,229,201,225,197,234,202,237,38.8,0.0,0.0,0,0,462.1,342.7,12.7,2566,205.3,4.5,19.6
cow96,2,Jersey,4,0,201,237,195,225,204,232,198,225,38.7,0.0,0.0,0,0,517.3,376.9,11.7,2462,286.5,4.2,21.2
cow96,3,Jersey,4,0,191,238,204,237,200,234,202,228,38.9,0.0,0.0,0,0,530.5,380.1,13.8,2700,133.7,6.4,20.2
cow96,4,Jersey,4,0,195,226,203,223,201,230,202,231,38.5,0.0,0.0,0,0,484.0,349.6,12.8,2498,76.3,4.9,19.8
cow96,5,Jersey,4,0,195,229,200,240,201,225,222,235,38.7,0.0,0.0,0,0,527.6,412.3,10.7,3638,30.3,2.8,20.1
cow96,6,Jersey,4,0,190,229,198,226,189,223,201,227,38.5,0.0,0.0,0,0,461.8,370.0,14.3,2399,71.1,4.5,20.8
cow97,1,Jersey,5,0,195,230,190,236,196,222,193,220,38.7,0.0,0.0,0,0,573.4,420.1,9.0,3060,121.2,4.8,20.7
cow97,2,Jersey,5,0,202,232,193,223,198,221,190,226,38.5,0.0,0.0,0,0,569.9,408.0,12.3,3174,140.9,4.1,20.7
cow97,3,Jersey,5,0,199,223,195,222,198,236,196,240,38.5,0.0,0.0,0,0,509.9,385.1,10.7,3143,127.8,3.6,18.5
cow97,4,Jersey,5,0,198,224,199,222,186,226,209,237,38.5,0.0,0.0,0,0,534.5,390.1,13.8,3178,183.2,5.0,18.7
cow97,5,Jersey,5,0,202,231,194,223,201,224,201,228,38.4,0.0,0.0,0,0,423.6,318.7,11.8,3379,304.0,3.7,22.3
cow97,6,Jersey,5,0,194,218,190,226,198,227,189,225,38.6,0.0,0.0,0,0,473.7,358.3,10.5,2822,60.0,5.0,18.5
cow98,1,Jersey,4,0,204,231,202,232,199,220,191,230,39.1,0.0,0.0,0,0,508.2,365.0,11.2,3035,551.6,3.7,20.7
cow98,2,Jersey,4,0,190,236,193,224,189,233,197,235,38.7,0.0,0.0,0,0,477.1,358.8,10.6,2883,19.7,4.1,20.5
cow98,3,Jersey,4,0,197,237,188,231,200,238,192,219,38.6,0.0,0.0,0,0,548.6,400.8,11.1,3521,46.4,5.3,20.4
cow98,4,Jersey,4,0,198,232,191,228,198,220,197,226,38.9,0.0,0.0,0,0,599.9,438.8,11.1,3840,91.2,4.9,20.2
cow98,5,Jersey,4,0,207,232,197,238,190,226,202,216,38.8,0.0,0.0,0,0,472.9,340.6,10.6,2522,116.1,4.5,18.7
cow98,6,Jersey,3,0,199,227,204,238,195,221,193,225,38.7,0.0,0.0,0,0,486.5,372.7,11.8,2188,70.1,4.5,20.5
cow99,1,Jersey,3,0,198,219,199,233,204,231,200,239,38.6,0.0,0.0,0,0,529.4,369.3,12.0,3228,56.4,4.6,17.6
cow99,2,Jersey,3,0,196,228,205,237,199,230,195,235,38.3,0.0,0.0,0,0,584.4,408.4,10.3,3428,363.7,3.9,20.3
cow99,3,Jersey,3,0,204,236,212,229,196,228,188,216,38.4,0.0,0.0,0,0,471.1,341.1,9.5,3783,54.6,3.3,19.8
cow99,4,Jersey,3,0,193,230,199,229,197,227,202,225,38.4,0.0,0.0,0,0,530.0,366.7,11.9,3295,39.3,5.0,21.2
cow99,5,Jersey,3,0,199,234,209,230,207,225,193,231,38.4,0.0,0.0,0,0,592.9,442.0,12.1,3558,255.4,5.7,19.1
cow99,6,Jersey,3,0,215,226,206,225,202,229,199,231,38.5,0.0,1.0,0,0,453.9,322.9,12.4,3664,142.8,5.0,19.7
cow100,1,Jersey,3,0,187,238,198,228,190,228,191,226,38.6,0.0,0.0,0,0,468.8,336.7,12.2,3586,169.2,4.7,19.6
cow100,2,Jersey,3,0,189,230,189,225,203,236,199,213,38.6,0.0,0.0,0,0,503.1,392.4,13.4,3352,90.9,3.5,19.0
cow100,3,Jersey,3,0,191,229,204,235,215,226,202,233,38.2,0.0,0.0,0,0,499.2,357.2,12.7,2487,30.7,5.2,18.2
cow100,4,Jersey,3,0,199,233,200,229,201,230,198,239,38.7,0.0,0.0,0,0,552.5,396.1,14.7,2997,84.2,4.9,20.2
cow100,5,Jersey,3,0,197,228,191,229,204,226,210,216,38.5,0.0,0.0,0,0,529.7,367.6,15.2,3120,27.9,5.1,21.3
cow100,6,Jersey,3,0,199,239,194,222,196,227,188,229,38.8,0.0,0.0,0,0,449.0,352.4,9.4,2960,93.9,5.3,21.5
cow101,1,Jersey,3,0,203,229,190,230,191,238,205,231,38.7,0.0,0.0,0,0,540.6,407.6,8.9,2985,124.7,5.8,18.9
cow101,2,Jersey,3,0,202,232,200,228,208,230,196,230,38.5,0.0,0.0,0,0,496.9,379.4,11.5,3627,167.0,3.6,20.5
cow101,3,Jersey,3,0,196,233,192,221,197,230,194,228,38.8,0.0,0.0,0,0,571.0,420.3,12.1,2697,74.5,3.5,21.7
cow101,4,Jersey,3,0,191,221,194,223,198,225,203,229,38.7,0.0,0.0,0,0,494.9,366.3,11.4,3320,133.2,4.6,18.1
cow101,5,Jersey,3,0,206,218,201,239,199,232,205,224,38.7,0.0,0.0,0,0,494.5,355.3,12.3,3127,42.5,3.8,19.4
cow101,6,Jersey,3,0,198,229,209,228,196,224,186,223,38.9,0.0,0.0,0,0,541.6,378.3,11.2,2657,154.9,3.6,21.2
cow102,1,Jersey,2,0,191,236,194,217,195,225,203,223,38.4,0.0,0.0,0,0,550.5,421.5,10.7,2569,126.6,5.5,18.1
cow102,2,Jersey,2,0,201,237,193,237,203,225,192,231,38.4,0.0,0.0,0,0,537.9,404.5,10.8,2319,45.7,3.7,19.6
cow102,3,Jersey,2,0,195,229,197,232,192,230,205,236,38.5,0.0,0.0,0,0,452.6,327.1,11.3,3194,114.6,4.5,20.2
cow102,4,Jersey,2,0,209,231,208,232,184,240,202,229,38.3,0.0,0.0,0,0,541.5,393.6,12.5,2975,168.6,3.2,19.4
cow102,5,Jersey,2,0,200,242,207,240,199,230,200,225,38.5,0.0,0.0,0,0,478.6,349.8,10.9,2670,83.9,4.6,20.7
cow102,6,Jersey,2,0,205,238,202,225,209,235,199,232,38.4,0.0,0.0,0,0,529.4,365.3,11.2,2250,45.0,5.4,21.8
cow103,1,Jersey,2,0,186,230,195,223,190,227,198,232,38.6,0.0,0.0,0,1,238.1,224.0,14.2,1473,2302.6,9.0,8.9
cow103,2,Jersey,2,0,199,221,191,221,201,224,203,234,38.1,0.0,0.0,0,1,312.9,258.2,13.3,1231,3114.3,8.8,7.9
cow103,3,Jersey,2,0,195,236,208,219,193,219,188,226,38.5,0.0,0.0,0,1,262.7,218.5,14.8,1015,1022.1,7.9,14.5
cow103,4,Jersey,2,0,198,229,194,237,191,223,195,229,38.2,0.0,0.0,0,1,243.7,197.6,12.4,914,885.8,8.9,16.1
cow103,5,Jersey,2,0,199,231,230,225,203,233,199,225,39.4,1.0,0.0,0,1,323.6,244.0,12.1,1205,3037.9,8.3,13.5
cow103,6,Jersey,2,0,190,230,240,224,197,224,191,229,40.7,1.0,1.0,0,1,304.7,254.1,13.9,1488,3874.0,7.6,9.8
cow104,1,Jersey,5,0,197,221,202,237,202,228,197,226,39.0,0.0,0.0,0,0,495.4,363.7,12.0,2868,350.7,4.8,21.1
cow104,2,Jersey,5,0,196,222,197,226,199,230,195,229,38.6,0.0,0.0,0,0,578.0,399.1,10.5,2525,125.8,5.2,18.2
cow104,3,Jersey,5,0,197,226,196,240,192,228,196,228,38.7,0.0,0.0,0,0,502.4,381.1,13.1,2977,34.5,3.4,19.5
cow104,4,Jersey,5,0,196,228,200,238,208,236,194,232,38.4,0.0,0.0,0,0,521.3,379.6,13.8,3418,325.0,3.7,19.4
cow104,5,Jersey,5,0,208,224,196,225,201,234,195,231,38.6,0.0,0.0,0,0,530.8,396.8,10.7,3016,164.6,4.4,17.9
cow104,6,Jersey,5,0,190,221,199,231,199,228,207,232,38.7,0.0,0.0,0,0,495.2,361.8,13.3,3027,19.9,3.5,18.9
cow105,1,Jersey,6,0,212,242,206,235,191,216,193,246,38.9,0.0,0.0,0,0,538.8,377.1,8.6,2870,39.0,3.5,18.2
cow105,2,Jersey,6,0,199,221,199,225,197,229,193,227,38.9,0.0,0.0,0,0,498.7,369.3,12.8,2644,56.6,4.2,20.1
cow105,3,Jersey,6,0,198,237,193,241,210,227,196,226,38.5,0.0,0.0,0,0,503.5,347.4,10.5,2631,141.7,5.3,19.1
cow105,4,Jersey,6,0,196,230,198,223,201,228,192,227,38.7,0.0,0.0,0,0,574.5,422.4,12.7,2335,15.4,5.3,20.0
cow105,5,Jersey,6,0,211,223,196,245,200,226,187,227,39.0,0.0,0.0,0,0,478.4,338.2,10.3,3472,73.2,4.8,20.3
cow105,6,Jersey,6,0,188,228,193,229,190,230,195,227,38.7,0.0,0.0,0,0,423.5,338.6,11.4,3185,136.2,4.6,20.5
cow106,1,Jersey,2,0,207,230,194,225,212,224,204,226,38.5,0.0,0.0,0,0,584.4,412.6,10.5,3033,11.2,6.2,20.7
cow106,2,Jersey,2,0,209,229,194,221,187,220,193,227,38.6,0.0,0.0,0,0,622.0,460.3,11.2,3118,133.1,4.1,20.9
cow106,3,Jersey,2,0,192,230,187,234,196,226,191,229,38.4,0.0,0.0,0,0,503.8,350.1,13.7,3136,144.6,4.7,19.2
cow106,4,Jersey,2,0,200,242,186,229,206,234,197,235,38.5,0.0,0.0,0,0,442.5,321.3,11.4,2706,44.3,4.0,19.3
cow106,5,Jersey,2,0,189,229,194,225,197,231,189,247,38.5,0.0,0.0,0,0,507.6,379.4,14.0,2870,35.8,3.5,18.5
cow106,6,Jersey,2,0,190,237,192,234,198,232,194,222,38.5,0.0,0.0,0,0,508.6,394.2,11.0,2810,43.8,5.4,20.1
cow107,1,Jersey,1,0,187,239,186,225,194,226,194,222,38.3,0.0,0.0,0,0,512.4,405.4,13.3,4005,12.5,4.3,21.1
cow107,2,Jersey,1,0,199,231,196,230,200,234,194,224,38.4,0.0,0.0,0,0,475.5,354.0,9.5,3408,63.4,5.1,19.1
cow107,3,Jersey,1,0,209,229,198,239,191,224,207,227,38.5,0.0,0.0,0,0,543.2,427.0,11.2,3067,92.4,4.3,19.4
cow107,4,Jersey,1,0,194,238,198,226,194,232,196,227,38.3,0.0,0.0,0,0,541.0,387.4,10.9,3546,34.2,5.5,20.5
cow107,5,Jersey,1,0,201,225,192,234,201,227,196,225,38.5,0.0,0.0,0,0,460.2,363.9,13.3,3496,155.5,3.7,20.2
cow107,6,Jersey,1,0,184,236,190,230,186,233,203,229,38.1,0.0,0.0,0,0,548.0,379.8,11.7,2448,85.3,5.4,19.9
cow108,1,Jersey,4,0,200,232,195,233,191,228,202,226,37.9,0.0,0.0,0,0,602.1,436.8,9.0,2911,95.1,5.2,19.3
cow108,2,Jersey,4,0,201,220,191,216,205,227,191,227,38.3,0.0,0.0,0,0,526.9,342.0,9.9,2993,60.2,3.1,21.7
cow108,3,Jersey,4,0,199,226,207,237,204,228,201,230,38.2,0.0,0.0,0,0,506.5,351.7,10.3,3245,132.7,4.1,19.0
cow108,4,Jersey,4,0,198,224,200,233,195,225,198,232,38.5,0.0,0.0,0,0,514.3,385.0,12.6,2910,193.7,5.3,20.1
cow108,5,Jersey,4,0,205,221,195,235,212,224,211,237,38.2,0.0,0.0,0,0,544.6,371.1,12.5,2961,59.9,5.8,20.0
cow108,6,Jersey,4,0,196,234,198,228,194,231,200,233,38.3,0.0,0.0,0,0,450.8,346.1,11.1,2815,134.4,5.1,18.5
cow109,1,Jersey,6,0,199,237,206,228,199,228,209,219,38.6,0.0,0.0,0,1,301.6,275.3,12.8,1720,3717.1,7.7,13.4
cow109,2,Jersey,6,0,210,231,201,223,197,217,198,239,38.5,0.0,0.0,0,1,279.4,236.6,14.4,723,2794.2,7.2,7.7
cow109,3,Jersey,6,0,206,206,205,217,190,232,196,230,39.0,0.0,0.0,0,1,368.9,281.9,12.1,1129,7708.5,8.5,11.2
cow109,4,Jersey,6,0,201,199,204,221,198,222,202,223,39.4,1.0,1.0,0,1,288.0,242.3,14.0,563,1111.0,7.7,17.1
cow109,5,Jersey,6,0,207,188,203,236,198,225,196,229,40.1,0.0,1.0,1,1,361.7,277.6,13.9,888,1420.6,7.7,11.1
cow109,6,Jersey,6,0,199,172,210,230,196,225,193,229,40.7,1.0,1.0,1,1,250.9,226.7,13.2,1427,1066.8,7.8,10.8
cow110,1,Jersey,1,0,205,229,190,225,192,224,195,235,38.6,0.0,0.0,0,0,543.5,395.9,12.0,3134,131.1,5.2,19.5
cow110,2,Jersey,1,0,195,230,204,227,196,238,195,225,38.3,0.0,0.0,0,0,532.8,382.2,11.6,2875,65.8,5.9,19.2
cow110,3,Jersey,1,0,200,233,193,221,189,221,198,236,38.4,0.0,0.0,0,0,485.2,389.3,12.1,3450,49.1,5.3,18.9
cow110,4,Jersey,1,0,191,232,191,224,201,226,198,222,38.6,0.0,0.0,0,0,527.1,371.3,9.9,3542,250.6,4.5,19.9
cow110,5,Jersey,1,0,194,244,196,213,202,221,200,233,38.4,0.0,0.0,0,0,568.5,434.1,12.2,2972,277.2,3.8,17.1
cow110,6,Jersey,1,0,190,236,197,218,194,225,202,230,38.6,0.0,0.0,0,0,507.0,353.5,12.7,3100,63.3,5.0,22.7
cow111,1,Jersey,5,0,191,230,199,222,196,231,197,233,38.8,0.0,0.0,0,0,452.3,340.7,11.9,2819,30.9,5.8,20.5
cow111,2,Jersey,5,0,203,240,191,234,195,232,190,236,38.7,0.0,0.0,0,0,519.3,400.9,12.2,3251,287.8,5.3,18.4
cow111,3,Jersey,5,0,191,221,196,231,211,230,191,233,,,,0,0,483.9,378.7,11.4,2522,110.0,4.7,20.7
cow111,4,Jersey,5,0,203,237,202,226,199,232,204,225,38.5,0.0,0.0,0,0,506.3,364.2,12.6,3718,106.2,4.1,19.0
cow111,5,Jersey,5,0,195,229,184,218,187,232,196,225,38.6,0.0,0.0,0,0,516.7,388.0,11.6,3456,85.4,4.8,18.0
cow111,6,Jersey,5,0,187,229,191,244,198,237,202,226,38.8,0.0,0.0,0,0,451.8,346.6,10.1,2520,45.7,5.4,21.7
cow112,1,Jersey,3,0,203,219,199,233,200,236,203,231,38.1,0.0,0.0,0,0,455.4,331.5,12.5,2684,59.7,4.7,18.8
cow112,2,Jersey,3,0,197,228,201,224,204,231,202,230,37.9,0.0,0.0,0,0,539.3,402.7,9.5,3168,126.9,4.4,19.2
cow112,3,Jersey,3,0,200,224,193,226,201,223,203,236,38.0,0.0,0.0,0,0,499.1,401.0,11.8,2865,58.3,4.0,20.7
cow112,4,Jersey,3,0,199,217,195,233,204,230,208,227,38.1,0.0,0.0,0,0,417.4,326.9,11.0,3218,107.1,6.6,19.4
cow112,5,Jersey,3,0,198,216,185,239,205,239,183,239,38.0,0.0,0.0,0,0,551.4,409.0,11.0,2856,80.2,3.8,19.6
cow112,6,Jersey,3,0,213,235,194,236,200,233,197,226,38.2,0.0,0.0,0,0,530.9,398.6,11.7,3610,38.3,3.7,21.7
cow113,1,Jersey,3,0,210,229,186,226,200,229,199,230,39.1,0.0,0.0,0,0,491.4,336.6,10.6,3003,243.4,4.6,18.3
cow113,2,Jersey,3,0,195,226,194,233,191,218,194,224,38.6,0.0,0.0,0,0,467.3,356.7,12.1,3968,119.7,4.3,19.1
cow113,3,Jersey,3,0,196,227,205,225,201,229,203,238,38.8,0.0,0.0,0,0,553.4,381.8,11.6,3241,99.8,5.3,20.3
cow113,4,Jersey,3,0,191,221,195,226,199,234,187,229,38.7,0.0,0.0,0,0,534.0,377.8,10.8,2460,116.5,5.3,19.2
cow113,5,Jersey,3,0,195,233,191,226,197,227,196,220,38.9,0.0,0.0,0,0,615.3,476.1,13.1,3835,23.0,3.5,20.4
cow113,6,Jersey,3,0,192,223,197,230,209,235,195,239,38.9,0.0,0.0,0,0,536.8,385.5,11.7,3439,56.5,3.9,20.0
cow114,1,Jersey,2,0,207,225,197,234,200,230,205,224,38.4,0.0,0.0,0,0,535.5,376.0,12.3,3152,27.7,3.8,20.6
cow114,2,Jersey,2,0,197,219,197,224,189,223,210,231,38.2,0.0,0.0,0,0,513.3,396.7,13.2,3259,86.6,5.1,20.6
cow114,3,Jersey,2,0,209,226,201,225,199,228,191,230,38.2,0.0,0.0,0,0,552.7,382.5,13.2,2524,99.5,4.8,20.0
cow114,4,Jersey,2,0,205,230,192,240,202,229,195,231,38.1,0.0,0.0,0,0,545.0,386.9,12.2,2278,87.6,4.2,20.6
cow114,5,Jersey,2,0,205,206,199,233,202,238,201,236,38.3,0.0,0.0,0,0,570.1,432.5,11.1,2983,179.3,4.7,21.3
cow114,6,Jersey,2,0,204,243,202,241,193,225,195,230,38.3,0.0,0.0,0,0,499.1,368.3,9.8,3552,28.2,3.6,20.7
cow115,1,Jersey,5,0,201,235,216,217,201,234,193,228,38.6,0.0,0.0,0,0,502.6,341.4,11.7,3158,45.7,3.9,18.8
cow115,2,Jersey,5,0,204,222,200,238,194,215,192,223,38.6,0.0,0.0,0,0,500.8,378.3,12.8,3684,105.8,3.5,18.8
cow115,3,Jersey,5,0,210,238,196,239,185,223,202,225,38.8,0.0,0.0,0,0,551.6,391.8,11.9,3528,95.3,4.6,19.1
cow115,4,Jersey,5,0,200,232,201,233,200,229,198,234,38.4,0.0,0.0,0,0,579.9,443.7,7.4,3008,32.0,4.6,21.9
cow115,5,Jersey,5,0,193,230,206,234,206,228,199,231,38.5,0.0,0.0,0,0,501.6,358.1,12.5,3474,181.5,3.7,18.1
cow115,6,Jersey,5,0,201,237,197,225,206,234,189,229,38.5,0.0,0.0,0,0,503.0,388.7,12.6,3609,230.7,4.8,18.5
cow116,1,Jersey,5,0,204,245,194,239,194,238,206,232,38.9,0.0,0.0,0,0,532.6,419.5,11.1,2968,106.6,5.3,20.5
cow116,2,Jersey,5,0,202,233,207,238,197,234,191,228,38.7,0.0,0.0,0,0,510.2,358.8,12.7,2914,28.0,3.7,18.0
cow116,3,Jersey,5,0,197,241,194,230,192,228,200,233,38.8,0.0,0.0,0,0,558.1,399.4,12.3,3056,88.7,4.2,18.3
cow116,4,Jersey,5,0,182,239,195,218,205,219,205,220,38.8,0.0,0.0,0,0,429.9,333.0,10.7,2035,100.5,4.9,21.1
cow116,5,Jersey,5,0,195,237,192,233,199,230,204,230,38.7,0.0,0.0,0,0,486.9,344.7,13.0,3112,65.8,4.5,21.1
cow116,6,Jersey,5,0,195,229,200,235,197,229,200,228,,0.0,0.0,0,0,488.7,366.1,10.0,3288,201.5,3.4,21.9
cow117,1,Jersey,5,0,202,220,201,221,196,226,200,226,38.5,0.0,0.0,0,0,427.2,320.3,11.4,3058,73.3,4.1,20.7
cow117,2,Jersey,5,0,198,223,201,240,197,230,205,229,38.4,0.0,0.0,0,0,481.5,352.5,11.3,3138,339.9,4.1,19.5
cow117,3,Jersey,5,0,210,226,192,224,185,235,201,229,38.4,0.0,0.0,0,0,483.4,358.9,10.5,2983,136.4,4.4,19.8
cow117,4,Jersey,5,0,206,227,200,219,194,223,192,223,38.8,0.0,0.0,0,0,512.0,376.5,11.9,2201,96.1,4.4,21.7
cow117,5,Jersey,5,0,206,236,198,226,194,221,199,231,38.6,0.0,0.0,0,0,564.5,409.7,13.1,3665,150.0,5.8,19.8
cow117,6,Jersey,5,0,194,226,200,224,194,234,182,230,38.7,0.0,0.0,0,0,510.2,363.3,13.0,2853,228.7,4.3,21.6
cow118,1,Jersey,1,0,178,218,209,229,198,235,199,227,37.8,0.0,0.0,0,0,478.8,345.3,12.4,2753,147.8,3.1,18.4
cow118,2,Jersey,1,0,206,223,194,227,203,223,199,225,38.1,0.0,0.0,0,0,517.7,376.5,9.5,3543,75.4,4.6,20.8
cow118,3,Jersey,1,0,196,235,202,230,201,225,196,220,37.8,0.0,0.0,0,0,562.0,404.4,9.9,3391,50.4,5.9,20.4
cow118,4,Jersey,1,0,199,221,189,228,199,220,182,217,37.9,0.0,0.0,0,0,481.0,348.7,11.7,3109,36.6,4.4,18.3
cow118,5,Jersey,1,0,196,234,193,224,198,226,196,228,38.1,0.0,0.0,0,0,483.6,364.0,11.5,3308,14.7,4.1,20.9
cow118,6,Jersey,5,0,208,224,199,238,207,229,195,235,38.0,0.0,0.0,0,0,542.3,360.7,10.9,2538,89.6,4.3,19.4
cow119,1,Jersey,5,0,198,221,208,225,195,242,190,230,39.0,0.0,0.0,0,1,286.1,236.5,15.8,1268,1459.9,8.5,7.4
cow119,2,Jersey,5,0,194,228,192,234,187,239,207,228,38.6,0.0,0.0,0,1,320.9,265.5,13.6,1818,1524.2,7.8,10.2
cow119,3,Jersey,5,0,197,220,195,235,203,225,198,237,38.6,0.0,0.0,0,1,294.5,239.3,14.2,1029,4571.9,6.8,10.2
cow119,4,Jersey,5,0,204,238,226,260,200,239,199,227,38.8,0.0,1.0,1,1,323.1,301.2,14.7,901,1822.9,7.5,11.3
cow119,5,Jersey,5,0,200,234,237,272,200,227,196,228,39.6,1.0,0.0,0,1,253.6,230.5,13.6,1331,9189.4,7.9,9.9
cow119,6,Jersey,5,0,211,212,242,271,191,231,197,224,40.4,1.0,1.0,0,1,294.5,257.9,16.6,1341,1257.2,8.4,16.9
cow120,1,Jersey,6,0,201,224,192,239,190,228,200,229,38.2,0.0,0.0,0,0,511.6,366.2,10.4,3259,40.6,4.0,18.8
cow120,2,Jersey,6,0,198,236,194,224,202,229,185,224,38.6,0.0,0.0,0,0,471.4,350.5,10.8,2449,33.3,4.3,17.7
cow120,3,Jersey,6,0,193,229,198,220,204,237,193,240,38.4,0.0,0.0,0,0,457.5,320.6,10.4,1980,130.9,4.5,18.2
cow120,4,Jersey,6,0,194,240,191,230,199,233,198,239,38.3,0.0,0.0,0,0,547.4,393.4,13.4,3368,176.0,3.9,21.5
cow120,5,Jersey,6,0,200,235,196,237,194,224,192,232,38.6,0.0,0.0,0,0,506.0,354.7,12.5,2567,52.7,4.4,24.0
cow120,6,Jersey,6,0,185,235,192,244,190,220,203,226,38.6,0.0,0.0,1,0,479.1,350.5,10.8,2756,38.1,4.9,23.1
cow121,1,Jersey,1,0,193,234,191,243,197,229,204,234,38.3,0.0,0.0,0,0,516.2,331.6,10.5,2127,228.6,3.6,17.2
cow121,2,Jersey,1,0,205,234,209,233,201,232,202,230,38.5,0.0,0.0,0,0,565.1,386.8,13.2,3409,29.2,4.7,17.9
cow121,3,Jersey,1,0,211,226,196,225,187,229,201,223,38.4,0.0,0.0,0,0,428.8,351.6,11.9,3140,159.6,3.6,18.4
cow121,4,Jersey,1,0,204,231,197,228,199,232,194,228,38.4,0.0,0.0,0,0,460.1,359.0,13.2,3124,53.5,3.6,20.7
cow121,5,Jersey,1,0,199,239,200,230,204,234,199,231,38.4,0.0,0.0,0,0,483.1,381.6,11.4,3121,104.5,4.0,23.2
cow121,6,Jersey,2,0,201,220,191,226,192,230,194,217,38.2,0.0,0.0,0,0,578.4,440.0,12.1,2176,167.1,5.6,20.2
cow122,1,Jersey,2,0,199,234,206,232,208,231,195,230,38.6,0.0,0.0,0,0,531.3,398.9,11.9,2606,110.4,3.1,20.5
cow122,2,Jersey,2,0,197,228,206,229,192,230,199,230,38.5,0.0,0.0,0,0,550.7,390.3,10.8,2819,64.8,4.1,19.0
cow122,3,Jersey,2,0,188,230,192,236,201,231,196,237,38.8,0.0,0.0,0,0,474.4,334.0,11.3,2701,208.4,4.5,20.3
cow122,4,Jersey,2,0,193,230,202,233,198,220,199,227,38.9,0.0,0.0,0,0,475.2,373.8,10.1,2891,97.0,5.4,19.7
cow122,5,Jersey,2,0,187,229,183,233,203,231,195,237,38.7,0.0,0.0,0,0,537.9,391.9,12.1,3098,1011.0,6.1,20.3
cow122,6,Jersey,2,0,208,224,197,217,191,222,201,223,38.6,0.0,0.0,0,0,522.3,426.3,12.4,3403,24.5,4.2,18.7
cow123,1,Jersey,3,0,192,227,205,237,195,231,203,224,38.3,0.0,0.0,0,0,541.9,386.6,12.7,2408,24.2,4.9,20.7
cow123,2,Jersey,3,0,195,231,201,220,194,235,211,238,38.3,0.0,0.0,0,0,512.5,411.0,12.3,2996,157.9,4.4,20.4
cow123,3,Jersey,3,0,197,215,193,232,202,227,190,230,38.6,0.0,0.0,0,0,531.1,383.9,11.3,3285,77.7,4.4,20.3
cow123,4,Jersey,3,0,202,232,205,221,196,225,194,229,38.1,0.0,0.0,0,0,526.3,407.8,13.4,2630,137.3,4.7,18.8
cow123,5,Jersey,3,0,207,227,192,230,188,228,194,227,38.7,1.0,0.0,0,0,551.1,429.2,12.6,2923,37.2,3.2,19.2
cow123,6,Jersey,3,0,198,228,200,229,198,226,202,225,38.4,0.0,0.0,0,0,552.3,381.0,13.2,3187,82.5,4.5,20.0
cow124,1,Jersey,3,0,197,234,187,226,192,245,195,220,38.3,0.0,0.0,0,1,230.2,207.4,15.2,1304,2884.4,8.4,10.6
cow124,2,Jersey,3,0,255,236,222,254,208,225,199,235,38.5,1.0,0.0,1,1,205.1,182.5,13.3,1570,1287.4,7.3,14.8
cow124,3,Jersey,3,0,261,239,221,266,209,219,200,239,39.1,1.0,0.0,1,1,335.1,256.9,14.0,1338,2405.1,8.4,17.8
cow124,4,Jersey,3,0,280,224,220,265,194,223,192,225,39.4,1.0,0.0,1,1,342.5,295.5,14.4,1175,666.0,6.6,14.1
cow124,5,Jersey,3,0,299,235,226,272,190,240,197,220,39.9,0.0,1.0,1,1,254.2,227.0,12.1,831,2742.8,8.1,15.3
cow124,6,Jersey,3,0,306,221,239,279,200,235,198,227,40.3,1.0,1.0,1,1,220.6,211.3,12.1,1399,6396.0,9.1,10.3
cow125,1,Jersey,1,0,197,234,200,222,194,235,200,230,38.3,0.0,0.0,0,0,524.0,392.4,9.9,3040,33.8,4.3,21.1
cow125,2,Jersey,1,0,204,216,198,233,199,229,196,228,38.2,0.0,0.0,0,0,557.2,368.9,11.4,2603,32.4,3.7,21.5
cow125,3,Jersey,1,0,193,225,191,247,198,221,198,235,38.4,0.0,0.0,0,0,591.9,446.3,11.1,3233,180.7,3.4,19.8
cow125,4,Jersey,1,0,193,230,202,234,198,230,205,236,38.3,0.0,0.0,0,0,540.7,386.1,9.8,3507,32.0,4.8,21.1
cow125,5,Jersey,1,0,190,230,199,239,194,216,194,231,38.6,0.0,0.0,0,0,505.1,380.7,11.7,2736,142.0,5.2,21.1
cow125,6,Jersey,1,0,197,222,194,228,199,241,207,219,38.4,0.0,0.0,0,0,484.3,369.7,11.4,2709,82.5,4.5,21.1
cow126,1,Jersey,2,0,200,234,200,232,197,233,190,223,38.4,0.0,0.0,0,0,520.5,404.9,12.9,2694,59.5,4.1,19.3
cow126,2,Jersey,2,0,204,238,207,225,191,234,195,228,38.8,0.0,0.0,0,0,508.0,370.9,13.9,2329,218.8,3.0,21.0
cow126,3,Jersey,2,0,201,224,199,231,204,237,194,223,38.8,0.0,0.0,0,0,479.4,317.4,12.0,3802,150.8,4.6,17.9
cow126,4,Jersey,2,0,202,234,194,215,203,238,184,237,38.5,0.0,0.0,0,0,602.0,430.2,10.7,2820,96.4,3.9,20.7
cow126,5,Jersey,2,0,198,231,198,233,191,219,186,235,38.5,0.0,0.0,0,0,591.4,426.5,12.3,2657,18.0,4.0,20.9
cow126,6,Jersey,2,0,194,226,196,226,188,228,193,224,38.8,0.0,0.0,0,0,565.4,388.6,11.5,2549,129.9,5.8,22.5
cow127,1,Jersey,3,0,196,231,198,237,199,233,185,234,38.1,0.0,0.0,0,0,483.2,360.6,11.2,2845,37.9,3.1,18.2
cow127,2,Jersey,3,0,199,230,199,237,197,226,198,228,38.1,0.0,0.0,0,0,554.2,394.0,10.5,2722,68.2,3.2,20.7
cow127,3,Jersey,3,0,197,222,205,232,196,226,196,227,38.1,0.0,0.0,0,0,545.6,371.2,10.9,3575,79.8,4.7,20.3
cow127,4,Jersey,3,0,195,230,201,228,205,233,201,231,38.4,0.0,0.0,0,0,537.7,402.7,11.3,2501,294.6,4.2,20.2
cow127,5,Jersey,3,0,200,228,197,230,185,233,205,237,38.1,0.0,0.0,0,0,570.0,399.8,12.5,2385,66.7,4.1,19.2
cow127,6,Jersey,3,0,199,221,193,228,191,227,198,234,38.2,0.0,0.0,0,0,545.4,387.9,12.1,3221,29.7,4.7,20.7
cow128,1,Jersey,5,0,208,216,203,229,193,225,195,234,38.9,0.0,0.0,0,1,324.6,264.4,15.7,1257,6521.9,8.2,10.3
cow128,2,Jersey,5,0,207,227,204,229,200,237,201,229,39.0,0.0,0.0,0,1,320.5,292.5,14.3,1211,3581.0,7.2,10.9
cow128,3,Jersey,5,0,194,228,250,238,199,233,191,225,39.6,1.0,0.0,0,1,308.6,262.4,14.0,1524,3690.1,7.5,12.8
cow128,4,Jersey,5,0,201,223,273,242,193,226,199,221,39.6,0.0,1.0,0,1,223.7,213.6,13.1,1355,6621.3,8.0,11.9
cow128,5,Jersey,5,0,202,232,290,221,189,220,191,223,40.6,1.0,1.0,1,1,298.3,249.1,12.3,1281,8000.6,8.1,8.2
cow128,6,Jersey,5,0,203,226,302,226,205,218,193,221,40.7,1.0,0.0,0,1,272.8,250.0,12.8,738,972.5,8.4,14.1
cow129,1,Jersey,2,0,190,230,192,239,202,234,185,226,38.4,0.0,0.0,0,0,468.8,373.6,10.7,2333,30.4,4.0,19.4
cow129,2,Jersey,2,0,201,231,202,236,203,245,197,227,38.4,0.0,0.0,0,0,587.3,432.0,8.4,2720,142.1,4.8,20.3
cow129,3,Jersey,2,0,188,224,194,230,194,235,198,228,38.7,0.0,0.0,0,0,589.2,433.9,10.3,2566,66.3,5.3,20.9
cow129,4,Jersey,2,0,200,224,203,219,200,224,205,219,38.3,0.0,1.0,0,0,574.4,423.5,13.4,3108,70.5,4.5,18.8
cow129,5,Jersey,2,0,199,231,190,222,199,230,191,222,38.6,0.0,0.0,0,0,530.2,361.3,11.9,2281,36.6,4.4,21.2
cow129,6,Jersey,2,0,209,237,202,238,193,226,204,229,38.5,0.0,0.0,0,0,574.0,396.6,11.0,2821,118.9,4.3,19.2
cow130,1,Jersey,4,0,200,228,202,235,193,226,195,223,38.2,0.0,0.0,0,0,520.5,376.6,12.0,2931,104.9,4.0,20.8
cow130,2,Jersey,4,0,194,224,206,236,202,221,199,233,38.2,0.0,0.0,0,0,528.1,371.8,9.2,2984,71.3,3.7,18.0
cow130,3,Jersey,4,0,195,221,210,226,190,229,201,227,38.5,0.0,0.0,0,0,476.3,334.6,11.8,3160,30.4,4.3,21.0
cow130,4,Jersey,4,0,203,227,200,235,201,231,201,231,38.4,0.0,0.0,0,0,535.9,355.8,13.0,2869,183.1,4.9,21.0
cow130,5,Jersey,4,0,192,232,195,232,190,225,196,216,38.1,0.0,0.0,0,0,522.4,357.2,11.4,2733,94.8,3.8,20.7
cow130,6,Jersey,4,0,198,227,199,230,196,225,198,236,38.2,0.0,0.0,0,0,467.9,344.1,9.4,3498,171.9,4.4,19.9
cow131,1,Jersey,5,0,200,237,203,233,196,222,195,229,39.2,0.0,0.0,0,0,518.0,377.5,11.0,2872,18.6,4.3,18.9
cow131,2,Jersey,5,0,197,228,195,228,200,237,201,226,38.7,0.0,0.0,0,0,516.8,363.8,13.0,3568,82.6,5.9,19.7
cow131,3,Jersey,5,0,200,236,201,230,202,230,196,231,39.1,0.0,0.0,0,0,591.9,424.6,11.8,2870,48.4,5.1,19.6
cow131,4,Jersey,5,0,179,228,200,233,204,232,195,232,38.8,0.0,0.0,0,0,555.8,393.7,9.8,2993,81.4,5.1,20.6
cow131,5,Jersey,5,0,204,223,193,219,207,235,187,223,38.9,0.0,0.0,0,0,520.5,399.9,14.3,2945,152.4,5.2,21.5
cow131,6,Jersey,5,0,192,230,187,222,205,230,198,232,38.7,0.0,0.0,0,0,530.0,383.1,10.0,3092,102.6,4.1,21.1
cow132,1,Jersey,2,0,198,232,190,234,211,222,203,229,38.5,0.0,0.0,0,0,521.8,393.6,11.2,2832,80.4,5.6,20.3
cow132,2,Jersey,2,0,202,236,191,237,199,220,195,230,38.5,0.0,0.0,0,0,511.9,378.8,10.3,3038,80.1,4.6,21.1
cow132,3,Jersey,2,0,194,240,215,233,198,223,205,231,38.3,0.0,0.0,0,0,476.7,328.8,10.3,3612,27.0,4.5,19.6
cow132,4,Jersey,2,0,197,229,199,226,197,238,204,237,38.2,0.0,0.0,0,0,514.0,374.7,11.0,3420,42.5,3.5,18.8
cow132,5,Jersey,2,0,202,234,202,223,197,224,195,244,38.3,0.0,0.0,0,0,490.2,339.9,12.3,3422,172.3,4.2,19.6
cow132,6,Jersey,2,0,205,240,200,237,196,214,204,228,38.3,0.0,0.0,0,0,470.0,348.0,13.0,2463,56.0,3.1,20.1
cow133,1,Jersey,4,0,197,231,191,228,191,223,199,229,38.5,0.0,0.0,0,1,315.4,253.9,13.0,828,5002.0,7.8,17.2
cow133,2,Jersey,4,0,200,233,201,223,188,216,193,216,38.4,0.0,0.0,0,1,310.7,271.3,12.3,1387,3883.6,7.5,8.5
cow133,3,Jersey,4,0,258,227,199,232,199,220,201,229,38.7,0.0,1.0,0,1,223.5,188.0,14.1,1608,4052.5,7.7,11.7
cow133,4,Jersey,4,0,277,220,193,244,207,236,200,227,39.6,0.0,1.0,0,1,290.1,252.3,14.1,1092,2609.3,6.9,13.2
cow133,5,Jersey,4,0,291,225,198,227,203,228,207,227,40.1,1.0,1.0,1,1,334.8,289.2,13.8,1021,1404.1,8.6,10.8
cow133,6,Jersey,4,0,318,231,194,233,200,230,205,230,40.6,1.0,1.0,1,1,337.4,296.8,13.8,1858,1766.4,8.5,13.7
cow134,1,Jersey,6,0,206,225,195,235,195,218,197,217,38.2,0.0,0.0,0,0,561.0,390.9,11.4,3274,123.6,5.9,19.8
cow134,2,Jersey,6,0,204,224,207,229,205,231,202,231,,0.0,0.0,0,0,521.6,381.3,11.6,3423,18.3,5.8,20.0
cow134,3,Jersey,6,0,205,215,203,237,190,227,189,225,38.0,0.0,0.0,0,0,486.2,363.0,11.3,2823,187.6,4.6,22.1
cow134,4,Jersey,6,0,201,227,184,232,189,224,205,219,38.3,0.0,0.0,0,0,476.7,381.8,12.8,2792,56.2,5.3,15.8
cow134,5,Jersey,6,0,199,222,197,233,199,235,192,231,38.3,0.0,0.0,0,0,533.8,361.6,14.2,3380,74.8,4.7,21.0
cow134,6,Jersey,6,0,197,238,201,228,213,230,188,231,38.3,0.0,0.0,0,0,535.2,372.7,11.7,2895,75.3,4.2,19.9
cow135,1,Jersey,3,0,192,229,198,235,195,239,207,223,38.8,0.0,0.0,0,0,571.5,461.4,11.5,2756,77.3,4.3,18.5
cow135,2,Jersey,3,0,200,226,198,228,214,228,196,234,38.5,0.0,0.0,0,0,564.0,401.5,11.8,2635,32.1,5.0,21.0
cow135,3,Jersey,3,0,204,244,196,223,211,231,203,238,38.7,0.0,0.0,0,0,514.7,342.8,10.7,2795,88.2,7.8,21.5
cow135,4,Jersey,3,0,193,237,199,220,210,223,204,230,38.7,0.0,0.0,0,0,470.2,339.7,12.4,3350,119.8,5.4,18.3
cow135,5,Jersey,3,0,196,220,203,229,195,232,182,226,38.7,0.0,0.0,0,0,507.2,322.5,12.0,2396,19.3,4.7,20.7
cow135,6,Jersey,3,0,189,218,191,232,195,223,208,227,38.7,0.0,0.0,0,0,528.7,389.6,11.0,3252,32.3,4.9,19.0
cow136,1,Jersey,6,0,199,227,204,235,201,249,191,238,38.8,0.0,0.0,0,0,511.9,389.7,12.6,2717,147.5,4.9,21.0
cow136,2,Jersey,6,0,204,220,201,226,196,224,190,231,38.7,0.0,0.0,0,0,496.9,349.7,11.5,2916,129.7,4.4,20.0
cow136,3,Jersey,6,0,194,229,201,239,202,235,195,231,38.9,0.0,0.0,0,0,530.1,377.6,10.3,2942,97.6,5.1,20.9
cow136,4,Jersey,6,0,200,220,202,231,201,227,187,233,38.7,0.0,0.0,0,0,499.8,384.5,11.9,2912,49.6,4.4,20.5
cow136,5,Jersey,6,0,198,239,193,226,202,228,202,227,38.5,0.0,0.0,0,0,494.9,333.4,11.8,2885,130.2,3.7,20.4
cow136,6,Jersey,6,0,193,231,193,227,204,242,200,236,38.7,0.0,0.0,0,0,532.5,363.7,12.7,2822,34.6,4.9,20.5
cow137,1,Jersey,5,0,197,225,200,235,200,219,195,225,38.5,0.0,0.0,0,0,503.9,366.2,12.5,2771,72.2,5.0,20.2
cow137,2,Jersey,5,0,197,225,192,238,204,228,203,235,38.7,0.0,0.0,0,0,529.8,372.3,11.4,3528,32.2,4.4,20.5
cow137,3,Jersey,5,0,192,219,197,236,210,231,194,230,38.4,0.0,0.0,0,0,530.9,381.3,10.9,3010,71.0,4.7,19.0
cow137,4,Jersey,5,0,204,239,192,233,197,231,198,230,38.4,0.0,0.0,0,0,474.4,329.9,11.5,2950,39.0,5.3,18.9
cow137,5,Jersey,5,0,202,229,195,218,202,228,207,221,38.8,0.0,0.0,0,0,500.8,372.3,11.9,2742,133.9,4.5,20.6
cow137,6,Jersey,5,0,196,223,209,240,198,232,201,226,38.3,0.0,0.0,0,0,577.5,411.8,12.1,2837,107.1,4.1,19.8
cow138,1,Jersey,4,0,199,228,196,227,196,225,202,223,38.7,0.0,0.0,0,0,473.5,362.0,11.9,2744,53.6,3.9,21.6
cow138,2,Jersey,4,0,204,223,194,230,197,233,197,239,39.2,0.0,0.0,0,0,435.3,332.8,11.4,3306,168.7,4.3,17.7
cow138,3,Jersey,4,0,194,228,204,232,184,216,196,226,38.9,0.0,0.0,0,0,445.5,339.0,12.7,2699,41.0,5.7,21.6
cow138,4,Jersey,4,0,207,225,189,223,199,222,197,227,39.0,0.0,0.0,0,0,521.2,354.7,10.7,2102,77.5,4.3,21.4
cow138,5,Jersey,4,0,198,233,188,232,199,240,204,229,39.0,0.0,0.0,0,0,521.2,389.6,14.5,3023,51.9,4.8,19.5
cow138,6,Jersey,4,0,190,232,196,224,191,225,195,228,39.1,0.0,0.0,0,0,515.3,371.2,12.4,2888,132.7,4.2,21.9
cow139,1,Jersey,3,0,200,233,210,231,205,233,211,229,38.6,0.0,1.0,0,0,568.6,406.1,10.1,2766,123.9,4.2,19.3
cow139,2,Jersey,3,0,205,228,201,234,202,232,187,233,38.7,0.0,0.0,0,0,413.1,334.7,11.7,3365,195.2,3.8,17.4
cow139,3,Jersey,3,0,195,238,192,237,192,232,201,235,38.6,0.0,0.0,0,0,535.8,376.6,12.4,1907,84.1,4.6,16.6
cow139,4,Jersey,3,0,197,244,205,236,195,232,191,236,38.8,0.0,0.0,0,0,582.5,441.8,11.1,3630,10.3,4.1,17.6
cow139,5,Jersey,3,0,202,219,202,218,188,231,203,237,38.4,0.0,0.0,0,0,474.9,378.9,9.7,3422,59.0,5.5,18.9
cow139,6,Jersey,3,0,195,224,199,229,199,224,196,231,38.6,0.0,0.0,0,0,504.8,384.4,10.3,2749,234.2,4.4,20.6
cow140,1,Jersey,6,0,190,239,196,229,197,234,196,228,38.3,0.0,0.0,0,0,489.9,344.3,12.2,2820,63.5,4.5,20.1
cow140,2,Jersey,6,0,197,229,183,231,203,227,206,240,38.4,0.0,0.0,0,0,484.2,319.2,9.4,3202,21.1,4.4,20.5
cow140,3,Jersey,6,0,206,234,188,221,202,232,196,237,38.1,0.0,0.0,0,0,506.9,391.6,9.8,3212,108.3,4.8,18.3
cow140,4,Jersey,6,0,186,234,204,226,191,217,198,231,38.2,0.0,0.0,0,0,577.1,416.3,12.1,2746,114.1,5.7,19.0
cow140,5,Jersey,6,0,195,231,204,232,203,223,202,232,38.3,0.0,0.0,0,0,593.5,410.7,11.2,2353,48.1,3.7,19.5
cow140,6,Jersey,6,0,210,221,188,228,197,230,194,220,38.4,0.0,0.0,0,0,506.6,393.1,10.7,3845,67.0,4.7,21.7
cow141,1,Jersey,1,0,197,226,198,232,198,232,198,224,38.5,0.0,0.0,0,1,371.2,285.2,12.9,1682,1008.0,6.7,15.4
cow141,2,Jersey,1,0,196,228,201,236,202,233,192,236,38.5,0.0,0.0,0,1,296.4,248.2,11.7,1363,3040.2,9.0,9.5
cow141,3,Jersey,1,0,256,295,201,234,193,229,192,236,38.7,0.0,0.0,1,1,365.1,306.5,14.1,1370,2088.4,7.9,13.8
cow141,4,Jersey,1,0,277,315,194,235,204,232,196,232,39.0,1.0,0.0,1,1,291.3,232.7,12.5,1549,779.8,6.8,13.7
cow141,5,Jersey,1,0,294,338,200,233,202,220,205,229,39.4,1.0,1.0,1,1,300.2,256.2,12.9,1596,1980.0,7.0,11.5
cow141,6,Jersey,1,0,302,358,204,234,194,228,208,228,39.7,1.0,1.0,1,1,309.6,283.4,13.9,465,1105.2,8.7,13.4
cow142,1,Jersey,2,0,194,241,201,225,213,232,181,243,38.3,0.0,0.0,0,0,647.2,460.1,11.2,2860,217.9,3.2,20.7
cow142,2,Jersey,2,0,200,229,203,232,195,227,204,224,38.1,0.0,0.0,0,0,554.1,422.9,10.7,2818,147.3,4.7,20.5
cow142,3,Jersey,2,0,189,236,193,226,197,230,204,235,38.4,0.0,0.0,0,0,491.7,383.4,9.1,2935,73.0,4.2,19.9
cow142,4,Jersey,2,0,204,224,199,239,196,221,193,225,38.4,0.0,0.0,0,0,558.8,403.4,11.9,3308,84.0,4.3,18.6
cow142,5,Jersey,2,0,212,233,197,230,194,229,206,230,38.4,0.0,0.0,0,0,505.5,329.3,11.6,2284,160.0,4.0,21.3
cow142,6,Jersey,2,0,211,235,211,237,200,225,204,236,38.6,0.0,0.0,0,0,500.4,348.3,10.9,2460,70.5,3.7,18.7
cow143,1,Jersey,2,0,205,233,192,219,189,230,197,223,38.1,0.0,0.0,0,0,556.3,415.5,10.3,2727,134.1,4.1,17.1
cow143,2,Jersey,2,0,194,235,203,227,201,240,196,226,37.8,0.0,0.0,0,0,521.2,352.8,11.5,3062,220.4,5.0,19.3
cow143,3,Jersey,2,0,203,235,197,229,198,225,200,222,38.1,0.0,0.0,0,0,531.1,380.8,12.1,3333,56.6,4.3,20.0
cow143,4,Jersey,2,0,199,239,199,218,206,228,194,230,38.2,0.0,0.0,0,0,520.6,386.4,11.6,3653,247.7,4.8,19.1
cow143,5,Jersey,2,0,197,234,196,223,199,229,204,237,38.1,0.0,0.0,0,0,533.5,414.5,13.5,2885,202.6,4.3,18.5
cow143,6,Jersey,2,0,203,223,194,234,191,226,204,243,38.0,0.0,0.0,0,0,537.0,379.8,12.3,3332,94.3,5.0,18.7
cow144,1,Jersey,5,0,200,221,193,241,192,232,182,236,38.7,0.0,0.0,0,0,442.5,321.9,11.4,3284,58.5,4.8,20.2
cow144,2,Jersey,5,0,200,232,200,238,193,225,205,218,38.8,0.0,0.0,0,0,546.7,395.1,12.4,3217,93.5,4.1,20.0
cow144,3,Jersey,5,0,197,227,196,232,195,233,201,216,38.8,0.0,0.0,0,0,480.7,362.7,11.6,2990,67.1,3.7,18.7
cow144,4,Jersey,5,0,186,228,194,235,205,226,193,233,38.7,0.0,0.0,0,0,462.3,342.6,11.6,2840,45.9,5.3,19.8
cow144,5,Jersey,5,0,192,222,189,239,187,240,200,231,38.8,0.0,0.0,0,0,517.7,397.5,13.1,2574,114.7,3.8,21.0
cow144,6,Jersey,5,0,183,229,190,232,198,227,191,235,38.6,0.0,0.0,0,0,523.4,367.6,10.4,2547,39.2,4.9,21.6
cow145,1,Jersey,6,0,206,220,206,218,198,230,194,232,38.3,0.0,0.0,0,1,267.3,240.5,13.5,1439,1518.8,8.0,11.4
cow145,2,Jersey,6,0,202,240,199,227,195,225,197,226,38.6,0.0,0.0,0,1,328.2,283.0,14.9,1278,1535.0,7.6,10.3
cow145,3,Jersey,6,0,195,220,203,228,205,231,198,229,38.6,0.0,0.0,0,1,241.3,215.6,13.9,1134,664.0,8.3,12.2
cow145,4,Jersey,6,0,200,214,185,240,203,223,197,229,38.8,0.0,0.0,1,1,278.7,260.3,13.1,1566,3392.1,9.1,15.9
cow145,5,Jersey,6,0,191,199,197,229,212,239,200,229,39.7,0.0,0.0,1,1,271.6,243.6,11.5,1220,1659.9,8.5,9.1
cow145,6,Jersey,6,0,195,187,208,232,195,229,200,232,39.9,1.0,1.0,1,1,293.1,268.1,10.8,935,5683.2,8.1,10.4
cow146,1,Jersey,2,0,203,238,191,230,194,232,211,235,38.4,0.0,0.0,0,0,531.2,390.2,14.0,2893,67.1,5.8,21.0
cow146,2,Jersey,2,0,207,235,192,241,199,232,205,242,38.6,0.0,0.0,0,0,479.7,362.6,11.9,3328,60.0,3.2,18.6
cow146,3,Jersey,2,0,195,231,190,227,199,233,201,235,38.7,0.0,0.0,0,0,549.0,386.0,10.8,2591,42.5,3.6,20.3
cow146,4,Jersey,2,0,198,228,193,231,203,232,199,227,38.5,0.0,0.0,0,0,522.5,370.2,11.9,3084,81.6,4.1,21.1
cow146,5,Jersey,2,0,203,229,196,236,197,230,200,229,38.6,0.0,0.0,0,0,444.3,356.6,10.4,2978,81.9,5.6,20.4
cow146,6,Jersey,2,0,201,242,194,228,199,221,197,227,38.3,0.0,0.0,0,0,441.7,344.4,11.1,2696,132.6,5.3,18.4
cow147,1,Jersey,2,0,198,226,203,238,207,239,201,237,38.4,0.0,0.0,0,0,519.5,361.3,10.4,2883,83.2,3.1,20.4
cow147,2,Jersey,2,0,193,230,197,233,200,224,202,237,38.7,0.0,0.0,0,0,511.2,378.0,9.8,2371,337.4,4.2,19.0
cow147,3,Jersey,2,0,197,232,193,226,210,222,199,241,38.4,0.0,0.0,0,0,515.9,334.8,9.0,3044,108.9,3.4,21.5
cow147,4,Jersey,2,0,194,234,194,240,193,227,203,229,38.6,0.0,0.0,0,0,518.9,369.0,9.6,2454,40.2,4.5,20.0
cow147,5,Jersey,2,0,195,229,199,239,199,225,191,227,38.6,0.0,0.0,0,0,529.0,402.7,12.7,3429,37.9,5.2,20.4
cow147,6,Jersey,2,0,204,227,197,223,201,227,195,229,38.6,0.0,0.0,0,0,557.9,400.5,10.3,2963,114.9,5.3,19.8
cow148,1,Jersey,1,0,194,231,201,217,193,221,208,216,38.8,0.0,0.0,0,0,475.6,355.5,12.1,2771,39.3,4.7,19.7
cow148,2,Jersey,1,0,194,217,197,226,200,234,191,225,38.6,0.0,0.0,0,0,473.1,297.6,12.6,3464,119.8,4.2,23.9
cow148,3,Jersey,1,0,198,223,204,226,195,224,199,227,38.6,0.0,0.0,0,0,476.3,346.7,11.5,2587,147.5,4.4,17.1
cow148,4,Jersey,1,0,193,229,207,223,201,219,206,226,38.5,0.0,0.0,0,0,531.6,393.0,11.1,2701,149.9,5.0,18.7
cow148,5,Jersey,1,0,197,229,195,228,187,232,189,235,38.7,0.0,0.0,0,0,569.8,418.3,11.7,2268,43.6,6.4,21.2
cow148,6,Jersey,1,0,194,227,196,232,207,227,186,236,38.5,0.0,0.0,0,0,502.7,387.0,11.0,3524,150.1,3.6,20.3
cow149,1,Jersey,6,0,191,226,200,232,202,235,200,215,38.5,0.0,0.0,0,0,419.9,316.2,12.9,3749,99.3,5.8,19.5
cow149,2,Jersey,6,0,196,239,200,226,203,228,192,223,38.4,0.0,0.0,0,0,451.8,336.1,13.8,2331,52.2,4.7,16.7
cow149,3,Jersey,6,0,191,225,208,242,204,233,191,224,38.4,0.0,0.0,0,0,486.7,336.0,13.2,2674,71.2,5.2,20.0
cow149,4,Jersey,6,0,210,241,200,231,199,227,200,225,38.3,0.0,0.0,0,0,497.7,362.9,8.9,3028,110.0,4.6,18.5
cow149,5,Jersey,6,0,199,230,200,236,189,238,193,225,38.3,0.0,0.0,0,0,503.7,347.5,11.0,2794,49.9,5.6,20.8
cow149,6,Jersey,6,0,202,229,199,231,207,226,199,232,38.1,0.0,0.0,0,0,521.5,347.7,11.5,2987,97.8,4.8,20.0
cow150,1,Jersey,5,0,199,237,203,212,191,238,209,222,38.5,0.0,0.0,0,1,282.5,228.0,14.1,1253,6396.8,7.5,14.6
cow150,2,Jersey,5,0,196,233,196,227,202,218,199,232,38.5,0.0,0.0,0,1,337.0,307.3,11.4,1463,4339.3,8.4,9.2
cow150,3,Jersey,5,0,197,258,187,232,205,229,196,234,39.1,0.0,1.0,0,1,268.0,233.9,11.4,916,2131.5,8.9,14.8
cow150,4,Jersey,5,0,202,265,201,239,207,233,196,233,39.8,1.0,0.0,0,1,260.5,238.3,15.1,1377,2409.6,8.0,11.4
cow150,5,Jersey,5,0,203,278,207,230,206,229,207,230,40.3,1.0,1.0,0,1,314.2,257.3,12.8,854,1293.2,6.3,10.5
cow150,6,Jersey,5,0,201,272,208,234,196,240,203,231,40.9,1.0,1.0,1,1,233.6,185.9,11.7,1135,1322.9,7.9,15.2
cow151,1,Jersey,4,0,191,231,201,234,196,245,199,223,38.3,0.0,0.0,0,0,535.6,406.2,10.2,2305,27.5,4.6,19.0
cow151,2,Jersey,4,0,203,229,200,234,197,228,196,225,38.3,0.0,0.0,0,0,524.1,343.4,12.0,2838,94.5,4.5,19.6
cow151,3,Jersey,4,0,198,231,203,227,202,214,187,228,38.1,0.0,0.0,0,0,514.1,366.5,10.5,2771,127.3,4.1,20.3
cow151,4,Jersey,4,0,197,226,189,226,194,223,199,235,38.2,0.0,0.0,0,0,583.5,417.1,11.8,3377,75.6,5.6,17.7
cow151,5,Jersey,4,0,206,229,195,235,198,231,192,229,38.4,0.0,0.0,0,0,495.1,369.2,10.3,2976,43.3,2.6,17.6
cow151,6,Jersey,4,0,202,230,185,225,201,237,194,230,38.3,0.0,0.0,0,0,602.4,416.4,9.4,3049,83.1,4.6,20.0
cow152,1,Jersey,1,0,199,233,201,232,193,222,189,225,38.4,0.0,0.0,0,0,511.0,341.5,13.2,2991,200.7,4.6,21.2
cow152,2,Jersey,1,0,190,234,199,225,194,237,190,237,38.5,0.0,0.0,0,0,468.9,334.9,12.0,2148,147.7,6.2,21.1
cow152,3,Jersey,1,0,199,220,199,234,194,229,210,233,38.4,0.0,0.0,0,0,522.8,368.2,11.1,2201,77.8,4.5,21.2
cow152,4,Jersey,1,0,196,234,192,233,201,229,203,223,38.4,0.0,0.0,0,0,477.0,340.3,10.9,2873,326.8,4.9,20.1
cow152,5,Jersey,1,0,192,219,193,233,199,230,192,228,38.2,0.0,0.0,0,0,489.9,379.4,13.3,3111,512.4,4.6,18.6
cow152,6,Jersey,1,0,193,225,198,233,202,227,195,225,38.3,0.0,0.0,0,0,535.9,367.7,12.2,2906,57.0,4.6,18.9
cow153,1,Jersey,1,0,192,233,194,226,203,237,195,227,38.0,0.0,0.0,0,0,542.2,398.8,12.9,2654,67.0,5.9,19.3
cow153,2,Jersey,1,0,187,242,203,231,196,235,200,219,38.0,0.0,0.0,0,0,495.1,367.9,10.8,2904,128.2,3.6,18.4
cow153,3,Jersey,1,0,194,229,203,218,192,224,199,231,38.3,0.0,0.0,0,0,559.5,421.0,11.6,2869,42.3,4.0,17.9
cow153,4,Jersey,1,0,193,227,197,225,197,236,184,230,38.3,0.0,0.0,0,0,566.3,405.4,12.0,3312,142.8,5.1,18.6
cow153,5,Jersey,1,0,200,231,205,233,198,237,192,230,38.2,0.0,0.0,0,0,577.5,428.7,10.8,3289,85.2,4.7,19.8
cow153,6,Jersey,1,0,199,237,199,223,199,230,202,230,38.2,0.0,0.0,0,0,541.2,389.6,11.4,2779,102.7,4.3,19.1
cow154,1,Jersey,5,0,193,225,194,233,203,227,186,222,38.4,0.0,0.0,0,0,574.5,420.5,10.8,2980,53.4,4.4,19.4
cow154,2,Jersey,5,0,190,229,212,224,199,232,201,228,38.2,0.0,0.0,0,0,444.8,307.8,12.0,3110,46.1,5.2,19.9
cow154,3,Jersey,5,0,188,228,196,223,194,232,196,220,38.4,0.0,0.0,0,0,507.3,324.9,9.9,3170,20.2,4.9,18.4
cow154,4,Jersey,5,0,190,228,197,221,205,229,202,230,38.6,0.0,0.0,0,0,485.3,366.0,12.2,3661,221.5,3.9,19.2
cow154,5,Jersey,5,0,195,232,193,233,192,228,195,230,38.4,0.0,0.0,0,0,524.8,390.6,11.9,2989,152.2,4.7,21.4
cow154,6,Jersey,5,0,202,236,202,231,198,225,188,229,38.2,0.0,0.0,0,0,497.1,374.8,11.3,3467,126.5,4.5,18.8
cow155,1,Jersey,3,0,203,239,186,233,206,226,201,238,38.7,0.0,0.0,0,0,513.4,366.6,12.0,2536,101.0,4.9,20.9
cow155,2,Jersey,3,0,185,226,193,222,184,228,193,225,38.8,0.0,0.0,0,0,595.3,452.0,11.1,2745,16.2,4.2,19.8
cow155,3,Jersey,3,0,205,229,198,228,200,237,207,241,38.6,0.0,0.0,0,0,513.2,367.6,10.7,2146,47.3,3.5,19.9
cow155,4,Jersey,3,0,199,234,203,236,205,229,208,233,38.7,0.0,0.0,0,0,536.6,397.5,12.2,3061,66.6,5.0,20.5
cow155,5,Jersey,3,0,200,232,201,226,198,228,206,229,38.8,0.0,0.0,0,0,510.7,385.1,12.2,3259,37.6,4.9,19.3
cow155,6,Jersey,3,0,198,233,196,225,199,234,198,218,38.9,0.0,0.0,0,0,523.0,412.8,10.9,1978,24.7,5.6,19.3
cow156,1,Jersey,1,0,194,233,210,221,190,231,189,220,38.7,0.0,0.0,0,0,520.2,374.4,10.8,3075,40.4,3.4,19.4
cow156,2,Jersey,1,0,194,223,207,224,190,223,200,242,38.8,0.0,0.0,0,0,537.9,379.0,11.3,3242,82.2,4.4,19.3
cow156,3,Jersey,1,0,198,218,194,236,203,225,202,228,38.8,0.0,0.0,0,0,566.6,381.0,10.8,3219,82.2,4.3,21.5
cow156,4,Jersey,1,0,194,227,205,242,203,231,203,225,38.9,0.0,0.0,0,0,585.9,447.5,13.3,2522,148.7,4.2,20.2
cow156,5,Jersey,1,0,194,232,199,217,196,230,199,221,38.4,0.0,0.0,0,0,532.4,395.0,11.9,3309,330.3,3.3,22.0
cow156,6,Jersey,1,0,203,229,207,226,201,229,207,223,38.9,0.0,0.0,0,0,543.6,402.3,11.5,3004,127.6,3.6,22.7
cow157,1,Jersey,2,0,198,243,200,228,198,227,210,232,38.7,0.0,0.0,0,0,474.0,408.5,10.4,3236,70.4,4.7,19.0
cow157,2,Jersey,2,0,203,235,200,233,197,231,201,236,38.7,0.0,0.0,0,0,516.5,383.7,12.4,2950,275.5,4.1,22.3
cow157,3,Jersey,2,0,199,229,193,225,213,231,201,236,39.2,0.0,0.0,0,0,557.6,379.1,10.8,3152,26.6,3.8,19.7
cow157,4,Jersey,2,0,201,232,198,234,192,233,200,234,38.7,0.0,0.0,0,0,554.6,397.3,10.7,3444,18.9,5.6,20.3
cow157,5,Jersey,2,0,203,235,198,232,201,225,202,232,38.9,0.0,0.0,0,0,528.5,367.5,12.4,2918,43.1,6.4,20.5
cow157,6,Jersey,2,0,206,227,200,231,176,225,196,230,38.8,0.0,0.0,0,0,555.5,394.1,12.0,3114,139.2,4.5,22.2
cow158,1,Jersey,1,0,197,223,206,220,207,234,192,228,38.4,0.0,0.0,0,1,314.6,259.5,10.5,1800,2285.6,6.8,10.5
cow158,2,Jersey,1,0,256,290,191,233,188,224,200,228,39.2,0.0,0.0,0,1,343.0,273.2,13.3,1247,803.7,8.3,11.0
cow158,3,Jersey,1,0,263,315,176,235,200,234,190,224,39.5,0.0,1.0,0,1,306.6,236.9,13.7,850,1110.5,6.3,8.7
cow158,4,Jersey,1,0,285,322,171,231,195,224,199,236,39.6,1.0,1.0,1,1,280.8,275.1,13.1,1570,733.6,6.9,8.1
cow158,5,Jersey,1,0,291,341,159,235,195,226,195,236,40.0,1.0,1.0,0,1,308.4,268.4,13.7,1874,733.6,8.3,8.4
cow158,6,Jersey,1,0,306,358,167,226,205,228,193,225,40.5,1.0,1.0,1,1,177.8,180.6,11.3,1816,6964.2,6.9,11.7
cow159,1,Jersey,2,0,210,226,203,214,198,228,195,227,38.2,0.0,0.0,0,0,535.3,402.8,8.1,3286,71.9,4.3,22.0
cow159,2,Jersey,2,0,193,242,195,219,204,209,190,235,37.9,0.0,0.0,0,0,374.1,300.9,10.3,2062,269.7,3.3,19.9
cow159,3,Jersey,2,0,199,226,201,231,201,235,186,220,38.0,1.0,0.0,0,0,451.1,343.6,11.8,2746,43.0,4.5,17.9
cow159,4,Jersey,2,0,196,243,194,233,205,224,191,224,38.1,0.0,0.0,0,0,538.1,403.2,7.6,2766,111.5,5.4,21.9
cow159,5,Jersey,2,0,195,230,191,236,201,241,193,233,38.1,0.0,0.0,0,0,539.1,393.9,10.5,3018,92.9,4.0,19.8
cow159,6,Jersey,2,0,199,220,205,235,201,223,194,235,38.1,0.0,0.0,0,0,473.5,364.2,9.2,3675,145.8,4.5,18.3
cow160,1,Jersey,4,0,198,231,198,239,189,236,202,225,38.4,0.0,1.0,0,0,491.5,376.5,11.2,2568,94.7,3.8,24.0
cow160,2,Jersey,4,0,199,231,201,227,197,243,203,220,38.7,0.0,0.0,0,0,574.8,415.8,13.8,3897,156.9,3.9,20.5
cow160,3,Jersey,4,0,193,223,201,226,190,229,204,229,38.5,0.0,0.0,0,0,500.6,364.4,11.2,2847,116.5,3.8,22.9
cow160,4,Jersey,4,0,199,229,201,234,206,227,203,230,38.5,0.0,0.0,0,0,609.7,461.4,11.4,2693,37.4,5.1,20.4
cow160,5,Jersey,4,0,200,233,194,224,198,238,200,238,38.5,0.0,0.0,0,0,519.9,371.4,12.5,3338,131.8,3.4,18.4
cow160,6,Jersey,4,0,199,233,204,217,192,236,200,235,38.4,0.0,0.0,0,0,536.3,396.8,11.5,3370,74.0,4.2,20.4
cow161,1,Jersey,3,0,196,231,202,233,195,239,198,229,38.5,0.0,0.0,0,0,584.7,426.3,11.2,3260,46.4,4.8,18.6
cow161,2,Jersey,3,0,198,228,190,222,200,240,197,228,38.7,0.0,0.0,0,0,525.2,372.2,12.6,2692,128.3,5.2,19.6
cow161,3,Jersey,3,0,195,223,198,233,185,227,197,227,38.8,0.0,0.0,0,0,479.9,341.4,12.1,3201,150.1,4.9,18.2
cow161,4,Jersey,3,0,197,224,200,235,204,226,201,232,38.6,0.0,0.0,0,0,515.6,371.0,11.8,2587,56.9,4.4,19.7
cow161,5,Jersey,3,0,202,236,191,230,208,240,195,213,38.7,0.0,0.0,0,0,518.6,370.3,11.3,2681,62.3,4.0,21.1
cow161,6,Jersey,3,0,200,220,207,228,189,229,183,233,38.6,0.0,0.0,0,0,465.4,321.0,11.1,2962,30.5,5.2,20.6
cow162,1,Jersey,1,0,195,233,192,230,203,221,203,221,38.2,0.0,0.0,0,1,284.8,237.1,14.6,972,466.0,7.3,12.9
cow162,2,Jersey,1,0,206,231,197,222,189,230,202,225,38.4,0.0,0.0,0,1,265.3,242.0,13.1,1721,1641.3,7.3,12.3
cow162,3,Jersey,1,0,199,231,191,295,202,235,195,221,38.6,0.0,1.0,0,1,332.0,300.0,15.0,1069,3777.6,9.1,9.3
cow162,4,Jersey,1,0,199,231,204,314,205,229,190,236,38.8,0.0,0.0,0,1,296.4,265.8,12.2,1212,1257.1,8.3,12.2
cow162,5,Jersey,1,0,191,227,196,336,198,215,195,227,39.5,1.0,0.0,1,1,283.7,201.4,15.2,948,6305.6,8.3,9.5
cow162,6,Jersey,1,0,201,231,198,355,194,238,196,231,39.8,0.0,1.0,1,1,290.8,264.0,14.1,1715,1691.3,8.5,10.5
cow163,1,Jersey,5,0,202,232,185,232,187,232,207,227,38.4,0.0,0.0,0,0,528.9,375.3,10.3,2734,69.1,4.4,22.7
cow163,2,Jersey,5,0,201,230,193,227,192,218,205,234,38.6,0.0,0.0,0,0,544.7,403.0,12.1,3457,65.1,3.3,21.5
cow163,3,Jersey,5,0,196,227,190,235,214,232,204,235,38.6,0.0,0.0,0,0,480.0,355.8,10.7,3427,156.5,4.7,19.7
cow163,4,Jersey,5,0,188,231,197,246,192,242,197,222,38.4,0.0,0.0,0,0,478.3,351.5,11.5,2822,41.0,4.5,20.1
cow163,5,Jersey,5,0,204,231,210,238,197,240,201,229,38.4,0.0,0.0,0,0,564.2,404.7,10.9,3012,72.7,3.8,20.1
cow163,6,Jersey,5,0,197,226,193,232,194,236,196,233,38.7,0.0,0.0,0,0,503.5,369.7,11.3,2811,54.4,3.6,18.6
cow164,1,Jersey,4,0,197,233,196,227,202,227,190,234,38.6,0.0,0.0,0,0,463.3,370.2,12.6,3218,53.9,4.5,21.4
cow164,2,Jersey,4,0,197,229,192,239,200,228,197,227,39.0,0.0,0.0,0,0,537.8,390.3,12.1,2922,81.4,3.4,20.8
cow164,3,Jersey,4,0,196,220,205,236,205,227,206,223,39.1,0.0,0.0,0,0,538.5,410.7,10.1,2833,73.5,4.4,17.9
cow164,4,Jersey,4,0,205,229,198,241,192,228,200,231,38.9,0.0,0.0,0,0,458.8,360.2,10.2,3018,164.2,4.3,22.2
cow164,5,Jersey,4,0,198,227,192,225,192,224,199,240,38.8,0.0,0.0,0,0,529.2,397.5,11.8,2367,78.8,4.4,19.3
cow164,6,Jersey,4,0,197,234,206,226,182,221,200,227,38.9,0.0,0.0,0,0,549.4,365.5,11.9,2970,116.5,4.8,18.9
cow165,1,Jersey,4,0,202,241,200,220,202,228,201,234,38.1,0.0,0.0,0,0,535.0,409.1,10.7,3260,89.5,5.0,22.1
cow165,2,Jersey,4,0,198,232,194,224,209,231,192,226,38.1,0.0,0.0,0,0,545.3,386.9,13.4,3055,209.5,3.9,19.2
cow165,3,Jersey,4,0,194,223,192,238,195,221,195,231,38.3,0.0,0.0,0,0,463.8,359.2,12.5,3381,64.5,5.2,18.5
cow165,4,Jersey,4,0,200,233,204,236,195,223,199,230,38.3,0.0,0.0,0,0,533.2,370.4,10.7,2849,64.6,4.3,19.9
cow165,5,Jersey,4,0,201,240,197,233,192,225,198,224,38.5,0.0,0.0,0,0,507.9,351.4,10.6,2816,132.9,5.9,19.9
cow165,6,Jersey,4,0,202,239,196,226,193,243,201,227,38.2,0.0,0.0,0,0,500.7,404.0,11.2,2553,63.9,4.0,18.2
cow166,1,Jersey,1,0,197,234,206,229,186,231,192,231,38.5,0.0,0.0,0,0,554.8,383.7,11.1,2838,112.1,3.2,18.0
cow166,2,Jersey,1,0,199,221,200,236,202,244,195,234,38.5,0.0,0.0,0,0,579.2,436.1,13.0,3786,399.4,5.2,19.5
cow166,3,Jersey,1,0,207,232,192,225,201,219,197,227,38.7,0.0,0.0,0,0,591.8,425.2,12.7,3110,40.4,4.8,18.2
cow166,4,Jersey,1,0,202,228,200,223,202,236,219,231,38.4,0.0,0.0,0,0,572.6,404.0,11.5,2766,228.8,5.5,18.7
cow166,5,Jersey,1,0,207,221,209,231,190,228,204,229,38.4,0.0,0.0,0,0,515.6,376.6,12.3,2598,56.5,4.7,19.0
cow166,6,Jersey,1,0,198,238,195,238,188,230,199,226,38.7,0.0,0.0,0,0,534.1,365.0,12.5,2361,200.1,6.4,18.2
cow167,1,Jersey,2,0,199,221,186,233,192,234,196,230,38.0,0.0,0.0,0,1,325.7,273.2,13.6,968,3468.3,7.8,13.2
cow167,2,Jersey,2,0,222,233,194,265,193,244,194,231,38.6,1.0,0.0,0,1,299.8,238.4,14.0,1604,3236.8,8.8,11.2
cow167,3,Jersey,2,0,221,236,184,263,190,241,198,235,38.9,0.0,0.0,0,1,300.2,251.0,14.2,1129,1766.7,7.6,11.0
cow167,4,Jersey,2,0,234,233,203,268,193,223,196,224,39.6,0.0,1.0,1,1,328.0,291.4,14.1,917,1630.5,8.4,15.7
cow167,5,Jersey,2,0,238,227,203,270,197,244,203,233,39.7,1.0,1.0,1,1,292.6,258.2,12.6,961,1115.1,8.5,13.3
cow167,6,Jersey,2,0,239,234,198,286,207,231,198,219,40.6,1.0,1.0,1,1,265.8,210.8,12.7,1560,2005.4,8.7,11.5
cow168,1,Jersey,4,0,204,233,197,229,204,237,196,234,38.4,0.0,0.0,0,0,503.4,385.4,11.2,2967,70.0,5.1,19.2
cow168,2,Jersey,4,0,190,220,195,227,200,234,199,227,38.2,0.0,0.0,0,0,545.4,395.1,10.7,2749,90.6,2.5,18.5
cow168,3,Jersey,4,0,201,221,190,231,192,230,205,235,38.5,0.0,0.0,0,0,520.1,370.3,9.7,2877,30.0,4.4,19.6
cow168,4,Jersey,4,0,189,230,201,229,204,232,187,214,38.5,0.0,0.0,0,0,533.6,401.6,12.3,3882,80.7,4.0,19.1
cow168,5,Jersey,4,0,204,241,192,235,198,223,191,223,38.8,0.0,0.0,0,0,546.8,393.1,11.9,3488,190.0,4.2,19.6
cow168,6,Jersey,4,0,199,219,193,228,193,222,198,224,38.3,0.0,0.0,0,0,505.0,350.0,9.9,3587,152.5,4.3,19.6
cow169,1,Jersey,6,0,189,223,194,228,193,229,184,225,39.2,0.0,0.0,0,0,550.2,431.4,11.2,2299,80.7,5.3,20.8
cow169,2,Jersey,6,0,202,240,206,234,195,222,196,226,38.6,0.0,0.0,0,0,535.2,388.8,11.3,2940,466.4,4.7,19.8
cow169,3,Jersey,6,0,194,227,198,230,192,220,201,222,39.1,0.0,0.0,0,0,470.6,348.9,11.7,2742,53.3,4.1,21.0
cow169,4,Jersey,6,0,191,225,207,231,200,235,198,237,38.8,0.0,0.0,0,0,577.7,407.3,10.2,3218,74.8,3.3,21.3
cow169,5,Jersey,6,0,209,238,207,222,199,229,193,231,38.9,0.0,0.0,0,0,500.0,389.2,9.9,3424,29.2,5.7,21.3
cow169,6,Jersey,6,0,193,232,193,228,196,229,198,227,38.9,0.0,0.0,0,0,453.8,330.8,12.1,3131,60.1,4.0,20.5
cow170,1,Jersey,4,0,199,225,195,236,206,221,197,227,38.8,0.0,0.0,0,0,478.2,327.1,9.7,2651,273.1,4.4,18.4
cow170,2,Jersey,4,0,187,231,196,238,199,233,208,222,38.5,0.0,0.0,0,0,479.2,343.3,11.2,2736,61.7,6.2,20.5
cow170,3,Jersey,4,0,207,244,190,236,202,219,206,239,38.8,0.0,0.0,0,0,522.1,405.1,11.1,3248,27.6,4.0,18.6
cow170,4,Jersey,4,0,196,215,202,232,186,227,206,230,39.0,0.0,0.0,0,0,509.0,388.4,11.4,3288,145.1,4.3,21.0
cow170,5,Jersey,4,0,192,230,189,235,194,235,199,216,38.9,0.0,0.0,0,0,506.5,367.3,11.8,3056,103.9,4.7,22.0
cow170,6,Jersey,4,0,204,229,192,233,202,227,199,223,38.7,0.0,0.0,0,0,544.8,419.6,13.4,3052,141.0,3.2,19.3
cow171,1,Jersey,3,0,210,224,195,238,188,229,201,229,38.2,0.0,0.0,0,0,533.6,401.6,9.6,3020,64.7,3.1,21.5
cow171,2,Jersey,3,0,187,228,200,226,196,227,197,226,38.2,0.0,0.0,0,0,532.6,382.8,12.6,3108,39.6,4.1,20.4
cow171,3,Jersey,3,0,191,234,194,234,195,235,194,226,38.5,0.0,0.0,0,0,536.4,386.8,8.5,3286,70.0,4.1,20.6
cow171,4,Jersey,3,0,193,228,196,226,198,225,194,224,38.1,0.0,0.0,0,0,544.6,400.7,13.2,3252,116.5,4.6,20.7
cow171,5,Jersey,3,0,181,236,195,233,188,235,198,233,38.3,0.0,0.0,0,0,435.7,314.4,9.0,3009,75.6,3.7,21.8
cow171,6,Jersey,3,0,187,225,203,228,202,229,191,231,38.3,0.0,0.0,0,0,505.4,371.3,14.4,2980,103.8,4.8,18.9
cow172,1,Jersey,4,0,203,230,193,220,189,229,204,224,38.3,0.0,0.0,0,0,432.8,333.2,11.0,2965,54.8,2.8,20.2
cow172,2,Jersey,4,0,198,229,200,231,195,227,203,230,38.2,0.0,0.0,0,0,521.4,350.5,13.0,2688,106.5,4.4,21.0
cow172,3,Jersey,4,0,196,228,202,226,199,239,204,225,38.4,0.0,0.0,0,0,519.8,376.5,12.8,2683,79.3,4.8,17.9
cow172,4,Jersey,4,0,201,222,198,229,204,231,197,233,38.1,0.0,0.0,0,0,561.8,399.6,11.0,3218,48.8,4.8,22.1
cow172,5,Jersey,4,0,194,239,211,225,203,225,191,228,38.1,0.0,0.0,0,0,567.5,427.0,11.1,2715,87.5,4.4,20.5
cow172,6,Jersey,4,0,204,236,195,227,196,230,197,230,38.4,0.0,0.0,0,0,528.1,351.7,10.5,3326,60.8,4.0,20.5
cow173,1,Jersey,6,0,199,223,193,227,193,229,196,236,38.2,0.0,0.0,0,0,500.0,361.1,12.4,2979,121.7,4.3,21.1
cow173,2,Jersey,6,0,204,224,201,231,198,234,198,228,38.2,0.0,0.0,0,0,539.4,383.0,11.0,3328,145.2,5.5,19.8
cow173,3,Jersey,6,0,197,233,195,234,208,235,201,228,38.2,0.0,0.0,0,0,498.9,384.6,10.5,3255,112.3,4.0,18.5
cow173,4,Jersey,6,0,192,229,183,231,201,226,200,234,38.2,0.0,0.0,0,0,519.9,379.2,12.1,3337,25.7,5.3,19.1
cow173,5,Jersey,6,0,198,224,204,233,200,232,202,225,38.4,0.0,0.0,0,0,559.4,436.0,10.4,2809,40.8,5.4,20.0
cow173,6,Jersey,6,0,198,227,193,224,199,230,204,233,38.5,0.0,0.0,0,0,497.7,378.5,11.1,3164,51.2,3.1,19.7
cow174,1,Jersey,3,0,205,222,189,221,191,231,187,229,,0.0,0.0,0,0,552.2,392.0,11.6,3295,45.8,4.4,22.8
cow174,2,Jersey,3,0,205,227,196,229,211,226,194,233,38.7,0.0,0.0,0,0,547.1,400.6,10.7,2379,54.6,3.7,19.5
cow174,3,Jersey,3,0,211,232,190,230,193,234,188,232,38.5,0.0,0.0,0,0,481.8,350.7,10.9,3681,150.5,3.3,20.3
cow174,4,Jersey,3,0,202,234,202,225,202,218,204,227,38.6,0.0,0.0,0,0,559.0,418.8,13.3,3906,128.7,5.1,19.7
cow174,5,Jersey,3,0,212,230,193,230,193,230,202,228,38.5,0.0,0.0,0,0,547.9,372.8,11.3,3379,59.3,4.9,18.8
cow174,6,Jersey,3,0,191,228,209,229,199,234,206,219,38.8,0.0,0.0,0,0,524.1,367.6,11.1,3322,119.5,4.7,22.1
cow175,1,Jersey,4,0,202,232,194,231,197,229,199,239,38.2,0.0,0.0,0,0,489.5,369.9,11.3,3236,99.7,3.6,18.8
cow175,2,Jersey,4,0,196,222,200,229,204,230,207,240,38.1,0.0,0.0,0,0,485.6,381.4,12.0,2871,77.7,4.7,20.7
cow175,3,Jersey,4,0,200,227,197,235,196,230,198,218,38.0,0.0,0.0,0,0,498.5,327.5,10.3,2956,175.6,3.5,21.6
cow175,4,Jersey,4,0,186,233,193,228,202,223,196,219,38.5,0.0,0.0,0,0,541.7,417.8,12.0,3386,50.3,4.6,18.1
cow175,5,Jersey,4,0,189,229,188,228,193,231,199,225,38.2,0.0,0.0,0,0,481.8,354.5,11.8,2611,82.4,4.0,19.5
cow175,6,Jersey,4,0,192,244,202,232,190,237,186,231,38.5,0.0,0.0,0,0,537.5,356.6,9.4,2576,38.4,5.3,20.0
cow176,1,Jersey,3,0,202,213,200,223,208,227,202,230,,,,0,1,245.3,171.2,15.7,1141,889.1,7.7,15.6
cow176,2,Jersey,3,0,244,225,201,232,202,221,195,227,38.5,0.0,0.0,0,1,286.8,222.6,15.3,1563,666.4,8.2,10.6
cow176,3,Jersey,3,0,265,235,196,233,187,223,202,224,39.1,0.0,0.0,1,1,299.4,257.3,12.5,954,901.5,8.2,10.7
cow176,4,Jersey,3,0,275,231,194,230,189,231,197,221,39.6,1.0,0.0,1,1,392.8,312.5,12.2,1210,2133.5,7.9,9.3
cow176,5,Jersey,3,0,293,232,192,230,201,227,210,221,39.5,1.0,1.0,1,1,239.9,233.3,13.8,1257,1563.6,8.1,10.9
cow176,6,Jersey,3,0,303,225,198,229,201,227,195,226,40.0,1.0,1.0,0,1,353.9,280.4,11.8,895,1605.3,8.2,16.0
cow177,1,Jersey,1,0,193,221,204,225,203,240,191,228,38.7,0.0,0.0,0,0,526.0,363.7,13.1,2024,64.6,3.8,20.8
cow177,2,Jersey,1,0,195,214,191,228,203,229,202,227,38.8,0.0,0.0,0,0,536.4,382.4,10.9,2589,270.3,4.8,18.4
cow177,3,Jersey,1,0,205,242,200,219,201,218,201,230,38.7,0.0,0.0,0,0,524.7,383.4,13.4,3104,36.2,5.2,19.4
cow177,4,Jersey,1,0,199,232,184,233,184,225,200,216,38.5,0.0,0.0,0,0,537.8,394.8,10.5,3194,33.6,4.8,18.6
cow177,5,Jersey,1,0,204,219,210,222,199,227,197,240,38.7,0.0,0.0,0,0,513.9,362.1,11.4,3198,44.3,4.2,19.4
cow177,6,Jersey,1,0,203,229,198,233,195,228,199,238,38.8,0.0,0.0,0,0,578.2,431.1,13.0,3244,75.6,4.6,18.3
cow178,1,Jersey,4,0,191,228,193,228,192,235,196,237,38.2,0.0,0.0,0,0,501.7,357.9,11.1,2749,113.4,4.2,19.4
cow178,2,Jersey,4,0,195,231,196,225,193,231,203,223,38.1,0.0,0.0,0,0,565.3,391.5,11.8,2664,121.8,4.4,19.1
cow178,3,Jersey,4,0,184,236,196,227,194,227,196,225,37.8,0.0,0.0,0,0,494.2,354.8,12.8,3150,152.5,3.5,21.0
cow178,4,Jersey,4,0,187,232,196,234,197,220,201,230,38.2,0.0,0.0,0,0,517.6,397.9,10.8,2915,73.7,5.6,18.9
cow178,5,Jersey,4,0,194,216,196,236,192,229,191,238,38.6,0.0,0.0,0,0,477.1,351.9,10.0,3363,60.4,6.0,22.8
cow178,6,Jersey,4,0,214,236,203,232,203,225,191,234,38.4,0.0,0.0,0,0,538.2,378.4,9.7,3153,245.5,3.9,22.6
cow179,1,Jersey,5,0,196,226,188,236,181,221,206,224,38.6,0.0,0.0,0,0,577.8,431.4,12.2,3514,11.6,5.1,23.8
cow179,2,Jersey,5,0,203,230,209,230,195,231,204,222,38.8,0.0,0.0,0,0,516.9,416.7,12.0,2814,83.0,5.7,19.8
cow179,3,Jersey,5,0,191,228,191,219,193,225,200,235,38.4,0.0,0.0,0,0,512.1,379.0,12.8,3427,106.9,3.7,21.3
cow179,4,Jersey,5,0,193,241,203,232,196,235,191,235,38.2,0.0,0.0,0,0,475.4,375.5,11.2,3814,289.8,2.8,21.7
cow179,5,Jersey,5,0,199,221,192,233,201,226,194,236,38.6,0.0,0.0,0,0,510.8,393.1,9.8,3021,25.2,5.7,19.1
cow179,6,Jersey,5,0,206,237,198,231,203,233,189,238,38.4,1.0,0.0,0,0,456.3,330.9,8.7,3200,59.4,4.5,19.0
cow180,1,Jersey,2,0,198,232,197,240,195,231,195,223,38.6,0.0,0.0,0,0,483.5,358.6,14.9,2628,31.1,4.1,21.1
cow180,2,Jersey,2,0,188,227,199,224,200,230,197,238,38.7,0.0,0.0,0,0,529.1,362.4,12.1,3358,22.9,4.5,21.0
cow180,3,Jersey,2,0,194,224,203,226,193,231,197,233,38.6,0.0,0.0,0,0,572.8,408.0,11.7,3452,69.0,4.2,20.2
cow180,4,Jersey,2,0,194,233,202,228,198,216,192,229,38.7,0.0,0.0,0,0,632.4,436.1,11.8,2802,141.2,6.9,21.5
cow180,5,Jersey,2,0,196,225,195,221,205,231,195,220,38.7,0.0,0.0,0,0,496.5,358.7,9.8,3234,182.7,4.1,19.1
cow180,6,Jersey,2,0,197,226,190,234,200,227,206,226,38.6,0.0,0.0,0,0,577.4,400.9,10.5,3112,55.0,4.8,18.6
cow181,1,Jersey,5,0,203,236,203,240,181,229,194,223,38.5,0.0,0.0,0,0,529.8,380.7,13.6,3156,125.9,5.5,18.6
cow181,2,Jersey,5,0,199,233,192,235,204,215,201,226,38.4,0.0,0.0,0,0,514.0,386.0,12.3,3325,69.3,5.5,21.0
cow181,3,Jersey,5,0,193,223,199,227,190,220,199,220,38.4,0.0,0.0,0,0,537.3,388.2,10.6,3208,116.7,5.4,19.0
cow181,4,Jersey,5,0,192,232,199,226,207,233,197,224,38.6,0.0,0.0,0,0,522.5,347.9,10.0,2944,176.3,4.2,18.4
cow181,5,Jersey,5,0,198,229,202,229,193,221,197,221,38.6,0.0,0.0,0,0,524.4,369.2,10.9,3333,69.5,4.4,19.3
cow181,6,Jersey,5,0,203,231,201,226,197,231,198,229,38.4,0.0,0.0,0,0,503.7,342.9,11.1,3445,167.1,2.8,21.0
cow182,1,Jersey,2,0,190,233,203,227,194,229,204,225,38.4,0.0,0.0,0,1,239.1,225.8,16.0,1078,750.7,7.9,10.2
cow182,2,Jersey,2,0,209,223,194,232,195,226,192,240,38.2,0.0,1.0,0,1,233.3,227.0,13.3,1299,3386.7,8.0,10.4
cow182,3,Jersey,2,0,198,216,251,296,212,233,201,228,38.7,1.0,0.0,1,1,321.1,275.3,12.1,593,4589.7,8.6,13.9
cow182,4,Jersey,2,0,207,240,269,318,196,235,200,228,38.9,0.0,1.0,0,1,283.9,234.2,13.4,1533,4222.5,9.4,11.4
cow182,5,Jersey,2,0,203,220,287,337,203,229,200,217,39.0,1.0,1.0,0,1,271.2,245.1,13.8,1789,767.8,8.6,9.8
cow182,6,Jersey,2,0,206,219,307,353,188,235,196,222,39.7,1.0,1.0,1,1,295.3,246.7,12.0,1197,1690.3,8.9,10.3
cow183,1,Jersey,4,0,194,227,196,230,186,227,194,237,38.5,0.0,0.0,0,0,551.8,378.6,12.0,3053,97.9,4.5,19.8
cow183,2,Jersey,4,0,195,229,196,230,201,222,201,223,38.5,0.0,0.0,0,0,527.2,397.7,13.0,2912,107.9,5.5,19.1
cow183,3,Jersey,4,0,199,231,198,226,199,230,193,221,38.5,0.0,0.0,0,0,493.8,379.0,11.7,2846,86.1,4.5,18.4
cow183,4,Jersey,4,0,197,230,193,232,197,229,204,230,38.4,0.0,0.0,0,0,569.1,426.5,10.5,3093,213.2,5.4,19.7
cow183,5,Jersey,4,0,199,234,197,235,199,230,200,222,38.3,0.0,0.0,0,0,583.2,407.0,10.9,2686,32.5,5.1,19.6
cow183,6,Jersey,4,0,197,240,198,222,194,229,198,214,38.4,0.0,0.0,0,0,539.8,413.1,9.5,2906,67.3,4.8,22.8
cow184,1,Jersey,4,0,198,224,205,232,197,215,200,226,38.7,0.0,0.0,0,0,558.9,394.5,11.3,2638,24.8,3.3,20.1
cow184,2,Jersey,4,0,195,226,206,229,199,229,205,234,38.7,0.0,0.0,0,0,569.7,421.6,11.9,3236,122.0,5.4,19.2
cow184,3,Jersey,4,0,197,228,196,229,194,227,199,226,38.6,0.0,0.0,0,0,565.2,397.9,10.4,3096,116.5,4.8,20.5
cow184,4,Jersey,4,0,191,220,204,222,201,224,197,219,38.4,0.0,0.0,0,0,544.6,390.7,13.8,2828,802.8,5.1,18.0
cow184,5,Jersey,4,0,198,227,199,231,190,235,195,225,38.4,0.0,0.0,0,0,543.9,350.8,12.5,3015,161.4,4.8,21.0
cow184,6,Jersey,4,0,195,226,200,226,193,240,196,239,38.6,0.0,0.0,0,0,540.8,387.0,9.3,2912,99.9,4.9,20.4
cow185,1,Jersey,6,0,185,226,209,218,199,239,203,235,38.3,0.0,0.0,0,0,476.1,355.3,9.4,3458,94.7,5.5,22.0
cow185,2,Jersey,6,0,206,239,191,228,198,227,193,225,38.2,0.0,0.0,0,0,548.0,389.4,10.3,2824,63.8,4.1,21.0
cow185,3,Jersey,6,0,194,236,196,223,200,230,200,231,38.5,1.0,0.0,0,0,465.8,379.1,13.4,3254,86.9,4.9,20.2
cow185,4,Jersey,6,0,204,233,196,228,189,221,197,234,38.4,0.0,0.0,0,0,488.2,340.0,12.6,2718,96.1,3.9,19.4
cow185,5,Jersey,6,0,199,225,198,230,193,233,203,227,38.5,0.0,0.0,0,0,572.1,401.1,13.4,3326,20.4,5.0,20.3
cow185,6,Jersey,6,0,189,231,193,223,195,230,192,221,38.5,0.0,0.0,0,0,553.6,383.9,11.5,3415,91.0,4.7,20.1
cow186,1,Jersey,2,0,191,237,203,228,199,221,200,236,38.9,0.0,0.0,0,0,579.5,405.5,11.2,3434,85.2,4.0,19.6
cow186,2,Jersey,2,0,197,225,197,237,201,225,202,235,38.9,0.0,1.0,0,0,509.1,392.0,10.0,3588,266.8,4.6,18.9
cow186,3,Jersey,2,0,202,227,193,235,207,221,188,221,38.9,0.0,0.0,0,0,473.9,379.0,11.9,3117,72.5,4.0,18.5
cow186,4,Jersey,2,0,205,229,199,227,199,232,194,223,38.9,0.0,0.0,0,0,510.4,361.6,11.3,3495,46.8,4.2,20.3
cow186,5,Jersey,2,0,200,225,196,229,193,229,205,241,38.9,0.0,0.0,0,0,524.1,369.4,11.2,3650,95.6,4.8,20.4
cow186,6,Jersey,2,0,195,221,199,232,188,238,191,231,38.6,0.0,0.0,0,0,523.2,361.1,13.4,2551,83.6,4.7,18.9
cow187,1,Jersey,4,0,194,230,188,230,202,237,207,237,38.2,0.0,0.0,0,0,565.3,430.7,11.3,2759,72.6,3.0,22.7
cow187,2,Jersey,4,0,202,223,213,212,202,225,205,238,38.7,0.0,0.0,0,0,505.5,391.5,13.1,2402,32.8,4.8,20.3
cow187,3,Jersey,4,0,198,234,196,243,201,222,204,233,38.5,0.0,0.0,0,0,534.1,386.5,9.6,3424,71.3,4.3,17.4
cow187,4,Jersey,4,0,195,227,195,232,199,223,197,230,38.7,0.0,0.0,0,0,480.5,331.1,14.7,2397,53.2,4.2,21.8
cow187,5,Jersey,4,0,203,221,192,233,183,237,185,221,38.4,0.0,0.0,0,0,538.0,367.3,11.1,2288,68.4,3.6,18.3
cow187,6,Jersey,4,0,206,220,199,233,196,234,202,228,38.5,0.0,0.0,0,0,520.1,383.1,12.3,2561,131.7,4.5,20.2
cow188,1,Jersey,6,0,197,238,203,227,196,230,196,228,38.6,1.0,0.0,0,0,490.0,371.9,12.5,2305,49.8,4.1,19.6
cow188,2,Jersey,6,0,199,228,209,232,203,223,200,232,38.5,0.0,0.0,0,0,510.6,337.1,10.9,3109,68.2,5.5,20.2
cow188,3,Jersey,6,0,214,234,203,217,200,226,192,225,39.0,0.0,0.0,0,0,512.6,369.8,12.5,2566,115.4,3.1,20.9
cow188,4,Jersey,6,0,202,225,197,229,203,228,189,232,38.4,0.0,0.0,0,0,509.2,402.6,12.5,2324,65.9,3.7,20.7
cow188,5,Jersey,6,0,197,227,199,231,199,236,202,218,38.5,0.0,0.0,0,0,590.9,418.6,10.6,2983,481.7,3.7,18.8
cow188,6,Jersey,6,0,191,237,210,243,196,235,191,224,38.9,0.0,0.0,0,0,516.1,404.5,10.7,3007,94.3,4.7,18.5
cow189,1,Jersey,4,0,200,235,186,226,198,228,201,221,38.9,0.0,0.0,0,0,510.2,385.8,11.6,2252,33.7,5.4,20.0
cow189,2,Jersey,4,0,204,227,206,240,198,227,194,225,38.8,0.0,0.0,0,0,436.1,310.1,11.4,2715,44.5,4.9,18.9
cow189,3,Jersey,4,0,192,225,198,230,201,229,189,227,38.6,0.0,0.0,0,0,484.2,353.3,13.2,2970,41.5,3.6,19.5
cow189,4,Jersey,4,0,199,216,197,237,203,230,198,231,,,,0,0,509.5,371.4,12.3,2857,44.9,4.2,21.5
cow189,5,Jersey,4,0,206,228,198,234,194,238,209,232,38.8,0.0,0.0,0,0,492.6,346.4,11.4,2868,115.1,3.9,18.1
cow189,6,Jersey,4,0,199,219,196,228,194,223,200,224,38.5,0.0,0.0,0,0,575.3,395.7,12.2,3472,37.0,4.9,19.1
cow190,1,Jersey,5,0,200,225,197,227,200,224,197,231,38.5,0.0,0.0,0,0,513.4,403.2,9.0,3859,63.2,4.1,19.7
cow190,2,Jersey,5,0,202,228,208,231,198,223,193,231,38.5,0.0,0.0,0,0,571.5,393.3,10.8,2875,174.9,3.4,17.6
cow190,3,Jersey,5,0,191,228,202,221,198,232,212,219,38.5,0.0,0.0,0,0,522.5,400.9,11.8,2471,55.5,5.0,20.6
cow190,4,Jersey,5,0,190,226,191,233,198,237,197,225,38.4,0.0,0.0,0,0,521.5,373.0,12.8,2906,126.3,5.5,19.9
cow190,5,Jersey,5,0,199,225,191,235,201,237,197,231,38.6,0.0,0.0,0,0,516.4,377.4,11.7,3078,24.8,4.4,20.2
cow190,6,Jersey,5,0,200,233,198,237,194,242,197,225,38.6,0.0,0.0,1,0,520.2,390.2,13.2,2979,61.5,4.6,19.8
cow191,1,Jersey,5,0,211,232,196,227,213,231,201,228,38.8,0.0,0.0,1,0,588.8,410.5,12.5,3244,43.1,3.3,21.7
cow191,2,Jersey,5,0,210,230,192,229,190,235,200,221,38.8,0.0,0.0,0,0,427.2,334.6,10.9,3885,97.7,2.9,19.3
cow191,3,Jersey,5,0,199,229,201,230,203,246,198,226,38.6,0.0,0.0,0,0,439.9,295.1,11.3,2315,38.9,3.0,21.4
cow191,4,Jersey,5,0,198,238,198,235,188,237,200,233,38.9,0.0,0.0,0,0,498.3,374.9,12.0,2797,331.8,4.5,17.6
cow191,5,Jersey,5,0,191,234,197,225,196,239,193,219,38.6,0.0,0.0,0,0,520.6,335.9,11.0,3616,25.6,4.3,20.3
cow191,6,Jersey,5,0,199,227,196,235,199,223,200,229,39.0,0.0,0.0,0,0,547.6,392.5,13.3,2791,174.1,4.9,19.8
cow192,1,Jersey,6,0,198,235,192,225,209,241,202,228,39.1,0.0,0.0,0,1,313.9,281.7,12.2,1616,4049.5,7.8,12.8
cow192,2,Jersey,6,0,190,233,201,232,205,230,200,219,38.8,0.0,0.0,0,1,279.6,257.0,13.9,1552,2561.2,8.8,14.9
cow192,3,Jersey,6,0,191,228,204,232,194,232,208,220,38.9,0.0,0.0,0,1,335.8,256.1,14.4,1795,2084.7,8.7,9.4
cow192,4,Jersey,6,0,190,231,194,228,201,232,200,243,38.9,0.0,0.0,0,1,336.2,258.7,13.1,2065,8896.8,7.7,13.2
cow192,5,Jersey,6,0,229,264,226,227,194,237,186,230,39.8,0.0,0.0,1,1,302.4,247.0,12.9,1433,9999.0,7.2,13.6
cow192,6,Jersey,6,0,237,275,234,236,195,227,200,233,41.3,1.0,1.0,0,1,333.5,281.5,13.4,602,1688.3,6.5,13.2
cow193,1,Jersey,6,0,200,224,195,229,199,229,199,236,38.4,0.0,0.0,0,0,530.9,350.0,12.5,2720,88.6,5.6,22.9
cow193,2,Jersey,6,0,199,229,198,228,202,232,199,227,38.7,0.0,0.0,0,0,497.5,366.3,10.9,3874,54.2,3.7,20.2
cow193,3,Jersey,6,0,189,233,204,226,196,234,204,228,38.4,0.0,0.0,0,0,547.9,402.4,10.2,2434,35.4,3.3,20.3
cow193,4,Jersey,6,0,200,232,202,220,196,229,194,228,38.5,0.0,0.0,0,0,524.4,377.6,12.9,3199,109.4,4.6,20.6
cow193,5,Jersey,6,0,201,217,192,232,209,221,199,229,,0.0,0.0,0,0,520.1,389.5,12.0,1994,94.4,3.3,22.0
cow193,6,Jersey,6,0,202,230,192,234,200,231,198,237,38.3,0.0,0.0,0,0,578.9,419.4,12.7,2460,26.1,4.6,19.9
cow194,1,Jersey,6,0,206,232,197,230,193,226,198,222,38.6,0.0,0.0,0,0,422.0,311.4,12.4,3355,108.8,4.2,19.3
cow194,2,Jersey,6,0,204,238,203,223,209,223,200,219,38.5,0.0,0.0,0,0,463.3,311.1,14.1,3014,96.6,5.2,20.3
cow194,3,Jersey,6,0,196,233,188,227,206,223,204,234,38.7,0.0,0.0,0,0,472.5,353.9,12.8,2849,52.4,5.2,18.8
cow194,4,Jersey,6,0,213,236,201,224,196,218,205,236,38.9,0.0,0.0,0,0,505.5,354.1,10.6,2674,50.1,5.4,19.3
cow194,5,Jersey,6,0,187,235,205,230,193,222,191,223,39.0,0.0,0.0,0,0,509.8,363.5,12.1,2201,106.4,4.7,19.1
cow194,6,Jersey,6,0,195,228,200,224,199,232,201,235,38.7,0.0,0.0,0,0,459.7,352.4,10.8,3277,241.4,3.8,20.9
cow195,1,Jersey,6,0,200,225,198,225,197,244,202,232,38.0,0.0,0.0,0,0,480.6,381.9,11.0,2887,104.6,3.7,21.5
cow195,2,Jersey,6,0,198,232,203,242,196,238,210,234,38.3,0.0,0.0,0,0,485.6,358.7,9.8,2391,136.2,4.1,17.8
cow195,3,Jersey,6,0,189,240,204,229,197,222,204,228,38.4,0.0,0.0,0,0,618.3,449.0,11.2,3012,44.7,6.1,20.5
cow195,4,Jersey,6,0,193,224,184,216,202,223,192,223,38.1,0.0,0.0,0,0,592.1,397.2,12.2,3232,59.7,4.3,20.6
cow195,5,Jersey,6,0,201,231,198,227,195,230,206,225,38.5,0.0,0.0,0,0,503.5,374.5,11.4,2920,120.9,4.6,18.5
cow195,6,Jersey,6,0,202,238,197,227,202,240,203,240,38.1,0.0,0.0,0,0,505.5,370.2,10.2,3046,31.1,5.7,19.7
cow196,1,Jersey,4,0,200,226,198,240,210,234,194,224,38.4,0.0,0.0,0,0,474.0,374.5,9.7,3015,91.7,4.7,19.2
cow196,2,Jersey,4,0,198,236,197,235,205,227,204,231,38.4,0.0,0.0,0,0,443.7,324.5,14.0,2717,111.7,3.9,18.1
cow196,3,Jersey,4,0,195,232,197,227,210,216,196,229,38.8,0.0,0.0,0,0,515.3,372.8,11.9,3022,77.3,5.1,19.3
cow196,4,Jersey,4,0,200,215,197,234,200,236,210,222,38.5,0.0,0.0,0,0,480.1,375.1,10.5,3294,99.0,4.2,20.2
cow196,5,Jersey,4,0,197,229,202,235,195,223,190,230,38.4,0.0,0.0,0,0,516.6,376.3,12.1,3414,82.7,4.7,21.8
cow196,6,Jersey,4,0,188,234,200,230,192,227,189,232,38.3,0.0,0.0,0,0,456.0,321.6,14.1,3316,51.7,4.9,20.3
cow197,1,Jersey,3,0,207,228,209,232,203,234,196,229,38.4,0.0,0.0,0,1,264.5,282.6,14.2,1030,772.1,7.6,14.6
cow197,2,Jersey,3,0,199,235,196,259,199,224,211,231,38.8,0.0,0.0,0,1,300.9,239.2,10.2,1554,1855.2,8.1,11.9
cow197,3,Jersey,3,0,194,232,200,258,196,224,198,225,39.3,0.0,1.0,0,1,309.6,262.6,16.7,1486,5709.2,9.3,10.2
cow197,4,Jersey,3,0,192,226,199,276,209,239,203,227,39.7,1.0,1.0,0,1,311.7,271.3,11.3,1016,4555.5,7.5,8.4
cow197,5,Jersey,3,0,200,231,196,271,200,242,205,227,40.1,1.0,0.0,1,1,242.2,228.1,13.3,1114,1510.5,9.1,15.4
cow197,6,Jersey,3,0,197,238,192,275,196,229,200,234,40.4,1.0,1.0,1,1,329.2,272.1,12.1,1572,1485.5,7.5,10.5
cow198,1,Jersey,4,0,203,223,195,231,196,239,198,229,38.6,0.0,0.0,0,0,488.0,357.5,10.6,3551,58.6,5.9,21.1
cow198,2,Jersey,4,0,203,225,188,229,198,227,206,242,38.6,0.0,0.0,0,0,545.3,391.0,11.8,2275,58.6,3.8,16.8
cow198,3,Jersey,4,0,201,237,194,235,197,236,192,238,38.6,0.0,0.0,0,0,519.6,359.7,9.0,3656,96.9,4.2,19.7
cow198,4,Jersey,4,0,192,223,200,233,196,233,191,221,38.7,0.0,0.0,0,0,464.9,385.7,11.4,3466,164.9,5.7,18.9
cow198,5,Jersey,4,0,188,224,201,231,206,231,192,232,38.5,0.0,0.0,0,0,507.4,368.5,12.9,3080,379.2,5.7,19.9
cow198,6,Jersey,4,0,194,223,215,225,188,234,186,228,38.6,0.0,0.0,0,0,534.6,399.5,10.5,2904,44.8,5.2,17.6
cow199,1,Jersey,4,0,197,227,192,224,197,224,194,239,37.9,0.0,0.0,0,0,544.5,388.7,9.8,3156,124.6,3.6,20.9
cow199,2,Jersey,4,0,210,230,199,228,201,234,203,226,38.3,0.0,0.0,0,0,514.4,370.2,11.3,2744,115.5,4.6,20.6
cow199,3,Jersey,4,0,200,231,195,234,200,218,195,228,38.0,0.0,0.0,0,0,581.3,408.6,11.1,2929,63.3,4.5,19.9
cow199,4,Jersey,4,0,195,227,197,230,190,239,194,225,38.0,0.0,0.0,0,0,560.3,376.3,10.8,2410,39.1,3.8,18.6
cow199,5,Jersey,4,0,176,224,204,228,193,219,195,218,38.0,0.0,0.0,0,0,509.7,370.9,10.1,2303,96.1,5.1,20.3
cow199,6,Jersey,4,0,198,227,197,232,208,228,205,232,38.2,0.0,0.0,0,0,550.0,390.7,12.1,3933,343.5,3.9,20.8
cow200,1,Jersey,6,0,191,220,195,233,198,224,200,229,38.4,0.0,0.0,0,0,597.4,447.5,12.2,3025,95.7,3.5,22.0
cow200,2,Jersey,6,0,193,234,192,221,197,232,188,234,38.4,0.0,0.0,0,0,598.4,405.5,10.2,3081,46.1,3.2,18.4
cow200,3,Jersey,6,0,198,237,206,231,195,227,209,236,38.4,0.0,0.0,0,0,470.9,340.1,10.4,2988,71.3,5.9,21.1
cow200,4,Jersey,6,0,198,218,182,228,191,231,198,220,38.5,0.0,0.0,0,0,482.9,341.6,11.7,2669,36.1,4.1,19.3
cow200,5,Jersey,6,0,199,225,200,233,200,228,207,236,38.6,0.0,0.0,0,0,579.4,441.6,10.3,2877,80.5,4.1,17.8
cow200,6,Jersey,6,0,193,232,190,233,189,229,201,224,38.4,0.0,0.0,0,0,477.7,339.0,11.7,3036,127.4,3.7,19.6
cow201,1,Jersey,2,0,189,218,202,227,204,216,200,217,38.6,0.0,0.0,0,1,242.1,233.4,15.3,1221,1141.8,9.1,15.8
cow201,2,Jersey,2,0,195,231,194,228,191,233,198,231,38.4,0.0,0.0,0,1,275.6,260.8,13.4,999,144.7,6.9,9.0
cow201,3,Jersey,2,0,194,229,216,223,204,243,200,214,38.5,0.0,0.0,0,1,311.8,262.5,12.0,1492,2494.1,7.0,15.7
cow201,4,Jersey,2,0,221,229,207,239,197,229,194,231,38.6,1.0,0.0,0,1,290.9,227.8,14.0,1375,1331.9,7.7,12.0
cow201,5,Jersey,2,0,226,230,204,221,196,238,208,226,39.6,0.0,1.0,0,1,269.0,214.8,13.3,1457,1089.6,8.0,11.1
cow201,6,Jersey,2,0,242,236,198,244,197,236,195,227,39.6,1.0,1.0,1,1,268.0,254.3,13.3,1582,1082.0,8.5,12.3
cow202,1,Jersey,4,0,191,238,200,230,196,230,194,238,38.2,0.0,0.0,0,0,491.5,340.2,12.1,2932,104.7,4.0,20.9
cow202,2,Jersey,4,0,195,231,201,231,202,226,196,228,38.2,0.0,0.0,0,0,484.8,365.9,12.3,2932,59.9,5.7,21.2
cow202,3,Jersey,4,0,192,228,191,229,204,243,198,230,38.3,0.0,0.0,0,0,611.3,436.8,11.5,3593,151.1,4.0,19.3
cow202,4,Jersey,4,0,202,236,185,225,199,223,191,220,38.4,0.0,0.0,0,0,531.9,393.9,11.4,2622,153.4,3.7,19.7
cow202,5,Jersey,4,0,199,230,190,225,202,235,203,235,38.2,0.0,0.0,0,0,555.5,409.8,14.0,2251,65.9,3.6,21.3
cow202,6,Jersey,4,0,200,241,198,224,198,239,197,228,38.3,0.0,0.0,0,0,500.4,351.5,12.9,3222,55.4,3.9,20.9
cow203,1,Jersey,4,0,198,225,199,226,198,224,197,232,38.5,0.0,0.0,0,0,512.6,358.0,12.5,2748,86.8,3.6,18.8
cow203,2,Jersey,4,0,210,231,202,237,193,233,199,232,38.5,0.0,0.0,0,0,491.5,375.7,11.7,2569,71.8,5.1,22.3
cow203,3,Jersey,4,0,209,229,196,217,205,235,196,218,38.4,0.0,1.0,0,0,413.9,305.0,10.3,3354,23.7,3.7,22.3
cow203,4,Jersey,4,0,204,228,192,231,200,232,192,235,38.3,0.0,0.0,0,0,464.9,297.4,12.9,2942,298.0,4.4,21.3
cow203,5,Jersey,4,0,183,229,197,229,199,239,197,229,38.2,0.0,0.0,0,0,447.6,348.2,11.7,2495,130.1,3.7,21.3
cow203,6,Jersey,4,0,201,233,206,219,203,233,189,237,38.5,0.0,0.0,0,0,430.0,307.4,10.8,3774,57.7,3.6,20.0
cow204,1,Jersey,3,0,200,232,196,237,190,234,193,241,38.9,0.0,0.0,0,0,472.2,359.7,11.2,2356,21.1,5.4,18.0
cow204,2,Jersey,3,0,198,231,197,231,199,230,201,230,38.5,0.0,0.0,0,0,573.0,436.9,10.3,2965,70.1,5.8,20.6
cow204,3,Jersey,3,0,198,223,202,240,199,231,191,237,38.8,0.0,0.0,0,0,518.2,379.2,12.8,2244,52.9,5.5,19.2
cow204,4,Jersey,3,0,187,232,192,228,200,228,202,226,38.6,0.0,0.0,0,0,571.6,428.9,12.3,3108,76.2,3.3,18.6
cow204,5,Jersey,3,0,187,239,198,233,206,227,208,225,38.6,0.0,0.0,0,0,536.4,392.6,11.7,2744,17.8,3.4,18.6
cow204,6,Jersey,3,0,194,245,207,243,192,224,191,217,38.7,0.0,0.0,0,0,551.3,427.4,11.4,3328,57.3,6.1,18.7
cow205,1,Jersey,1,0,200,235,196,233,200,221,199,230,38.7,0.0,0.0,0,0,484.0,339.3,10.7,2993,59.8,4.3,21.3
cow205,2,Jersey,1,0,203,228,207,233,199,232,212,223,38.6,0.0,0.0,0,0,541.0,392.4,8.9,3540,69.6,3.4,22.1
cow205,3,Jersey,1,0,202,238,195,228,194,220,196,233,38.8,0.0,0.0,0,0,549.1,409.6,9.8,2828,67.5,5.4,22.3
cow205,4,Jersey,1,0,199,231,206,226,196,228,201,231,38.6,0.0,0.0,0,0,496.9,362.7,10.6,2358,82.4,4.6,21.1
cow205,5,Jersey,1,0,205,232,197,227,200,236,196,232,38.8,0.0,0.0,0,0,542.4,414.2,10.4,3095,227.2,5.0,19.6
cow205,6,Jersey,1,0,187,233,201,235,206,239,209,218,38.4,0.0,0.0,0,0,542.6,385.8,11.8,2899,55.7,2.7,19.2
cow206,1,Jersey,4,0,199,238,194,241,205,232,205,229,38.7,0.0,0.0,0,1,273.0,279.1,14.5,572,957.4,7.7,14.7
cow206,2,Jersey,4,0,188,242,193,239,201,245,200,226,38.4,0.0,0.0,0,1,250.1,266.3,13.3,878,495.9,8.8,10.9
cow206,3,Jersey,4,0,194,222,202,231,190,232,195,237,38.7,0.0,0.0,0,1,247.6,231.7,15.2,1005,1321.6,7.5,15.5
cow206,4,Jersey,4,0,203,311,192,237,183,232,187,234,39.1,0.0,0.0,0,1,298.5,267.0,12.6,1922,645.0,9.0,13.6
cow206,5,Jersey,4,0,197,339,193,227,202,231,186,235,39.7,1.0,0.0,1,1,308.1,284.3,13.3,1583,4325.5,6.9,14.8
cow206,6,Jersey,4,0,203,362,187,229,196,227,196,230,39.9,1.0,1.0,1,1,263.3,214.6,13.4,1161,1846.6,7.9,10.8
cow207,1,Jersey,5,0,193,216,210,230,201,223,186,226,38.0,0.0,0.0,0,0,521.1,357.0,12.8,3188,152.0,5.8,19.5
cow207,2,Jersey,5,0,196,244,204,239,198,231,206,226,38.3,0.0,0.0,0,0,542.8,416.3,11.6,2184,218.6,3.6,21.6
cow207,3,Jersey,5,0,201,221,194,231,200,234,191,230,38.2,0.0,0.0,0,0,544.7,399.8,11.7,2774,43.7,4.7,21.2
cow207,4,Jersey,5,0,198,229,208,230,201,231,197,232,38.2,0.0,0.0,0,0,582.1,413.2,9.5,3160,62.5,5.0,19.6
cow207,5,Jersey,5,0,196,227,194,230,198,238,189,239,38.3,0.0,0.0,0,0,571.1,410.8,10.4,3066,199.3,4.6,22.1
cow207,6,Jersey,5,0,200,224,191,223,198,225,195,230,38.3,0.0,0.0,0,0,479.9,313.0,12.8,2784,90.5,4.3,20.7
cow208,1,Jersey,3,0,200,224,205,236,194,229,186,224,38.5,0.0,0.0,0,0,587.3,417.0,9.0,2985,113.9,3.8,19.0
cow208,2,Jersey,3,0,195,228,202,228,200,226,197,217,38.4,0.0,0.0,0,0,498.8,353.7,13.1,3135,162.1,4.7,20.0
cow208,3,Jersey,3,0,197,226,192,230,197,231,193,232,38.4,0.0,0.0,0,0,561.8,421.6,12.1,2996,147.6,4.4,18.6
cow208,4,Jersey,3,0,205,223,198,228,205,233,189,238,38.1,0.0,0.0,0,0,522.7,399.5,10.6,3344,105.5,3.4,18.3
cow208,5,Jersey,3,0,191,230,203,225,213,226,203,227,38.3,0.0,0.0,0,0,503.5,380.5,10.5,3127,208.4,5.4,18.3
cow208,6,Jersey,3,0,195,230,190,229,200,227,195,228,38.5,0.0,0.0,0,0,447.7,343.7,13.8,3204,75.8,3.8,19.5
cow209,1,Jersey,4,0,206,226,187,230,205,228,200,228,38.5,0.0,0.0,0,0,513.1,348.9,13.2,3685,113.7,3.4,22.5
cow209,2,Jersey,4,0,192,236,201,226,197,232,202,227,38.4,0.0,0.0,0,0,457.6,353.2,11.4,3331,70.3,4.0,21.9
cow209,3,Jersey,4,0,201,230,202,229,201,232,197,233,38.3,0.0,0.0,0,0,558.7,414.5,11.7,3696,160.8,3.8,21.2
cow209,4,Jersey,4,0,205,214,198,233,195,233,199,246,38.4,0.0,0.0,0,0,580.7,438.8,10.7,2731,49.0,4.3,18.4
cow209,5,Jersey,4,0,186,225,191,238,191,227,199,225,38.5,0.0,0.0,0,0,488.1,399.0,11.7,2363,24.8,3.5,20.4
cow209,6,Jersey,4,0,193,230,202,226,191,239,207,228,38.5,0.0,0.0,0,0,532.1,356.8,10.7,2944,124.9,4.9,18.2
cow210,1,Jersey,4,0,200,222,194,225,197,242,205,225,38.4,0.0,0.0,0,0,491.0,355.6,11.4,2910,39.3,5.6,20.2
cow210,2,Jersey,4,0,196,238,214,216,199,233,190,234,38.8,0.0,0.0,0,0,494.9,351.6,13.7,3584,36.7,4.6,21.7
cow210,3,Jersey,4,0,201,220,192,231,207,227,199,230,38.5,0.0,0.0,0,0,551.0,401.7,11.4,2548,190.3,3.3,20.6
cow210,4,Jersey,4,0,206,244,193,232,203,242,192,232,38.5,0.0,0.0,0,0,518.5,379.3,10.2,2968,154.8,3.8,21.4
cow210,5,Jersey,4,0,198,234,201,235,200,234,199,233,38.7,0.0,0.0,0,0,589.6,417.5,9.9,3162,62.7,4.7,21.0
cow210,6,Jersey,4,0,203,225,191,230,198,228,191,222,38.4,0.0,0.0,0,0,500.7,386.9,11.7,3040,9.7,2.9,19.7
cow211,1,Jersey,2,0,197,229,199,233,199,227,186,226,38.5,0.0,0.0,0,1,335.0,259.2,12.6,1231,3066.4,7.0,13.5
cow211,2,Jersey,2,0,203,231,199,218,206,243,207,234,38.4,0.0,1.0,0,1,298.9,238.6,13.8,1443,3403.1,6.7,12.2
cow211,3,Jersey,2,0,196,213,205,235,208,225,203,226,38.3,0.0,0.0,0,1,326.8,255.7,11.6,1732,3026.1,8.1,10.6
cow211,4,Jersey,2,0,193,207,192,318,203,227,201,217,38.7,0.0,0.0,0,1,277.1,237.8,14.3,1914,2916.1,9.7,8.9
cow211,5,Jersey,2,0,201,201,206,356,200,226,201,227,40.0,1.0,1.0,0,1,293.0,231.7,12.2,1313,1723.9,7.0,13.3
cow211,6,Jersey,2,0,200,184,191,391,191,233,204,232,40.7,1.0,1.0,1,1,290.4,251.4,13.6,974,1433.3,8.7,8.5
cow212,1,Jersey,2,0,198,232,209,236,198,235,200,241,39.3,0.0,0.0,0,0,486.6,357.0,11.1,3614,37.0,4.0,18.0
cow212,2,Jersey,2,0,195,233,194,235,193,230,204,226,39.1,0.0,1.0,0,0,546.5,381.7,13.6,2569,49.1,3.4,22.1
cow212,3,Jersey,2,0,195,238,207,227,197,230,195,229,39.1,0.0,0.0,0,0,546.0,411.3,11.7,3716,99.2,5.8,20.6
cow212,4,Jersey,2,0,195,240,181,235,203,221,209,228,38.9,0.0,0.0,0,0,543.7,393.2,13.8,3538,100.3,6.2,21.6
cow212,5,Jersey,2,0,187,227,204,236,199,223,204,224,39.0,0.0,0.0,0,0,581.5,436.0,12.2,3596,137.1,4.8,21.4
cow212,6,Jersey,2,0,202,232,193,227,192,234,201,224,39.1,0.0,0.0,0,0,578.0,411.3,13.2,3274,30.1,4.8,20.6
cow213,1,Jersey,5,0,204,220,198,238,194,227,191,224,38.8,0.0,0.0,0,0,505.0,370.6,11.2,2155,25.2,4.5,20.5
cow213,2,Jersey,5,0,198,230,197,226,192,228,198,230,38.7,0.0,0.0,0,0,534.9,378.8,11.9,2584,61.1,4.4,19.7
cow213,3,Jersey,5,0,198,232,187,228,195,229,206,228,38.9,0.0,0.0,0,0,495.1,364.9,13.0,3123,39.3,4.8,22.0
cow213,4,Jersey,5,0,206,219,199,230,204,231,195,227,38.6,1.0,0.0,0,0,520.9,393.4,12.6,2730,90.3,5.0,18.9
cow213,5,Jersey,5,0,204,228,204,229,210,218,194,224,38.8,0.0,0.0,0,0,496.0,358.2,12.1,2874,32.1,5.8,20.8
cow213,6,Jersey,5,0,212,223,205,223,191,229,200,226,38.8,0.0,0.0,0,0,584.8,428.2,11.1,3245,179.5,4.1,19.5
cow214,1,Jersey,6,0,191,236,204,220,198,237,203,224,38.4,0.0,0.0,0,0,534.5,374.1,11.3,2932,45.0,4.6,22.7
cow214,2,Jersey,6,0,200,228,193,230,207,224,208,234,38.7,0.0,0.0,0,0,511.3,388.4,12.9,2512,238.7,4.4,18.3
cow214,3,Jersey,6,0,191,238,199,226,196,231,197,225,38.5,0.0,0.0,0,0,567.7,398.2,13.1,3354,114.1,5.3,21.4
cow214,4,Jersey,6,0,203,233,204,226,195,226,187,227,38.8,0.0,0.0,0,0,433.2,343.2,10.8,3206,38.3,6.4,18.2
cow214,5,Jersey,6,0,193,227,203,233,203,228,190,240,38.7,0.0,0.0,0,0,439.4,332.8,10.6,2900,337.6,5.3,20.6
cow214,6,Jersey,6,0,202,227,205,227,196,229,192,244,38.4,0.0,0.0,0,0,551.8,426.5,10.4,3285,95.4,5.1,18.9
cow215,1,Jersey,2,0,198,223,205,214,212,226,202,224,38.5,0.0,0.0,0,1,297.4,235.7,14.5,1338,2281.1,8.7,11.4
cow215,2,Jersey,2,0,177,232,202,228,195,218,196,217,38.8,0.0,0.0,0,1,305.0,234.4,12.4,1833,1893.1,9.0,9.9
cow215,3,Jersey,2,0,189,222,200,226,190,226,200,216,38.2,0.0,0.0,0,1,241.9,212.1,14.5,1360,2906.0,9.9,16.1
cow215,4,Jersey,2,0,190,226,198,230,204,219,200,239,,,,0,1,294.1,229.5,14.2,1830,3047.2,6.7,13.3
cow215,5,Jersey,2,0,226,261,272,219,203,223,193,220,39.1,1.0,1.0,0,1,375.1,278.2,12.8,551,993.7,8.5,8.7
cow215,6,Jersey,2,0,239,274,307,232,209,231,202,229,39.9,0.0,1.0,1,1,328.0,286.0,15.4,1484,1679.8,5.9,13.3
cow216,1,Jersey,5,0,203,240,195,230,196,225,202,230,38.4,0.0,0.0,0,0,526.8,384.0,9.7,2841,86.0,5.3,19.8
cow216,2,Jersey,5,0,204,222,185,233,187,230,198,221,38.4,0.0,0.0,0,0,502.4,360.8,13.5,2656,118.8,4.9,20.2
cow216,3,Jersey,5,0,190,237,195,239,205,229,199,235,38.5,0.0,0.0,0,0,504.2,363.6,11.9,3463,120.2,4.1,20.4
cow216,4,Jersey,5,0,207,235,197,231,194,228,201,227,38.4,0.0,0.0,0,0,434.8,318.1,9.0,3356,89.0,2.5,21.2
cow216,5,Jersey,5,0,201,224,197,226,201,222,202,229,38.3,0.0,0.0,0,0,530.3,415.9,13.4,2197,54.3,4.5,17.4
cow216,6,Jersey,5,0,195,237,194,237,207,228,189,235,38.4,0.0,0.0,0,0,553.8,387.1,12.7,3286,52.4,4.7,20.7
cow217,1,Jersey,4,0,199,224,200,221,203,233,203,216,38.9,0.0,0.0,0,0,457.0,318.4,11.0,3238,34.9,4.4,18.2
cow217,2,Jersey,4,0,200,225,201,224,194,230,202,226,38.6,0.0,0.0,0,0,493.5,378.5,10.3,2711,119.6,4.0,23.0
cow217,3,Jersey,4,0,188,231,180,224,208,232,201,226,38.9,0.0,0.0,0,0,473.7,348.3,9.6,2666,51.9,3.8,20.8
cow217,4,Jersey,4,0,204,230,205,232,190,225,193,229,38.9,0.0,0.0,0,0,481.4,393.5,14.4,2364,69.6,4.5,21.1
cow217,5,Jersey,4,0,184,232,199,231,193,232,201,227,38.8,0.0,0.0,0,0,522.1,371.8,10.4,2865,93.6,3.9,18.8
cow217,6,Jersey,4,0,217,232,200,230,195,233,195,231,39.1,0.0,0.0,0,0,436.6,345.2,10.0,2929,79.6,5.1,18.7
cow218,1,Jersey,3,0,199,226,196,224,196,225,205,219,39.1,0.0,0.0,0,0,544.6,414.2,11.8,3319,79.1,4.4,22.0
cow218,2,Jersey,3,0,202,229,203,223,195,228,198,229,38.8,0.0,0.0,0,0,550.2,388.7,9.5,3108,42.5,3.1,20.9
cow218,3,Jersey,3,0,196,229,196,220,198,232,199,228,,,,0,0,510.0,360.6,10.3,2576,95.6,4.6,22.2
cow218,4,Jersey,3,0,205,227,201,239,197,235,195,234,38.8,0.0,0.0,0,0,420.8,333.8,12.7,3096,64.0,4.8,19.4
cow218,5,Jersey,3,0,203,239,200,236,206,235,194,232,38.8,0.0,0.0,0,0,480.1,366.4,12.1,2898,74.8,5.8,19.9
cow218,6,Jersey,3,0,197,230,201,224,197,231,195,219,38.7,0.0,0.0,0,0,569.3,384.2,11.0,2626,176.8,5.2,20.3
cow219,1,Jersey,4,0,193,230,195,235,198,237,197,232,39.0,0.0,0.0,0,1,183.9,168.0,13.5,664,2998.2,7.3,13.9
cow219,2,Jersey,4,0,196,223,211,232,184,226,203,231,38.9,0.0,0.0,0,1,281.1,201.0,13.0,1550,1259.6,9.1,13.5
cow219,3,Jersey,4,0,204,242,201,224,195,225,201,221,38.6,0.0,0.0,0,1,247.8,237.4,13.4,1479,1769.6,6.9,7.6
cow219,4,Jersey,4,0,200,300,208,229,190,222,208,233,39.6,0.0,0.0,0,1,327.2,269.6,12.6,1523,7241.1,8.0,14.3
cow219,5,Jersey,4,0,208,329,197,226,198,235,204,222,40.2,1.0,1.0,1,1,268.0,235.9,12.8,1009,1557.5,8.6,12.7
cow219,6,Jersey,4,0,202,360,196,235,203,225,200,229,41.0,1.0,1.0,1,1,311.2,234.2,12.8,1368,2060.4,9.2,14.1
cow220,1,Jersey,1,0,192,237,194,226,202,233,190,233,38.0,0.0,0.0,0,0,542.6,373.8,10.6,2450,125.7,6.0,18.0
cow220,2,Jersey,1,0,204,229,192,224,206,230,212,238,38.0,0.0,0.0,0,0,593.4,415.5,12.8,2605,92.2,5.5,19.8
cow220,3,Jersey,1,0,195,226,195,227,195,238,211,242,37.7,0.0,0.0,0,0,511.9,363.0,12.4,3013,61.4,4.4,19.0
cow220,4,Jersey,1,0,184,218,211,232,203,229,197,236,38.1,0.0,0.0,0,0,535.0,391.1,10.4,3105,47.5,5.0,20.6
cow220,5,Jersey,1,0,202,233,198,227,195,236,198,224,38.2,0.0,0.0,0,0,460.6,354.9,10.1,2348,78.9,4.7,19.2
cow220,6,Jersey,1,0,188,225,198,221,200,232,204,230,38.2,0.0,0.0,0,0,567.6,449.4,11.3,2577,125.1,3.9,19.7
cow221,1,Jersey,4,0,193,234,194,222,203,237,195,238,38.0,0.0,0.0,0,0,489.6,361.4,14.1,2854,197.8,4.4,18.9
cow221,2,Jersey,4,0,192,241,188,232,205,237,200,230,38.4,0.0,0.0,0,0,497.6,386.6,10.3,3383,28.9,5.9,21.0
cow221,3,Jersey,4,0,205,229,199,247,190,232,203,218,38.3,0.0,0.0,0,0,519.1,364.5,11.3,2675,268.4,5.0,19.7
cow221,4,Jersey,4,0,194,224,194,226,198,224,196,229,38.1,0.0,0.0,0,0,457.5,312.3,11.6,3056,65.1,6.1,21.1
cow221,5,Jersey,4,0,206,221,192,234,199,235,202,225,38.2,0.0,0.0,0,0,529.2,379.1,11.4,3098,150.5,3.6,19.9
cow221,6,Jersey,4,0,192,237,207,241,202,227,193,227,38.4,0.0,0.0,0,0,558.7,374.5,11.0,2900,47.7,4.2,18.7
cow222,1,Jersey,3,0,206,241,199,239,193,226,195,223,38.5,0.0,0.0,0,0,531.7,387.3,12.9,3107,26.1,4.8,18.7
cow222,2,Jersey,3,0,197,224,177,218,203,231,206,216,38.6,0.0,0.0,0,0,456.4,327.8,12.0,2462,32.1,5.1,17.1
cow222,3,Jersey,3,0,212,222,204,234,189,228,201,224,38.6,0.0,0.0,0,0,515.0,341.9,12.5,2738,63.2,4.4,18.9
cow222,4,Jersey,3,0,210,235,190,213,191,234,203,226,38.8,0.0,0.0,0,0,549.7,429.1,12.2,3574,114.1,5.1,18.6
cow222,5,Jersey,3,0,187,210,200,231,191,236,198,224,38.5,0.0,0.0,0,0,444.9,325.3,12.6,3602,81.2,5.1,21.2
cow222,6,Jersey,3,0,188,244,198,234,202,225,195,238,38.9,0.0,0.0,0,0,477.0,324.7,13.4,3337,66.8,3.4,20.1
cow223,1,Jersey,2,0,198,235,192,214,196,243,200,229,38.2,0.0,0.0,0,0,555.1,417.2,13.1,3440,172.0,5.1,20.6
cow223,2,Jersey,2,0,199,227,208,229,193,230,202,227,38.4,0.0,0.0,0,0,530.8,373.4,14.3,2270,79.5,5.4,19.3
cow223,3,Jersey,2,0,201,231,201,228,199,232,199,225,38.5,0.0,0.0,0,0,536.5,409.5,13.0,2621,96.4,4.7,19.9
cow223,4,Jersey,2,0,193,243,206,240,199,245,202,229,38.3,0.0,0.0,0,0,594.4,411.4,10.7,2876,681.3,3.0,20.8
cow223,5,Jersey,2,0,209,218,192,225,199,225,201,234,38.5,0.0,0.0,0,0,538.7,381.5,12.5,3966,79.0,4.3,21.0
cow223,6,Jersey,2,0,197,228,185,231,202,225,192,220,38.6,0.0,0.0,0,0,546.3,402.0,12.4,2875,49.1,4.9,20.8
cow224,1,Jersey,4,0,201,233,209,247,193,233,194,226,38.3,0.0,0.0,0,0,628.4,455.7,13.8,3298,110.7,3.8,19.1
cow224,2,Jersey,4,0,189,220,202,229,192,233,201,229,38.7,0.0,0.0,0,0,511.4,388.7,10.3,3151,131.9,5.2,21.9
cow224,3,Jersey,4,0,201,242,190,236,191,234,197,212,38.4,0.0,0.0,0,0,488.1,359.2,12.2,3142,97.8,5.1,18.0
cow224,4,Jersey,4,0,182,231,204,231,202,227,202,239,38.3,0.0,0.0,0,0,537.1,399.8,10.7,2991,88.5,4.6,20.7
cow224,5,Jersey,4,0,196,239,196,241,200,225,201,231,38.4,0.0,0.0,0,0,537.6,404.0,12.1,2520,221.1,4.5,18.6
cow224,6,Jersey,4,0,201,226,198,231,189,232,190,238,38.6,0.0,0.0,0,0,498.9,371.0,11.2,1920,202.8,4.7,21.6
cow225,1,Jersey,5,0,197,234,203,235,194,215,195,235,,0.0,0.0,0,0,478.7,352.7,12.1,3513,73.3,4.5,19.0
cow225,2,Jersey,5,0,202,226,207,236,200,232,206,251,38.4,0.0,0.0,0,0,612.4,409.4,9.8,2753,50.9,3.5,21.0
cow225,3,Jersey,5,0,191,232,199,232,190,236,202,226,38.6,0.0,0.0,0,0,533.1,398.6,12.5,2253,106.8,4.2,16.4
cow225,4,Jersey,5,0,191,229,196,239,202,240,189,227,38.2,0.0,0.0,0,0,490.7,363.2,11.7,3175,50.7,4.6,21.2
cow225,5,Jersey,5,0,197,236,204,230,198,232,198,223,38.7,0.0,0.0,0,0,556.6,394.5,11.7,3168,146.4,5.6,20.2
cow225,6,Jersey,5,0,200,228,185,227,197,221,201,221,38.7,0.0,0.0,0,0,515.6,400.4,13.8,3307,106.5,5.1,20.2
cow226,1,Jersey,6,0,197,228,202,226,192,226,201,229,38.5,0.0,0.0,0,0,509.9,348.2,11.0,3446,502.4,5.7,18.5
cow226,2,Jersey,6,0,200,225,193,230,198,238,197,235,38.3,0.0,0.0,0,0,542.5,423.1,11.9,2632,219.8,3.4,19.0
cow226,3,Jersey,6,0,206,227,196,233,196,221,196,227,38.3,0.0,0.0,0,0,468.3,348.6,11.6,2650,37.7,4.2,20.5
cow226,4,Jersey,6,0,198,232,191,224,203,224,199,228,38.4,0.0,0.0,0,0,534.1,394.2,11.7,2873,55.5,6.2,18.6
cow226,5,Jersey,6,0,198,226,188,234,192,237,197,245,38.6,0.0,0.0,0,0,596.5,418.8,14.2,3329,21.2,3.9,19.0
cow226,6,Jersey,6,0,198,226,186,235,200,225,191,223,38.2,0.0,0.0,0,0,538.6,361.2,11.6,2159,18.1,3.9,21.4
cow227,1,Jersey,2,0,197,220,192,231,193,222,197,223,39.0,0.0,0.0,0,0,505.0,368.5,10.8,3051,85.9,4.3,18.8
cow227,2,Jersey,2,0,201,234,193,235,196,219,202,237,38.7,0.0,0.0,0,0,499.7,373.9,13.7,3373,34.9,6.1,20.0
cow227,3,Jersey,2,0,197,226,197,230,199,228,202,232,38.8,0.0,0.0,0,0,503.6,382.3,11.1,3356,246.8,4.0,20.4
cow227,4,Jersey,2,0,202,228,193,229,189,237,198,225,38.6,0.0,0.0,0,0,509.8,370.3,9.6,3283,176.8,4.9,21.3
cow227,5,Jersey,2,0,189,232,196,229,197,226,197,230,38.9,0.0,0.0,0,0,504.9,331.5,10.6,3425,65.8,4.8,20.9
cow227,6,Jersey,2,0,192,224,203,227,200,236,198,223,38.8,0.0,0.0,0,0,556.7,374.2,10.0,1901,63.3,3.0,21.0
cow228,1,Jersey,5,0,208,222,197,233,197,239,198,240,38.4,0.0,0.0,0,0,450.7,375.3,9.3,3645,221.6,4.5,21.1
cow228,2,Jersey,5,0,203,226,197,237,204,233,203,228,38.2,0.0,0.0,0,0,554.5,381.0,11.1,3132,259.6,4.1,19.3
cow228,3,Jersey,5,0,196,233,218,232,196,231,199,239,38.7,0.0,0.0,0,0,504.8,396.6,11.4,3534,41.7,5.0,19.4
cow228,4,Jersey,5,0,190,226,202,228,196,231,192,224,38.5,0.0,0.0,0,0,535.1,372.2,12.9,2530,38.2,5.9,21.8
cow228,5,Jersey,5,0,202,227,200,242,204,231,209,228,38.6,0.0,0.0,0,0,474.9,349.7,12.3,2298,64.5,4.2,19.5
cow228,6,Jersey,5,0,188,231,194,239,202,227,189,232,38.5,0.0,0.0,0,0,573.1,423.1,12.2,3715,107.0,4.2,19.4
cow229,1,Jersey,1,0,205,227,195,231,211,233,195,230,38.2,0.0,0.0,0,0,569.8,395.1,10.4,2629,55.7,6.5,17.6
cow229,2,Jersey,1,0,191,233,178,227,193,227,203,226,38.4,0.0,0.0,0,0,558.4,431.7,12.6,2876,108.6,3.9,22.4
cow229,3,Jersey,1,0,195,228,197,227,197,230,194,218,38.7,0.0,0.0,0,0,459.4,345.0,13.2,3211,305.6,3.4,22.7
cow229,4,Jersey,1,0,206,227,199,236,200,229,196,225,38.4,0.0,0.0,0,0,553.2,408.2,12.0,3309,30.1,5.6,19.9
cow229,5,Jersey,1,0,203,211,202,233,195,225,199,220,38.2,0.0,0.0,0,0,536.2,384.9,12.0,3431,58.4,4.5,21.4
cow229,6,Jersey,1,0,205,239,191,231,197,232,196,232,38.4,0.0,0.0,0,0,455.8,353.3,10.0,3089,30.5,4.7,20.3
cow230,1,Jersey,5,0,192,227,205,226,207,230,199,224,38.4,0.0,0.0,0,1,294.0,282.8,14.8,878,1016.7,9.8,9.6
cow230,2,Jersey,5,0,196,225,190,233,196,229,216,225,38.2,0.0,0.0,0,1,309.6,261.4,15.6,1583,1573.5,6.9,13.0
cow230,3,Jersey,5,0,206,225,194,232,206,226,185,222,38.4,0.0,0.0,0,1,317.2,299.5,13.9,1589,1110.4,7.8,10.9
cow230,4,Jersey,5,0,265,223,200,257,209,227,192,224,39.0,0.0,1.0,0,1,302.1,248.2,12.8,574,3033.8,7.0,13.4
cow230,5,Jersey,5,0,279,232,199,265,188,231,190,236,39.3,1.0,0.0,1,1,306.6,275.7,13.3,1867,2253.4,8.3,13.2
cow230,6,Jersey,5,0,312,245,190,286,200,221,196,223,39.7,0.0,1.0,1,1,353.9,299.2,13.0,305,2539.0,7.6,14.5
cow231,1,Jersey,4,0,195,232,204,224,204,229,188,232,38.7,0.0,0.0,0,0,569.0,390.2,11.1,3414,64.3,3.6,17.6
cow231,2,Jersey,4,0,191,231,199,232,188,220,194,233,38.7,0.0,0.0,0,0,405.3,315.0,12.3,2746,68.5,5.1,17.9
cow231,3,Jersey,4,0,200,233,199,228,201,222,192,221,38.8,0.0,0.0,0,0,507.3,372.5,11.8,3282,62.3,4.5,19.2
cow231,4,Jersey,4,0,184,221,206,230,203,220,200,221,38.5,0.0,0.0,0,0,513.4,360.7,12.7,3204,66.9,3.5,21.1
cow231,5,Jersey,4,0,203,232,198,238,202,225,190,243,38.3,0.0,0.0,0,0,449.9,344.4,11.9,2985,106.1,3.5,19.8
cow231,6,Jersey,4,0,192,233,192,230,200,225,199,239,38.6,0.0,0.0,0,0,523.8,384.9,10.5,3180,21.0,4.7,19.7
cow232,1,Jersey,6,0,197,236,197,229,189,222,189,225,38.6,0.0,0.0,0,0,570.0,408.7,10.9,2965,96.9,3.2,18.7
cow232,2,Jersey,6,0,207,221,198,245,197,231,198,222,38.5,0.0,0.0,0,0,476.5,352.7,10.8,3286,43.6,4.7,19.2
cow232,3,Jersey,6,0,195,235,209,225,207,223,200,231,38.3,0.0,0.0,0,0,533.5,386.5,11.3,3874,62.9,5.6,18.9
cow232,4,Jersey,6,0,193,230,204,239,198,233,203,224,38.4,0.0,0.0,0,0,483.4,351.4,13.7,2464,27.0,5.0,19.0
cow232,5,Jersey,6,0,194,224,193,230,196,228,195,221,38.6,0.0,0.0,0,0,493.1,366.4,13.8,1725,62.0,4.0,20.3
cow232,6,Jersey,6,0,195,225,200,235,196,233,191,244,38.5,0.0,0.0,0,0,579.1,403.9,12.5,2834,96.2,4.7,19.6
cow233,1,Jersey,1,0,202,226,191,228,191,229,196,230,38.3,0.0,0.0,0,0,498.3,414.8,11.6,2806,108.9,3.5,19.4
cow233,2,Jersey,1,0,197,228,199,233,199,232,186,238,38.2,0.0,0.0,0,0,538.5,365.7,9.9,2849,35.0,4.6,21.4
cow233,3,Jersey,1,0,193,221,205,230,198,221,197,242,38.2,0.0,0.0,0,0,445.2,324.6,11.8,2629,105.4,4.2,17.8
cow233,4,Jersey,1,0,191,240,198,231,193,237,190,223,38.2,0.0,0.0,0,0,594.5,415.6,10.6,3349,174.6,3.7,22.1
cow233,5,Jersey,1,0,195,226,203,231,199,229,209,219,38.2,0.0,0.0,0,0,544.1,431.2,13.5,2447,56.5,5.0,18.3
cow233,6,Jersey,1,0,193,234,203,229,193,222,190,228,38.3,0.0,0.0,0,0,512.7,351.9,9.6,3180,79.5,2.9,21.0
cow234,1,Jersey,6,0,190,225,201,228,192,235,210,224,38.4,0.0,0.0,0,0,543.0,401.5,12.0,3255,19.0,3.6,18.5
cow234,2,Jersey,6,0,198,239,199,225,195,220,200,238,38.6,0.0,0.0,0,0,463.6,350.6,10.5,3127,42.7,3.6,20.4
cow234,3,Jersey,6,0,202,233,205,229,200,228,190,222,38.5,0.0,0.0,0,0,567.3,414.4,11.5,3195,95.8,4.1,18.4
cow234,4,Jersey,6,0,198,234,194,219,193,227,202,229,38.3,0.0,0.0,0,0,507.0,394.5,12.3,3380,153.7,5.5,19.1
cow234,5,Jersey,6,0,203,238,194,229,194,231,187,240,38.6,0.0,0.0,0,0,511.8,397.0,12.7,3021,52.5,5.1,17.7
cow234,6,Jersey,6,0,193,226,190,225,188,242,204,230,38.6,0.0,0.0,0,0,500.3,360.1,11.4,2861,502.1,4.6,18.6
cow235,1,Jersey,1,0,194,234,196,231,193,229,200,225,38.6,0.0,0.0,0,0,496.8,369.6,12.4,3195,98.7,4.5,20.4
cow235,2,Jersey,1,0,191,226,198,219,197,227,193,232,38.7,0.0,0.0,0,0,547.8,363.1,10.7,3240,33.0,4.5,20.0
cow235,3,Jersey,1,0,192,228,195,231,189,224,200,230,38.5,0.0,0.0,0,0,530.2,387.9,11.8,3356,193.3,5.6,18.5
cow235,4,Jersey,1,0,204,222,199,231,187,228,186,234,38.3,0.0,0.0,0,0,546.1,381.4,12.7,2315,33.4,3.0,19.9
cow235,5,Jersey,1,0,201,236,215,226,186,239,197,232,38.6,0.0,0.0,0,0,519.6,376.4,11.9,2927,99.7,5.1,18.9
cow235,6,Jersey,1,0,196,232,199,239,206,232,197,232,38.6,0.0,0.0,0,0,540.5,362.0,10.9,2574,41.8,4.1,20.3
cow236,1,Jersey,1,0,192,233,197,225,200,219,198,230,38.3,0.0,0.0,0,1,278.2,252.2,13.2,1524,668.2,8.4,10.7
cow236,2,Jersey,1,0,195,231,200,229,190,234,184,221,38.6,0.0,0.0,0,1,384.2,278.0,14.7,1591,4332.6,8.4,10.3
cow236,3,Jersey,1,0,198,236,210,229,200,229,196,228,38.2,0.0,0.0,0,1,232.3,220.0,12.2,1190,1618.4,8.6,11.3
cow236,4,Jersey,1,0,203,224,196,222,190,236,193,229,38.1,0.0,0.0,0,1,345.4,263.2,12.4,1008,8016.5,9.3,9.6
cow236,5,Jersey,1,0,171,195,278,231,199,227,194,219,39.2,0.0,1.0,1,1,349.7,272.5,14.2,1539,878.5,6.9,10.1
cow236,6,Jersey,1,0,150,177,306,229,191,234,194,225,39.4,0.0,0.0,1,1,260.9,255.3,13.0,1247,567.7,8.8,11.1
cow237,1,Jersey,6,0,191,226,183,230,201,226,202,226,38.4,0.0,0.0,0,0,609.2,444.1,9.8,3571,57.0,4.4,21.1
cow237,2,Jersey,6,0,198,235,197,236,199,226,187,226,38.2,0.0,0.0,0,0,559.8,424.6,13.1,3709,585.0,4.1,21.0
cow237,3,Jersey,6,0,192,230,201,225,196,236,209,219,38.7,0.0,0.0,0,0,558.8,431.4,10.2,3400,141.3,6.1,22.3
cow237,4,Jersey,6,0,193,223,201,233,195,227,195,227,38.1,0.0,0.0,0,0,521.1,366.8,11.3,3093,116.5,5.1,20.8
cow237,5,Jersey,6,0,193,226,186,236,198,238,202,234,38.4,0.0,0.0,0,0,511.3,401.8,10.8,3730,119.1,4.2,17.8
cow237,6,Jersey,6,0,188,238,201,227,194,228,197,225,38.4,0.0,0.0,0,0,511.6,348.6,11.1,3096,56.8,5.3,18.4
cow238,1,Jersey,6,0,194,235,201,224,202,225,202,227,38.5,0.0,0.0,0,0,535.6,402.8,10.4,2808,523.4,4.5,18.8
cow238,2,Jersey,6,0,202,237,196,228,198,232,194,224,38.4,0.0,0.0,0,0,576.0,404.7,12.4,2730,109.0,4.2,17.6
cow238,3,Jersey,6,0,197,226,201,226,197,235,203,227,38.5,0.0,0.0,0,0,527.3,367.6,11.6,2719,102.2,4.0,18.5
cow238,4,Jersey,6,0,198,241,202,224,188,224,190,228,38.4,0.0,0.0,0,0,483.5,369.2,12.7,2997,156.8,4.7,20.0
cow238,5,Jersey,6,0,197,225,196,233,199,224,202,222,38.8,0.0,0.0,0,0,553.0,416.8,10.8,3185,33.0,4.0,19.1
cow238,6,Jersey,6,0,200,235,191,229,202,231,197,228,38.5,0.0,0.0,0,0,556.8,418.6,14.1,2434,43.3,4.6,21.0
cow239,1,Jersey,1,0,189,219,199,227,198,223,194,215,38.3,0.0,1.0,0,0,546.2,399.6,9.2,2820,67.0,5.2,20.3
cow239,2,Jersey,1,0,200,227,188,231,194,231,191,223,38.3,0.0,0.0,0,0,549.8,400.3,9.6,3085,157.5,4.6,20.1
cow239,3,Jersey,1,0,203,231,208,232,192,226,186,232,38.0,0.0,0.0,0,0,509.2,383.0,13.6,3257,32.4,6.1,21.3
cow239,4,Jersey,1,0,187,233,197,226,198,227,198,233,38.6,0.0,0.0,0,0,482.8,363.2,12.1,2990,75.8,4.5,20.9
cow239,5,Jersey,1,0,199,225,199,237,195,233,203,234,38.5,0.0,0.0,0,0,485.3,368.9,11.9,3098,68.8,5.6,19.9
cow239,6,Jersey,1,0,190,224,198,232,191,222,198,231,38.1,0.0,0.0,0,0,454.6,344.4,12.0,2505,26.8,5.3,22.7
cow240,1,Jersey,5,0,195,232,206,222,191,238,203,225,38.9,0.0,0.0,0,0,529.5,400.9,12.2,2635,55.9,5.7,19.1
cow240,2,Jersey,5,0,199,225,194,223,198,222,201,236,,,,0,0,516.7,348.7,11.9,2976,115.5,6.1,17.3
cow240,3,Jersey,5,0,197,224,195,221,194,228,197,235,38.7,0.0,0.0,0,0,502.4,367.1,10.3,3204,28.5,3.1,20.8
cow240,4,Jersey,5,0,191,229,210,230,205,220,198,234,38.6,0.0,0.0,0,0,401.8,284.2,12.5,3093,210.6,4.7,21.0
cow240,5,Jersey,5,0,198,222,206,223,193,228,207,222,38.3,0.0,0.0,0,0,470.1,355.0,12.3,2660,109.8,4.4,20.2
cow240,6,Jersey,5,0,192,232,198,230,209,225,194,230,38.5,0.0,0.0,0,0,564.8,436.5,13.2,2905,100.9,4.6,22.0
cow241,1,Jersey,4,0,201,238,191,233,201,230,198,226,38.4,0.0,0.0,0,0,493.4,355.5,13.6,3605,79.9,4.2,19.7
cow241,2,Jersey,4,0,202,224,194,225,200,231,192,228,38.6,0.0,0.0,0,0,534.4,390.9,11.9,3218,37.4,4.1,18.6
cow241,3,Jersey,4,0,195,236,200,236,199,232,189,230,38.6,0.0,0.0,0,0,464.4,360.2,10.0,2935,50.7,3.6,20.0
cow241,4,Jersey,4,0,196,229,196,223,193,224,201,233,38.6,0.0,0.0,0,0,577.5,377.3,13.6,2590,102.0,4.6,20.0
cow241,5,Jersey,4,0,202,234,197,234,207,234,201,237,38.9,0.0,0.0,0,0,514.2,367.1,10.3,2715,50.6,5.2,19.5
cow241,6,Jersey,4,0,190,224,193,228,191,230,204,235,38.7,0.0,0.0,0,0,531.6,393.5,11.9,3003,90.5,4.1,21.7
cow242,1,Jersey,3,0,188,233,199,237,199,232,199,231,38.8,0.0,0.0,0,0,613.0,383.7,11.2,3110,42.7,4.2,20.6
cow242,2,Jersey,3,0,204,229,205,239,194,224,200,230,38.7,0.0,0.0,0,0,580.7,398.8,11.0,3226,108.5,3.9,18.4
cow242,3,Jersey,3,0,189,227,199,229,201,226,194,236,38.5,0.0,0.0,0,0,507.7,392.5,12.4,3155,114.2,3.7,20.0
cow242,4,Jersey,3,0,179,226,202,230,198,229,201,226,38.6,0.0,0.0,0,0,496.3,383.8,11.8,2852,25.8,4.3,18.8
cow242,5,Jersey,3,0,205,219,197,220,188,230,196,231,38.7,0.0,0.0,0,0,507.0,378.9,12.1,2796,83.2,4.8,22.7
cow242,6,Jersey,3,0,199,213,195,224,196,228,190,232,38.3,0.0,0.0,0,0,540.4,408.1,10.5,3819,27.8,5.5,18.4
cow243,1,Jersey,1,0,195,228,192,226,205,230,197,234,38.4,0.0,0.0,0,0,515.8,381.3,11.3,2777,22.0,3.5,21.2
cow243,2,Jersey,1,0,198,218,203,234,196,227,196,233,,,,0,0,504.2,380.5,10.6,2483,52.7,4.5,19.7
cow243,3,Jersey,1,0,195,230,203,225,189,229,187,224,38.4,0.0,0.0,0,0,578.7,409.5,11.3,2345,548.4,5.4,18.3
cow243,4,Jersey,1,0,197,234,197,225,211,227,192,225,38.4,0.0,0.0,0,0,515.4,379.3,11.4,2859,135.7,3.6,19.1
cow243,5,Jersey,1,0,204,237,205,220,199,230,204,220,38.1,0.0,0.0,0,0,612.0,423.8,13.7,3376,207.8,5.5,18.7
cow243,6,Jersey,1,0,181,220,204,216,210,233,197,225,38.3,0.0,0.0,0,0,523.6,404.9,11.2,2770,120.9,4.1,20.7
cow244,1,Jersey,3,0,201,230,206,226,210,227,200,226,38.1,1.0,0.0,0,0,591.4,450.2,8.9,3591,91.5,5.1,19.8
cow244,2,Jersey,3,0,198,231,179,225,193,231,200,233,38.1,0.0,0.0,0,0,534.3,413.4,13.2,2997,147.4,4.3,18.8
cow244,3,Jersey,3,0,204,229,190,226,205,249,200,229,38.3,0.0,0.0,0,0,558.5,395.8,12.0,3444,51.1,4.9,19.5
cow244,4,Jersey,3,0,206,217,186,222,201,228,188,234,37.9,0.0,0.0,0,0,491.0,345.4,11.3,2697,109.9,5.8,20.2
cow244,5,Jersey,3,0,191,232,194,242,205,222,192,235,38.0,0.0,0.0,0,0,485.8,382.5,11.0,2703,179.1,4.4,21.4
cow244,6,Jersey,3,0,189,231,197,232,192,234,202,231,38.2,0.0,0.0,0,0,538.4,400.8,10.4,3036,128.8,5.3,20.4
cow245,1,Jersey,6,0,197,235,198,226,207,231,195,233,38.3,0.0,0.0,0,0,559.5,409.6,13.8,3193,187.4,4.7,20.3
cow245,2,Jersey,6,0,194,235,209,232,190,244,201,223,38.5,0.0,0.0,0,0,521.6,369.6,11.6,2928,90.1,3.9,20.1
cow245,3,Jersey,6,0,198,219,200,224,202,226,196,231,38.6,0.0,0.0,0,0,468.5,356.8,9.4,3117,255.6,4.4,22.3
cow245,4,Jersey,6,0,187,225,196,229,200,237,197,232,38.6,0.0,0.0,0,0,465.6,327.8,11.9,3235,68.8,4.3,23.0
cow245,5,Jersey,6,0,189,227,191,223,200,233,204,218,38.4,0.0,0.0,0,0,462.9,357.2,12.9,2432,343.0,3.4,19.9
cow245,6,Jersey,6,0,194,229,194,230,199,214,201,226,38.1,0.0,0.0,0,0,449.3,362.4,11.7,2864,118.1,4.9,19.3
cow246,1,Jersey,3,0,189,231,195,229,189,230,198,226,38.5,0.0,0.0,0,1,299.4,287.0,12.4,1093,1464.3,8.5,15.2
cow246,2,Jersey,3,0,223,231,217,228,200,237,199,242,39.1,0.0,0.0,0,1,340.0,294.8,12.3,1112,771.4,8.6,11.5
cow246,3,Jersey,3,0,218,236,226,232,193,235,201,240,39.1,1.0,1.0,1,1,294.5,229.8,12.4,1463,1040.4,9.1,9.8
cow246,4,Jersey,3,0,225,236,232,227,187,230,186,231,39.7,1.0,1.0,1,1,204.6,204.3,15.3,1098,920.9,8.8,12.5
cow246,5,Jersey,3,0,224,238,228,234,195,242,207,229,39.7,1.0,1.0,1,1,287.4,288.9,13.4,498,1857.6,7.5,16.6
cow246,6,Jersey,3,0,235,226,238,240,197,236,200,232,40.0,1.0,1.0,1,1,288.5,235.5,11.5,1205,714.7,7.7,11.4
cow247,1,Jersey,6,0,187,234,196,224,204,233,199,229,38.5,0.0,0.0,0,0,603.8,429.2,12.0,2574,194.0,5.2,22.0
cow247,2,Jersey,6,0,187,225,190,228,203,219,191,231,38.3,0.0,0.0,0,0,461.7,370.5,11.7,3199,85.7,4.8,17.6
cow247,3,Jersey,6,0,197,227,186,232,196,221,198,225,38.5,0.0,0.0,0,0,504.4,381.7,11.0,3322,83.4,4.5,20.5
cow247,4,Jersey,6,0,197,228,192,230,203,223,198,238,38.4,0.0,0.0,0,0,588.2,465.6,10.3,2130,35.5,3.8,19.6
cow247,5,Jersey,6,0,200,233,203,241,194,225,196,224,38.4,0.0,0.0,0,0,538.0,377.6,10.2,2690,46.7,4.1,21.1
cow247,6,Jersey,6,0,194,224,197,222,194,225,192,235,38.6,0.0,0.0,0,0,542.5,375.7,12.8,3141,17.1,5.0,18.9
cow248,1,Jersey,4,0,200,233,196,234,196,231,183,228,38.6,0.0,0.0,0,0,524.6,404.8,11.8,2436,242.9,2.9,21.1
cow248,2,Jersey,4,0,197,223,199,228,199,224,196,222,38.3,0.0,0.0,0,0,533.2,366.4,12.1,3313,29.8,2.6,20.6
cow248,3,Jersey,4,0,187,228,190,227,189,241,202,227,38.7,0.0,0.0,0,0,551.1,395.1,11.8,3420,31.4,5.1,18.0
cow248,4,Jersey,4,0,204,231,193,233,203,228,202,232,38.6,0.0,0.0,0,0,487.6,359.4,11.9,2935,210.8,4.1,18.3
cow248,5,Jersey,4,0,199,214,197,232,191,234,194,222,38.5,0.0,0.0,0,0,555.1,419.7,10.9,2690,103.8,4.9,18.7
cow248,6,Jersey,4,0,198,237,193,224,204,232,189,238,38.9,0.0,0.0,0,0,465.1,358.1,11.3,2076,86.3,5.8,21.3
cow249,1,Jersey,3,0,204,224,199,231,209,225,197,224,38.5,0.0,0.0,0,0,533.1,396.1,12.9,3326,100.5,3.7,21.6
cow249,2,Jersey,3,0,188,226,209,229,196,236,186,231,38.4,0.0,0.0,0,0,527.1,377.0,13.2,3801,153.5,3.2,19.4
cow249,3,Jersey,3,0,196,224,209,234,186,239,196,233,38.4,0.0,0.0,0,0,495.3,387.1,10.0,3718,85.1,4.3,18.3
cow249,4,Jersey,3,0,203,230,194,227,188,228,185,237,38.7,0.0,0.0,0,0,519.1,451.9,11.3,2922,27.3,4.0,18.4
cow249,5,Jersey,3,0,201,234,205,230,203,229,198,230,38.7,0.0,0.0,0,0,495.1,377.5,12.5,2563,131.8,4.5,19.3
cow249,6,Jersey,3,0,205,231,198,224,201,231,208,234,38.4,0.0,0.0,0,0,477.1,356.1,13.8,3335,106.3,4.9,22.1
cow250,1,Jersey,5,0,206,224,197,230,193,235,205,221,38.2,0.0,0.0,0,0,505.9,348.2,13.6,2949,178.4,4.8,20.4
cow250,2,Jersey,5,0,196,229,187,230,186,221,208,236,38.2,0.0,0.0,0,0,475.8,342.0,10.5,3191,33.5,4.5,20.3
cow250,3,Jersey,5,0,188,234,195,236,203,229,193,220,38.4,0.0,0.0,0,0,532.9,383.9,13.0,3121,48.0,5.3,20.5
cow250,4,Jersey,5,0,198,228,201,229,199,227,197,222,38.4,0.0,0.0,0,0,474.0,342.8,11.6,3037,104.1,5.0,18.9
cow250,5,Jersey,5,0,190,240,199,220,203,221,202,231,38.6,0.0,0.0,0,0,548.5,396.8,12.8,3411,41.4,4.4,18.9
cow250,6,Jersey,5,0,200,228,209,238,203,227,195,231,38.4,0.0,0.0,0,0,472.7,383.6,12.4,3426,15.6,5.0,19.4
cow251,1,Jersey,6,0,196,224,191,230,196,233,210,233,38.7,0.0,0.0,0,1,272.3,263.9,12.0,1091,2339.2,6.8,13.8
cow251,2,Jersey,6,0,199,221,206,253,194,231,199,238,38.9,0.0,0.0,1,1,270.0,237.2,14.2,931,4104.4,8.9,15.1
cow251,3,Jersey,6,0,196,242,197,265,196,235,206,227,39.2,0.0,1.0,1,1,348.0,265.1,14.7,300,1798.3,8.0,15.8
cow251,4,Jersey,6,0,205,236,203,273,198,236,198,225,39.8,1.0,1.0,1,1,308.2,287.0,13.5,1162,3103.5,7.0,15.8
cow251,5,Jersey,6,0,202,232,193,274,193,232,203,222,39.7,1.0,1.0,1,1,286.5,249.0,13.2,863,2761.7,7.7,12.4
cow251,6,Jersey,6,0,201,227,195,277,196,227,201,238,40.6,1.0,1.0,1,1,314.9,235.9,11.6,1468,2012.2,8.8,13.1
cow252,1,Jersey,3,0,188,229,202,228,204,227,190,225,38.3,0.0,0.0,0,0,435.7,342.3,12.3,2866,87.3,3.9,18.4
cow252,2,Jersey,3,0,192,218,187,228,195,242,192,227,38.2,0.0,0.0,0,0,518.3,397.4,11.8,2909,201.7,4.8,22.3
cow252,3,Jersey,3,0,207,231,197,226,199,238,198,232,38.6,0.0,0.0,0,0,599.9,384.3,10.4,3325,40.8,5.2,20.1
cow252,4,Jersey,3,0,201,232,192,231,199,240,194,230,38.5,0.0,0.0,0,0,525.3,368.3,11.1,3159,135.5,4.5,19.8
cow252,5,Jersey,3,0,205,231,182,237,189,219,204,232,38.7,0.0,0.0,0,0,522.7,379.6,11.7,2953,35.1,3.8,20.3
cow252,6,Jersey,3,0,188,214,200,222,201,223,199,223,38.3,0.0,0.0,0,0,541.9,406.4,10.8,3675,45.9,4.4,21.4
cow253,1,Jersey,6,0,193,230,196,237,198,230,197,236,38.8,0.0,0.0,0,0,555.8,392.2,11.5,3295,181.5,3.4,20.5
cow253,2,Jersey,6,0,202,233,194,225,200,222,200,238,38.4,0.0,0.0,0,0,440.1,317.1,9.4,2834,34.4,4.1,19.5
cow253,3,Jersey,6,0,198,230,199,233,200,225,198,236,38.8,0.0,0.0,0,0,452.7,352.7,13.1,2851,67.2,3.6,20.0
cow253,4,Jersey,6,0,199,232,201,221,191,236,204,229,38.1,0.0,0.0,0,0,528.4,376.6,11.5,3315,405.9,4.5,21.8
cow253,5,Jersey,6,0,190,219,190,232,197,230,198,222,38.4,0.0,0.0,0,0,491.4,372.6,10.2,3081,161.3,3.5,20.8
cow253,6,Jersey,6,0,191,229,202,237,201,224,187,227,38.8,0.0,0.0,0,0,572.5,391.5,8.5,2552,47.7,4.6,19.2
cow254,1,Jersey,4,0,196,230,189,239,197,226,198,236,38.6,0.0,0.0,0,0,507.4,348.1,12.7,3358,53.7,5.4,18.4
cow254,2,Jersey,4,0,200,235,205,230,195,229,203,228,38.7,0.0,0.0,0,0,442.6,347.2,12.2,3503,70.6,5.5,22.3
cow254,3,Jersey,4,0,215,230,201,233,189,233,194,219,38.5,0.0,0.0,0,0,469.3,354.1,11.8,3473,196.6,3.5,18.0
cow254,4,Jersey,4,0,199,232,202,222,197,224,199,230,38.7,0.0,0.0,0,0,410.0,330.6,12.5,3617,39.8,4.0,17.7
cow254,5,Jersey,4,0,192,228,203,236,194,230,192,223,38.8,0.0,0.0,0,0,510.6,364.8,12.5,3828,38.1,5.2,17.3
cow254,6,Jersey,4,0,191,230,195,232,199,226,200,229,38.8,0.0,0.0,0,0,512.5,361.2,11.7,3692,130.0,5.1,19.9
cow255,1,Jersey,3,0,198,226,194,236,196,225,205,218,38.4,0.0,0.0,0,1,278.0,269.3,13.2,1436,514.8,7.5,14.7
cow255,2,Jersey,3,0,209,224,202,237,202,233,209,227,38.5,0.0,0.0,0,1,338.2,253.5,13.0,1217,957.5,7.6,16.1
cow255,3,Jersey,3,0,202,265,196,219,205,234,191,225,39.5,1.0,0.0,1,1,342.9,306.3,14.0,568,1863.0,8.1,15.0
cow255,4,Jersey,3,0,203,272,201,234,193,227,209,223,39.7,0.0,0.0,0,1,288.2,274.7,15.2,1304,1941.6,6.5,15.8
cow255,5,Jersey,3,0,203,270,209,235,187,228,193,233,39.9,1.0,1.0,1,1,209.6,219.2,13.4,1508,664.3,8.4,13.7
cow255,6,Jersey,3,0,194,286,192,223,196,224,192,240,40.6,1.0,1.0,1,1,319.7,257.4,15.3,1317,2653.4,8.9,12.7
cow256,1,Jersey,6,0,200,230,191,232,202,243,186,233,38.5,0.0,0.0,0,0,542.2,378.6,11.9,2245,116.4,4.2,17.2
cow256,2,Jersey,6,0,206,226,209,218,196,236,199,225,38.3,0.0,0.0,0,0,532.4,383.6,12.0,2885,50.3,3.4,19.2
cow256,3,Jersey,6,0,193,239,198,229,200,221,199,243,38.5,0.0,0.0,0,0,559.3,380.2,14.4,3258,250.2,5.6,18.3
cow256,4,Jersey,6,0,203,238,199,229,204,225,206,236,38.4,0.0,0.0,0,0,473.4,334.7,13.5,2590,100.4,4.7,17.5
cow256,5,Jersey,6,0,202,234,200,227,202,222,192,238,38.4,0.0,0.0,0,0,600.4,439.8,13.5,3066,39.7,5.1,20.6
cow256,6,Jersey,6,0,191,229,198,221,201,222,190,221,38.6,0.0,0.0,0,0,481.6,368.7,10.5,3173,243.4,3.4,18.6
cow257,1,Jersey,4,0,193,221,197,236,187,230,197,223,38.8,0.0,0.0,0,0,550.0,379.1,14.1,3447,55.3,3.4,17.4
cow257,2,Jersey,4,0,204,221,190,235,202,238,206,232,38.7,0.0,0.0,0,0,452.5,351.7,11.4,3685,89.9,4.8,18.1
cow257,3,Jersey,4,0,206,235,204,234,191,237,189,219,38.7,0.0,0.0,0,0,482.8,365.9,11.2,2849,56.7,5.3,20.1
cow257,4,Jersey,4,0,206,238,197,231,195,226,205,234,38.7,1.0,0.0,1,0,580.7,443.6,8.9,3074,122.2,3.6,21.0
cow257,5,Jersey,4,0,201,221,202,237,196,222,197,229,38.6,0.0,0.0,0,0,509.6,384.0,11.9,3086,57.0,4.4,19.5
cow257,6,Jersey,4,0,198,236,198,231,198,225,196,228,38.6,0.0,0.0,0,0,553.6,419.2,10.2,3260,59.4,3.2,21.7
cow258,1,Jersey,3,0,188,236,189,224,195,225,202,233,38.7,0.0,0.0,0,0,529.5,394.3,12.0,3215,71.1,3.9,17.7
cow258,2,Jersey,3,0,198,229,195,225,183,234,193,225,38.7,0.0,0.0,0,0,515.8,395.1,10.1,3570,56.2,4.3,21.2
cow258,3,Jersey,3,0,200,226,198,227,202,231,186,231,38.6,0.0,0.0,0,0,574.6,389.6,13.7,2067,166.5,4.9,19.6
cow258,4,Jersey,3,0,192,233,202,230,194,224,193,227,38.5,0.0,0.0,0,0,510.5,372.1,12.2,3167,33.3,2.8,20.5
cow258,5,Jersey,3,0,197,227,200,223,196,234,198,226,38.3,0.0,0.0,0,0,448.8,336.6,14.2,3195,77.4,5.6,19.9
cow258,6,Jersey,3,0,190,238,198,229,203,235,198,231,38.8,0.0,0.0,0,0,487.9,356.3,10.3,2906,84.5,4.4,17.7
cow259,1,Jersey,3,0,194,227,199,231,201,234,187,222,38.4,0.0,0.0,0,0,542.0,401.2,13.4,2094,72.9,5.5,19.8
cow259,2,Jersey,3,0,188,230,193,230,200,228,208,235,38.8,0.0,0.0,0,0,535.8,400.9,9.3,2976,155.1,5.1,21.0
cow259,3,Jersey,3,0,194,218,198,231,201,231,183,235,38.6,0.0,0.0,0,0,457.3,349.5,11.7,2716,28.1,5.2,16.9
cow259,4,Jersey,3,0,200,232,191,233,194,220,213,235,38.5,0.0,0.0,0,0,491.0,359.4,10.7,3671,117.6,6.1,20.7
cow259,5,Jersey,3,0,212,240,196,229,201,225,203,230,38.8,0.0,0.0,0,0,496.7,352.8,11.0,3150,33.6,3.9,18.4
cow259,6,Jersey,3,0,199,222,204,226,196,228,206,223,38.4,0.0,0.0,0,0,505.4,391.0,10.9,2682,55.9,4.6,20.4
cow260,1,Jersey,3,0,194,228,196,242,192,240,206,221,,,,0,1,240.0,228.3,12.4,479,673.5,7.2,10.5
cow260,2,Jersey,3,0,258,237,194,221,202,230,189,232,38.4,0.0,0.0,1,1,269.9,221.6,12.0,1536,1526.8,7.9,10.6
cow260,3,Jersey,3,0,267,239,183,224,189,228,198,228,38.7,0.0,1.0,0,1,265.9,234.0,13.0,1578,1252.1,8.6,13.0
cow260,4,Jersey,3,0,282,244,198,225,201,231,191,229,39.2,1.0,1.0,0,1,325.9,242.1,13.6,1214,7471.3,8.9,12.5
cow260,5,Jersey,3,0,303,229,201,228,202,230,198,230,39.2,1.0,1.0,1,1,327.4,275.1,14.9,1541,2423.7,7.7,13.5
cow260,6,Jersey,3,0,321,217,189,236,191,229,192,228,40.0,1.0,1.0,1,1,289.2,247.9,13.9,1161,2844.0,7.0,16.8
cow261,1,Jersey,1,0,208,223,200,224,197,230,200,229,39.0,0.0,0.0,0,0,504.3,360.3,12.9,3427,37.0,4.6,19.1
cow261,2,Jersey,1,0,196,224,201,230,196,227,199,233,38.7,0.0,0.0,0,0,525.6,411.9,9.7,3397,132.4,3.8,19.3
cow261,3,Jersey,1,0,198,224,193,239,193,225,191,234,38.9,0.0,0.0,0,0,487.3,339.6,11.0,2344,246.3,4.0,21.7
cow261,4,Jersey,1,0,190,230,206,227,195,226,206,234,38.9,0.0,0.0,0,0,474.1,365.2,12.4,2442,144.9,5.0,21.5
cow261,5,Jersey,1,0,198,233,198,235,193,220,198,229,38.9,0.0,0.0,0,0,482.4,396.8,11.9,3813,32.1,4.9,20.6
cow261,6,Jersey,1,0,194,229,201,234,194,222,207,243,38.9,0.0,0.0,0,0,494.6,384.2,10.5,3373,57.6,5.2,19.0
cow262,1,Jersey,1,0,202,232,196,223,201,230,194,227,38.6,0.0,0.0,0,0,473.5,351.5,12.6,2495,85.6,4.2,21.4
cow262,2,Jersey,1,0,208,233,201,232,197,234,198,228,38.2,0.0,0.0,0,0,526.5,363.5,10.9,2372,53.3,5.3,18.2
cow262,3,Jersey,1,0,209,224,204,224,201,231,197,229,38.5,0.0,0.0,0,0,549.2,373.0,10.6,3083,457.0,4.5,23.6
cow262,4,Jersey,1,0,203,225,193,234,201,221,205,241,38.4,0.0,0.0,0,0,456.5,334.5,12.1,2543,56.9,4.3,18.5
cow262,5,Jersey,1,0,200,230,205,231,199,227,205,220,38.6,0.0,0.0,0,0,521.0,368.2,11.5,2873,77.1,3.6,18.1
cow262,6,Jersey,1,0,198,224,193,228,204,227,188,232,38.3,0.0,0.0,0,0,511.2,361.8,10.9,2981,52.5,2.8,19.6
cow263,1,Jersey,3,0,196,227,192,220,200,224,194,223,38.4,0.0,0.0,0,1,308.7,257.3,12.8,1264,2404.9,6.7,13.3
cow263,2,Jersey,3,0,195,232,249,290,200,230,193,227,38.6,0.0,1.0,0,1,294.5,252.8,12.2,1751,6078.9,8.2,14.6
cow263,3,Jersey,3,0,203,230,264,306,199,232,193,225,38.7,0.0,1.0,0,1,236.9,228.8,13.0,2034,2188.8,7.3,13.2
cow263,4,Jersey,3,0,198,239,281,323,194,236,189,222,39.0,1.0,0.0,1,1,244.5,202.4,14.8,1108,1672.4,6.7,13.7
cow263,5,Jersey,3,0,205,221,291,341,206,228,191,229,39.3,1.0,1.0,1,1,296.2,243.4,13.8,848,839.7,7.7,12.4
cow263,6,Jersey,3,0,199,227,299,359,208,219,197,234,39.0,1.0,1.0,1,1,336.2,276.8,14.7,1456,5285.6,8.2,11.0
cow264,1,Jersey,1,0,183,224,205,224,195,230,200,223,38.6,0.0,0.0,0,0,431.4,323.3,12.1,3653,71.9,4.8,22.1
cow264,2,Jersey,1,0,192,227,205,215,191,240,201,231,38.5,0.0,0.0,0,0,533.8,421.4,10.8,2839,69.8,4.5,21.3
cow264,3,Jersey,1,0,206,223,201,229,198,228,203,222,38.6,1.0,0.0,0,0,567.6,412.7,9.5,3340,15.8,4.5,19.5
cow264,4,Jersey,1,0,198,239,199,232,206,223,192,226,38.6,0.0,0.0,0,0,513.9,347.3,10.4,2665,72.8,4.1,18.7
cow264,5,Jersey,1,0,189,237,206,235,201,225,209,228,38.6,0.0,0.0,0,0,542.0,400.7,10.7,3009,60.2,5.0,18.0
cow264,6,Jersey,1,0,198,232,200,230,199,231,193,239,38.5,0.0,0.0,0,0,491.9,372.9,10.6,2535,22.5,4.4,18.0
cow265,1,Jersey,1,0,188,223,208,232,200,243,199,226,38.6,0.0,0.0,0,0,515.2,374.9,12.7,3004,157.4,4.4,20.1
cow265,2,Jersey,1,0,198,234,203,233,204,230,188,227,38.4,0.0,0.0,0,0,455.2,319.3,12.7,2953,54.9,5.3,19.4
cow265,3,Jersey,1,0,204,229,197,245,192,231,194,231,38.5,0.0,0.0,0,0,426.2,355.4,14.2,3243,294.2,5.1,20.2
cow265,4,Jersey,1,0,199,229,204,234,198,244,193,242,38.6,0.0,0.0,0,0,557.7,383.4,10.6,3711,211.0,4.4,20.9
cow265,5,Jersey,1,0,194,231,189,234,197,234,202,227,38.3,0.0,0.0,0,0,480.6,368.3,13.4,2844,48.3,4.2,17.2
cow265,6,Jersey,1,0,212,233,191,229,204,230,190,233,38.2,0.0,0.0,0,0,501.8,372.7,13.4,2200,204.5,4.2,19.7
cow266,1,Jersey,4,0,196,226,201,228,202,229,198,231,38.6,0.0,0.0,0,0,464.5,357.5,11.2,2919,241.6,2.9,20.1
cow266,2,Jersey,4,0,200,228,204,231,200,218,182,233,38.7,0.0,0.0,0,0,463.6,376.9,12.1,3120,54.0,5.4,17.2
cow266,3,Jersey,4,0,205,226,196,229,195,232,187,225,38.8,0.0,0.0,0,0,513.0,385.9,13.0,3081,38.9,4.0,21.2
cow266,4,Jersey,4,0,186,241,193,232,192,229,203,217,38.7,0.0,0.0,0,0,490.8,352.4,11.4,2937,17.9,5.2,23.4
cow266,5,Jersey,4,0,196,237,196,227,211,231,202,239,38.7,0.0,0.0,0,0,535.1,409.0,11.3,3595,103.3,4.5,21.7
cow266,6,Jersey,4,0,200,235,207,225,200,226,193,231,38.7,0.0,0.0,0,0,538.1,379.5,10.7,3054,40.6,5.6,19.6
cow267,1,Jersey,4,0,200,224,200,231,207,223,191,245,38.8,0.0,0.0,0,0,532.8,390.6,8.7,2958,105.5,4.9,19.7
cow267,2,Jersey,4,0,192,223,205,225,192,224,201,227,38.8,0.0,0.0,0,0,529.5,362.5,11.6,2689,53.7,5.2,20.9
cow267,3,Jersey,4,0,198,231,196,230,186,231,203,222,39.2,0.0,0.0,0,0,583.1,399.3,10.6,2301,46.4,4.0,22.1
cow267,4,Jersey,4,0,206,233,190,236,197,232,195,228,38.8,0.0,0.0,0,0,477.3,355.3,10.2,3132,53.9,3.5,20.6
cow267,5,Jersey,4,0,197,231,201,232,201,219,196,221,39.0,0.0,0.0,0,0,517.8,385.3,12.0,3098,32.4,4.6,21.6
cow267,6,Jersey,4,0,210,215,201,227,206,216,200,224,39.0,0.0,0.0,0,0,565.3,376.5,9.8,2576,53.9,3.0,21.5
cow268,1,Jersey,4,0,206,229,205,223,191,224,207,228,38.6,0.0,0.0,0,1,345.6,294.3,14.5,1282,1102.0,7.6,17.0
cow268,2,Jersey,4,0,196,255,197,226,197,229,202,221,38.9,1.0,0.0,0,1,238.1,206.1,14.1,1242,1972.6,7.0,12.1
cow268,3,Jersey,4,0,192,264,193,227,191,242,185,225,39.2,0.0,1.0,0,1,282.5,270.5,13.0,1050,2170.2,7.3,15.8
cow268,4,Jersey,4,0,184,265,188,226,197,227,203,222,39.7,1.0,0.0,1,1,349.3,281.3,13.4,983,841.6,8.5,11.0
cow268,5,Jersey,4,0,196,274,197,222,204,235,199,242,40.2,1.0,1.0,1,1,315.3,247.0,12.1,1462,4844.9,8.4,14.4
cow268,6,Jersey,4,0,206,270,193,236,197,228,198,233,40.5,1.0,1.0,1,1,302.8,261.1,14.4,1210,1754.5,7.9,16.6
cow269,1,Jersey,6,0,206,223,197,223,199,227,187,231,38.9,0.0,0.0,0,0,511.3,358.3,11.7,2764,224.2,4.8,20.3
cow269,2,Jersey,6,0,194,232,198,229,206,226,200,226,38.7,0.0,0.0,0,0,504.6,393.6,11.8,2655,93.8,4.1,20.4
cow269,3,Jersey,6,0,208,230,204,223,190,228,199,236,38.8,0.0,0.0,0,0,531.5,386.9,12.1,2948,83.3,6.4,19.6
cow269,4,Jersey,6,0,202,239,203,232,204,235,202,235,38.6,0.0,0.0,0,0,509.9,371.2,10.7,3370,56.6,4.7,17.5
cow269,5,Jersey,6,0,190,233,193,231,190,227,196,232,39.0,0.0,0.0,0,0,518.3,389.6,9.7,3083,121.5,4.0,20.8
cow269,6,Jersey,6,0,202,237,196,238,202,238,198,227,38.6,0.0,0.0,0,0,523.1,363.8,12.6,2905,81.3,5.2,19.0
cow270,1,Jersey,6,0,199,234,211,231,199,222,188,225,38.4,0.0,0.0,0,0,492.9,340.5,12.3,3123,143.7,5.5,19.9
cow270,2,Jersey,6,0,195,228,195,232,203,239,203,242,38.7,0.0,0.0,0,0,541.3,400.1,10.9,3546,240.7,3.9,20.0
cow270,3,Jersey,6,0,190,224,210,231,203,216,197,229,38.7,0.0,0.0,0,0,636.6,430.1,12.0,3196,48.1,3.4,20.3
cow270,4,Jersey,6,0,197,220,195,226,197,225,195,237,38.6,0.0,0.0,0,0,448.9,317.6,13.0,3104,121.3,3.5,20.0
cow270,5,Jersey,6,0,204,230,208,232,199,227,201,234,38.4,0.0,0.0,0,0,533.0,402.8,12.9,3255,119.0,4.0,19.8
cow270,6,Jersey,6,0,200,235,182,231,203,226,190,225,38.7,0.0,0.0,0,0,489.6,371.2,10.8,2937,109.0,4.5,21.8
cow271,1,Jersey,5,0,193,237,204,231,197,230,200,232,38.2,0.0,0.0,0,0,543.1,371.3,9.7,3074,58.9,3.2,19.5
cow271,2,Jersey,5,0,195,231,206,230,198,224,188,226,38.2,0.0,0.0,0,0,521.9,370.0,9.9,2804,59.7,4.2,20.7
cow271,3,Jersey,5,0,187,232,200,226,193,227,194,238,38.2,0.0,0.0,0,0,550.5,382.0,11.1,2380,53.1,4.3,20.6
cow271,4,Jersey,5,0,196,231,194,226,198,225,195,233,38.3,0.0,0.0,0,0,567.0,440.2,13.3,3137,52.3,4.8,18.7
cow271,5,Jersey,5,0,201,231,192,236,207,227,209,236,38.6,0.0,0.0,0,0,527.7,400.9,10.6,3139,44.5,5.0,19.8
cow271,6,Jersey,5,0,204,228,208,232,200,221,197,225,38.3,0.0,0.0,0,0,565.3,399.6,10.8,2885,73.9,4.8,18.7
cow272,1,Jersey,4,0,197,239,202,223,198,227,201,238,38.3,0.0,0.0,0,0,426.2,334.1,10.8,3414,47.1,5.9,20.8
cow272,2,Jersey,4,0,196,232,200,217,201,229,193,234,38.5,0.0,0.0,0,0,583.6,393.8,10.9,2711,107.3,5.4,18.2
cow272,3,Jersey,4,0,203,237,199,227,190,238,198,223,38.1,0.0,0.0,0,0,535.0,376.9,11.5,2291,82.6,4.7,19.1
cow272,4,Jersey,4,0,191,229,196,235,193,226,195,226,38.6,0.0,0.0,0,0,563.1,407.8,10.0,2721,89.3,3.7,20.4
cow272,5,Jersey,4,0,195,232,197,222,203,234,195,227,38.3,0.0,0.0,0,0,471.2,358.9,12.8,2384,65.8,4.0,18.3
cow272,6,Jersey,4,0,194,226,197,226,194,229,195,227,38.2,0.0,0.0,0,0,486.8,358.3,11.3,3135,83.3,3.4,20.4
cow273,1,Jersey,1,0,195,230,198,235,207,234,207,238,38.0,0.0,0.0,0,0,525.8,388.0,14.5,2699,67.0,4.6,20.9
cow273,2,Jersey,1,0,201,219,203,234,191,238,204,232,38.1,0.0,0.0,0,0,519.3,381.0,10.1,3394,136.1,4.8,18.1
cow273,3,Jersey,1,0,188,229,202,237,204,220,191,231,38.4,1.0,0.0,0,0,531.3,383.8,13.4,3386,58.5,5.2,20.8
cow273,4,Jersey,1,0,190,218,188,223,197,229,200,225,37.9,0.0,0.0,0,0,563.4,400.7,13.2,2630,103.0,4.7,20.1
cow273,5,Jersey,1,0,200,239,199,221,201,230,195,227,38.3,0.0,0.0,0,0,449.4,330.0,11.0,2677,32.2,5.3,19.8
cow273,6,Jersey,1,0,209,230,199,230,213,230,191,225,38.2,0.0,0.0,0,0,559.0,407.5,11.0,3214,129.9,5.4,19.7
cow274,1,Jersey,2,0,210,228,208,228,204,230,191,240,38.5,1.0,0.0,0,0,520.3,387.6,10.4,3392,54.0,3.7,18.6
cow274,2,Jersey,2,0,210,231,193,230,201,227,206,225,38.1,0.0,0.0,0,0,511.8,378.7,10.4,2195,42.3,4.1,21.1
cow274,3,Jersey,2,0,197,235,196,232,195,228,189,222,38.4,0.0,0.0,0,0,461.2,323.5,11.5,3113,36.2,4.5,23.0
cow274,4,Jersey,2,0,200,224,201,224,199,225,196,225,38.4,0.0,0.0,0,0,540.1,374.1,11.5,2121,34.2,3.9,19.8
cow274,5,Jersey,2,0,201,216,204,224,207,227,205,219,38.1,0.0,0.0,0,0,423.4,329.2,9.6,2781,57.0,4.3,18.4
cow274,6,Jersey,2,0,204,229,196,238,194,239,196,229,38.1,0.0,0.0,0,0,545.9,422.1,14.3,3437,223.7,4.7,20.0
cow275,1,Jersey,5,0,195,226,203,231,193,229,193,234,38.3,0.0,0.0,0,0,460.3,346.9,11.2,4204,50.9,4.4,21.9
cow275,2,Jersey,5,0,193,229,200,224,211,230,184,228,38.3,0.0,0.0,0,0,522.1,373.9,11.6,2904,17.3,4.5,18.5
cow275,3,Jersey,5,0,197,239,193,221,206,231,201,234,38.1,0.0,0.0,0,0,515.2,381.2,10.7,2501,102.2,3.7,21.7
cow275,4,Jersey,5,0,187,229,192,231,198,227,206,229,38.4,0.0,0.0,0,0,566.8,387.6,11.2,2795,36.8,4.9,17.8
cow275,5,Jersey,5,0,189,228,198,226,191,236,190,234,38.3,0.0,0.0,0,0,512.9,399.3,11.1,3026,139.5,4.8,19.5
cow275,6,Jersey,5,0,193,230,188,241,192,230,201,236,38.4,0.0,0.0,0,0,492.2,366.7,11.5,2732,59.4,3.9,19.9
cow276,1,Jersey,1,0,201,226,200,238,191,230,189,233,38.5,0.0,0.0,0,1,274.7,230.8,13.5,930,1599.9,7.0,11.2
cow276,2,Jersey,1,0,206,222,199,228,193,234,204,222,38.6,0.0,0.0,0,1,345.9,282.5,14.5,1129,5236.7,9.0,11.9
cow276,3,Jersey,1,0,204,226,199,230,200,221,200,222,38.7,0.0,0.0,0,1,316.5,258.4,13.8,1458,3282.5,9.4,15.9
cow276,4,Jersey,1,0,261,301,183,230,191,238,194,226,38.9,1.0,1.0,0,1,279.6,269.4,14.3,1232,730.7,8.2,12.8
cow276,5,Jersey,1,0,282,331,170,214,197,220,202,227,39.4,0.0,1.0,1,1,285.5,245.7,13.5,947,822.7,7.7,13.6
cow276,6,Jersey,1,0,315,351,156,231,196,224,198,235,39.8,1.0,1.0,1,1,232.3,220.2,13.8,1032,474.0,8.8,10.2
cow277,1,Jersey,3,0,217,242,191,224,190,229,212,212,38.5,0.0,0.0,0,0,535.5,399.7,11.2,2834,479.7,4.9,20.4
cow277,2,Jersey,3,0,192,228,196,221,203,228,191,229,38.3,0.0,0.0,0,0,449.6,324.4,12.7,2600,43.8,4.3,22.4
cow277,3,Jersey,3,0,192,230,210,226,192,227,193,224,38.3,0.0,0.0,0,0,550.1,401.5,11.9,2717,178.2,5.3,20.0
cow277,4,Jersey,3,0,202,227,194,232,199,230,206,232,38.5,0.0,0.0,0,0,525.1,388.0,11.3,3257,55.0,3.9,20.2
cow277,5,Jersey,3,0,194,242,200,223,193,233,190,228,38.3,0.0,0.0,0,0,615.5,409.3,11.3,2908,37.7,3.9,20.3
cow277,6,Jersey,3,0,197,225,211,229,192,222,191,241,38.0,0.0,0.0,0,0,476.0,358.1,11.4,2299,80.6,4.8,20.1
cow278,1,Jersey,4,0,207,225,194,222,201,232,199,217,38.7,0.0,0.0,0,0,515.9,376.7,11.5,3410,63.4,4.6,18.3
cow278,2,Jersey,4,0,200,226,200,232,199,217,197,227,38.5,0.0,0.0,0,0,591.9,425.5,11.4,3167,138.2,5.0,19.0
cow278,3,Jersey,4,0,197,216,198,218,207,231,184,236,38.5,0.0,0.0,0,0,567.7,409.2,10.8,2447,139.4,5.5,20.4
cow278,4,Jersey,4,0,203,231,198,244,185,232,191,223,38.8,0.0,0.0,0,0,492.2,368.0,12.4,2854,52.8,3.3,19.2
cow278,5,Jersey,4,0,198,230,189,239,199,235,202,238,38.7,0.0,0.0,0,0,529.0,409.4,12.5,2683,29.4,4.5,19.4
cow278,6,Jersey,4,0,205,229,198,237,197,232,200,221,38.5,0.0,0.0,0,0,520.1,358.8,13.6,3271,34.7,6.0,21.2
cow279,1,Jersey,6,0,204,230,194,226,205,234,205,236,38.2,0.0,0.0,0,0,531.3,380.6,10.8,2851,16.4,4.0,19.5
cow279,2,Jersey,6,0,202,223,195,228,208,229,201,235,38.4,0.0,0.0,0,0,492.1,375.2,12.3,2971,65.7,3.9,21.6
cow279,3,Jersey,6,0,197,245,192,229,204,225,202,227,38.4,0.0,0.0,0,0,516.4,386.5,9.2,2924,78.8,2.7,18.4
cow279,4,Jersey,6,0,199,232,192,233,189,227,197,228,38.1,0.0,0.0,0,0,456.1,349.9,12.5,2408,36.1,4.6,22.1
cow279,5,Jersey,6,0,196,227,194,233,196,225,200,231,38.2,0.0,0.0,0,0,525.4,432.8,9.8,3562,33.2,5.0,18.4
cow279,6,Jersey,6,0,195,236,195,229,199,229,192,218,38.5,0.0,0.0,0,0,538.0,401.9,10.3,3265,78.6,5.0,22.4
cow280,1,Jersey,2,0,207,219,195,231,192,230,200,231,38.2,0.0,0.0,0,1,285.9,269.9,13.9,1001,1199.0,7.2,11.5
cow280,2,Jersey,2,0,192,232,197,240,202,226,198,221,38.3,0.0,0.0,0,1,230.4,210.7,12.8,1377,1680.6,8.0,10.4
cow280,3,Jersey,2,0,180,215,208,300,204,227,201,236,38.6,1.0,1.0,0,1,334.5,260.9,12.6,1690,1484.1,8.2,11.5
cow280,4,Jersey,2,0,174,202,201,317,203,227,196,228,39.3,0.0,1.0,0,1,309.6,258.1,12.9,1322,2438.1,8.0,8.3
cow280,5,Jersey,2,0,159,202,197,335,207,231,205,220,39.6,1.0,1.0,0,1,266.0,250.4,14.4,1923,1265.2,7.1,12.8
cow280,6,Jersey,2,0,160,184,195,364,200,233,194,235,40.1,1.0,1.0,1,1,283.8,255.6,12.4,2467,1345.7,8.1,9.8
cow281,1,Jersey,3,0,201,239,191,238,187,221,203,230,38.5,0.0,0.0,0,0,460.0,351.2,11.4,2950,21.7,3.8,18.4
cow281,2,Jersey,3,0,207,234,206,226,204,217,198,226,38.8,0.0,0.0,0,0,479.0,351.5,11.0,2767,76.7,3.0,20.5
cow281,3,Jersey,3,0,198,230,208,226,199,229,200,230,38.4,1.0,0.0,0,0,498.5,360.4,12.5,2604,84.5,5.0,20.1
cow281,4,Jersey,3,0,201,221,196,220,199,224,212,220,38.2,0.0,0.0,0,0,569.1,406.2,12.5,2115,70.3,4.6,19.0
cow281,5,Jersey,3,0,196,230,194,225,193,221,200,231,38.5,0.0,0.0,0,0,494.4,377.7,9.3,3499,297.5,5.0,21.9
cow281,6,Jersey,3,0,206,232,197,231,193,229,197,228,38.3,0.0,0.0,0,0,545.6,410.5,12.8,2859,88.9,4.1,21.6
cow282,1,Jersey,6,0,194,234,205,244,204,232,202,209,38.6,0.0,0.0,0,0,498.5,349.0,10.8,3350,71.3,5.0,20.8
cow282,2,Jersey,6,0,199,220,194,243,196,220,195,230,38.6,0.0,0.0,0,0,529.9,399.7,11.8,3431,112.1,5.3,21.2
cow282,3,Jersey,6,0,200,225,205,236,187,223,202,230,38.7,0.0,0.0,0,0,514.3,364.9,10.4,2568,341.9,5.9,21.6
cow282,4,Jersey,6,0,204,231,197,232,200,232,198,228,38.7,0.0,0.0,0,0,554.9,409.4,11.9,2628,94.6,5.2,19.5
cow282,5,Jersey,6,0,206,216,198,230,215,231,205,226,38.6,0.0,0.0,0,0,498.6,363.7,14.6,3698,17.1,4.8,20.3
cow282,6,Jersey,6,0,208,236,205,237,200,236,202,232,38.7,0.0,0.0,0,0,457.1,370.4,11.7,2972,107.1,3.4,20.3
cow283,1,Jersey,3,0,194,226,200,218,196,223,194,218,38.4,0.0,0.0,0,0,464.7,339.3,10.9,2736,43.3,4.4,17.4
cow283,2,Jersey,3,0,191,224,195,233,197,220,186,227,38.5,0.0,0.0,0,0,498.7,370.4,11.2,2582,21.1,3.4,20.1
cow283,3,Jersey,3,0,192,238,189,221,196,234,199,223,38.5,0.0,0.0,0,0,470.0,360.9,9.7,2943,256.6,3.8,19.6
cow283,4,Jersey,3,0,199,234,199,227,207,237,208,226,38.4,0.0,0.0,0,0,536.4,374.1,13.2,3603,221.0,6.1,19.4
cow283,5,Jersey,3,0,198,233,190,240,195,238,190,229,38.2,0.0,0.0,0,0,501.4,367.5,11.9,3274,42.5,3.7,20.3
cow283,6,Jersey,3,0,191,222,192,224,204,237,189,227,38.2,0.0,0.0,0,0,615.0,432.2,10.2,3073,42.7,2.6,18.6
cow284,1,Jersey,3,0,203,237,197,223,201,228,199,220,38.3,0.0,0.0,0,0,450.5,329.0,10.3,3635,88.7,5.2,19.7
cow284,2,Jersey,3,0,196,232,198,224,186,219,210,234,38.5,0.0,0.0,0,0,528.1,377.0,11.5,3558,43.1,4.0,18.9
cow284,3,Jersey,3,0,200,228,202,227,197,244,202,236,38.9,0.0,0.0,0,0,474.9,372.9,12.6,3134,72.4,5.1,19.5
cow284,4,Jersey,3,0,201,213,199,226,197,234,187,231,38.2,0.0,0.0,0,0,500.3,357.4,10.1,4110,48.5,3.6,17.9
cow284,5,Jersey,3,0,198,238,205,233,193,240,210,226,38.8,0.0,0.0,0,0,525.7,393.6,12.8,2901,60.2,4.2,18.7
cow284,6,Jersey,3,0,189,236,187,232,203,230,199,221,38.7,0.0,0.0,0,0,427.0,329.9,11.4,3439,30.1,5.5,18.1
cow285,1,Jersey,2,0,196,225,200,230,202,227,213,221,38.5,0.0,0.0,0,1,304.5,235.5,12.4,1143,3885.2,6.9,13.2
cow285,2,Jersey,2,0,219,231,191,259,190,231,199,233,39.1,1.0,0.0,0,1,371.1,310.0,12.9,1661,5264.1,7.9,16.4
cow285,3,Jersey,2,0,221,217,191,263,202,230,206,233,39.1,0.0,0.0,0,1,276.9,218.7,15.6,1201,1840.5,8.2,15.2
cow285,4,Jersey,2,0,226,229,210,273,203,227,199,230,39.6,1.0,1.0,0,1,305.4,272.5,11.8,1485,1937.8,7.4,15.6
cow285,5,Jersey,2,0,238,241,199,269,195,223,203,227,39.7,1.0,1.0,1,1,336.0,270.5,12.6,2256,3312.9,8.2,14.4
cow285,6,Jersey,2,0,235,236,205,279,196,239,203,224,39.9,1.0,1.0,1,1,288.4,251.2,14.6,1681,1998.3,8.0,13.0
cow286,1,Jersey,5,0,206,226,203,230,194,218,202,232,38.7,0.0,0.0,0,0,496.8,342.8,11.8,3191,262.3,4.9,20.4
cow286,2,Jersey,5,0,198,231,204,229,188,229,195,224,38.6,0.0,0.0,0,0,429.0,327.6,10.6,2690,32.0,6.0,20.5
cow286,3,Jersey,5,0,189,223,190,237,190,234,194,229,38.5,0.0,0.0,0,0,545.6,412.1,12.7,3075,144.0,6.6,19.3
cow286,4,Jersey,5,0,206,233,190,236,197,225,200,237,38.5,0.0,0.0,0,0,515.5,362.8,12.7,2597,73.4,4.9,22.5
cow286,5,Jersey,5,0,193,223,202,227,198,226,200,227,38.7,0.0,0.0,0,0,479.5,344.8,11.9,3355,36.6,4.4,19.2
cow286,6,Jersey,5,0,188,224,195,232,197,233,197,234,38.4,0.0,0.0,0,0,525.1,391.2,10.8,3345,375.1,4.9,20.1
cow287,1,Jersey,5,0,203,238,203,222,186,222,201,228,38.3,0.0,0.0,0,0,496.7,374.6,11.0,2928,412.6,4.3,19.4
cow287,2,Jersey,5,0,203,225,190,229,195,231,200,235,38.1,0.0,0.0,0,0,498.9,323.5,11.8,3665,68.8,3.2,20.2
cow287,3,Jersey,5,0,200,231,204,227,193,231,197,232,37.9,0.0,0.0,0,0,544.3,430.8,9.9,3609,108.0,4.5,21.0
cow287,4,Jersey,5,0,199,235,196,225,200,233,188,240,38.3,0.0,0.0,0,0,466.5,357.4,13.1,3060,57.4,5.4,21.5
cow287,5,Jersey,5,0,201,229,198,230,186,230,194,235,,0.0,0.0,0,0,561.9,417.7,13.5,3226,64.1,3.3,22.5
cow287,6,Jersey,5,0,189,241,184,226,191,237,196,224,37.9,0.0,0.0,0,0,464.1,343.9,11.2,2765,36.3,3.7,20.7
cow288,1,Jersey,3,0,197,228,197,221,194,244,198,227,39.3,0.0,0.0,0,0,493.5,330.7,11.9,2891,32.8,4.0,17.5
cow288,2,Jersey,3,0,205,230,196,220,197,224,202,234,39.0,1.0,0.0,0,0,596.9,438.3,12.9,2569,284.0,4.8,20.4
cow288,3,Jersey,3,0,196,231,184,221,198,231,204,235,38.9,0.0,0.0,0,0,565.1,396.9,13.8,2809,77.3,6.4,20.6
cow288,4,Jersey,3,0,183,227,196,246,202,236,202,230,39.1,0.0,0.0,0,0,523.9,392.1,13.4,2958,82.3,3.9,20.9
cow288,5,Jersey,3,0,182,234,191,230,194,220,197,219,38.7,0.0,0.0,0,0,482.4,353.5,9.4,2336,45.4,4.6,21.1
cow288,6,Jersey,3,0,194,224,195,225,199,229,191,235,38.7,0.0,0.0,0,0,498.8,371.6,11.1,3231,90.6,4.5,19.2
cow289,1,Jersey,2,0,204,230,194,221,197,226,197,232,38.5,0.0,0.0,0,0,522.9,367.8,12.1,3409,28.1,4.3,20.2
cow289,2,Jersey,2,0,208,227,200,218,189,225,205,226,,,,0,0,521.5,396.5,10.9,2997,46.5,4.5,19.7
cow289,3,Jersey,2,0,191,228,201,236,197,232,198,230,38.6,0.0,0.0,0,0,516.4,356.4,13.6,1921,34.7,4.1,18.3
cow289,4,Jersey,2,0,191,226,203,239,203,232,198,234,,,,0,0,518.8,419.7,13.5,2899,194.0,6.7,20.2
cow289,5,Jersey,2,0,201,231,209,229,193,233,193,231,38.7,0.0,1.0,0,0,511.4,415.1,10.5,2443,25.4,5.1,19.9
cow289,6,Jersey,2,0,198,219,201,232,204,225,187,233,38.7,0.0,0.0,0,0,462.3,374.8,11.3,2756,35.2,4.1,20.2
cow290,1,Jersey,4,0,199,227,193,226,203,231,194,242,38.7,0.0,0.0,0,0,499.3,390.6,10.6,3581,19.3,5.4,18.9
cow290,2,Jersey,4,0,208,235,188,228,200,228,192,234,38.5,0.0,0.0,0,0,556.6,400.4,11.3,2026,43.0,4.7,21.1
cow290,3,Jersey,4,0,193,234,189,226,198,231,206,231,38.6,0.0,0.0,0,0,465.3,368.2,11.2,2673,57.8,4.5,18.7
cow290,4,Jersey,4,0,192,226,197,229,200,238,197,233,38.5,0.0,0.0,0,0,512.4,373.7,12.6,3332,156.1,4.4,19.8
cow290,5,Jersey,4,0,197,238,196,227,194,223,203,224,38.8,0.0,0.0,0,0,487.2,332.4,10.4,2719,68.1,4.3,20.2
cow290,6,Jersey,4,0,209,235,203,215,198,228,194,238,38.4,0.0,0.0,0,0,524.5,409.7,8.4,2689,59.8,3.5,20.1
cow291,1,Jersey,2,0,199,234,191,227,205,230,194,229,38.6,0.0,0.0,0,0,504.5,391.0,9.6,3813,97.7,3.2,20.5
cow291,2,Jersey,2,0,194,231,197,234,196,223,197,226,38.7,0.0,0.0,0,0,579.1,414.9,10.3,3151,58.5,4.8,23.5
cow291,3,Jersey,2,0,202,226,190,216,204,222,214,222,38.6,0.0,0.0,0,0,540.3,370.1,10.7,3374,419.7,4.3,18.6
cow291,4,Jersey,2,0,190,223,197,233,194,232,208,227,38.2,0.0,0.0,0,0,467.5,338.0,11.7,3198,52.8,5.2,21.2
cow291,5,Jersey,2,0,197,238,197,233,198,226,198,222,38.5,0.0,0.0,0,0,546.8,363.3,10.2,3065,105.7,3.8,20.0
cow291,6,Jersey,2,0,194,227,191,236,199,232,194,234,38.8,0.0,0.0,0,0,489.0,378.4,10.0,3506,140.6,3.6,21.4
cow292,1,Jersey,6,0,193,232,196,242,194,234,194,229,38.8,0.0,0.0,0,0,496.9,337.3,10.4,3762,51.8,5.1,19.7
cow292,2,Jersey,6,0,204,220,192,236,195,228,190,236,38.8,0.0,0.0,0,0,532.6,392.7,10.2,2327,89.0,4.3,19.6
cow292,3,Jersey,6,0,193,233,190,242,195,221,197,234,38.7,0.0,0.0,0,0,500.3,353.0,10.8,2986,56.2,5.2,18.7
cow292,4,Jersey,6,0,193,233,199,222,198,225,216,234,38.8,0.0,0.0,0,0,555.7,375.7,10.8,2983,96.0,4.5,20.3
cow292,5,Jersey,6,0,201,222,208,221,207,230,197,224,38.9,0.0,0.0,0,0,489.0,365.7,12.3,2828,85.2,6.0,18.9
cow292,6,Jersey,6,0,201,232,199,228,202,227,197,231,38.7,0.0,0.0,0,0,495.2,359.1,10.3,3392,72.1,5.1,18.8
cow293,1,Jersey,1,0,198,235,196,231,204,231,204,221,38.0,0.0,0.0,0,0,493.7,379.3,11.1,3103,35.8,4.8,19.6
cow293,2,Jersey,1,0,202,237,198,218,191,220,194,245,38.3,0.0,0.0,0,0,497.4,343.6,10.8,3770,287.8,5.1,20.2
cow293,3,Jersey,1,0,204,228,203,231,188,222,200,229,38.3,0.0,0.0,0,0,564.0,392.7,12.5,3440,119.1,4.3,19.8
cow293,4,Jersey,1,0,188,220,202,218,199,227,198,229,37.9,0.0,0.0,0,0,545.2,352.1,11.3,3546,26.5,3.2,18.9
cow293,5,Jersey,1,0,196,232,210,234,194,223,206,228,38.2,0.0,0.0,0,0,588.4,381.7,12.8,2520,59.4,4.8,19.5
cow293,6,Jersey,1,0,193,229,180,222,186,233,197,223,38.2,0.0,0.0,0,0,610.7,466.8,10.1,2678,26.9,6.1,19.8
cow294,1,Jersey,1,0,201,228,198,229,188,230,189,221,38.5,0.0,0.0,0,1,253.8,267.8,13.4,1011,3687.5,6.2,9.5
cow294,2,Jersey,1,0,200,229,211,230,197,228,204,229,38.6,0.0,0.0,0,1,297.8,258.4,12.8,1829,1960.5,8.4,13.1
cow294,3,Jersey,1,0,200,237,203,225,191,238,202,232,38.7,0.0,0.0,0,1,248.0,211.9,12.0,913,2001.8,6.8,11.0
cow294,4,Jersey,1,0,193,225,191,221,192,227,206,220,38.6,0.0,0.0,0,1,263.9,231.0,13.4,925,1012.0,8.0,11.1
cow294,5,Jersey,1,0,195,225,195,260,198,233,193,235,39.4,1.0,0.0,1,1,269.8,255.6,15.6,851,1547.2,8.1,9.6
cow294,6,Jersey,1,0,200,215,195,277,196,229,211,239,40.1,0.0,1.0,0,1,252.7,220.4,12.5,2401,3762.8,8.6,18.3
cow295,1,Jersey,4,0,196,236,207,226,202,223,192,234,38.3,0.0,0.0,0,0,477.9,359.0,11.3,2943,164.7,4.7,21.5
cow295,2,Jersey,4,0,195,237,207,229,188,225,197,221,38.2,0.0,0.0,0,0,514.2,376.3,9.9,3212,142.5,5.6,21.1
cow295,3,Jersey,4,0,193,219,199,231,189,222,196,234,38.1,0.0,0.0,0,0,471.3,340.6,9.7,2544,27.2,5.4,18.4
cow295,4,Jersey,4,0,195,228,203,227,206,233,196,232,38.4,0.0,0.0,0,0,553.7,390.7,10.6,3384,69.8,4.3,20.9
cow295,5,Jersey,4,0,198,218,194,222,198,235,197,228,38.4,0.0,0.0,0,0,483.3,363.3,11.0,2291,94.6,5.4,18.8
cow295,6,Jersey,4,0,200,233,198,227,205,225,202,228,38.3,0.0,0.0,0,0,632.4,429.8,11.0,2608,47.8,4.2,20.1
cow296,1,Jersey,5,0,200,227,203,223,202,232,190,227,38.6,0.0,0.0,0,0,501.9,377.3,11.2,2707,25.3,4.1,17.2
cow296,2,Jersey,5,0,197,226,188,232,195,233,207,234,38.9,0.0,0.0,0,0,522.9,373.2,9.5,3088,32.7,3.5,19.4
cow296,3,Jersey,5,0,190,225,204,226,202,226,202,223,38.6,0.0,0.0,0,0,468.2,351.2,10.7,2683,223.8,5.5,18.2
cow296,4,Jersey,5,0,192,235,201,225,193,228,204,229,38.9,0.0,0.0,0,0,588.2,445.9,12.1,3610,34.9,4.3,21.2
cow296,5,Jersey,5,0,193,215,200,223,201,231,195,236,38.6,0.0,0.0,0,0,564.8,403.8,9.9,3201,82.1,2.6,19.0
cow296,6,Jersey,5,0,209,223,197,228,194,236,193,227,38.6,0.0,0.0,0,0,531.9,403.7,11.1,2724,71.3,4.9,20.9
cow297,1,Jersey,5,0,210,217,191,233,206,231,188,224,38.2,0.0,0.0,0,0,466.1,315.4,11.9,3399,71.4,4.2,17.1
cow297,2,Jersey,5,0,197,238,205,220,202,222,207,233,38.4,0.0,0.0,0,0,528.4,376.6,10.6,2843,63.7,4.3,20.5
cow297,3,Jersey,5,0,200,236,200,229,192,228,205,234,38.2,0.0,0.0,0,0,475.1,353.6,11.9,2764,137.0,4.3,22.6
cow297,4,Jersey,5,0,188,234,189,238,202,231,191,229,38.1,0.0,0.0,0,0,578.5,449.7,9.7,3358,81.4,4.2,21.2
cow297,5,Jersey,5,0,208,223,196,229,206,230,201,238,38.4,0.0,0.0,0,0,552.4,364.1,12.6,2019,51.6,6.7,18.0
cow297,6,Jersey,5,0,205,239,201,226,195,233,196,227,38.2,0.0,0.0,0,0,523.8,380.6,11.9,3294,82.3,5.8,19.1
cow298,1,Jersey,4,0,202,224,196,237,184,228,189,234,38.8,0.0,0.0,0,0,422.5,347.7,11.6,2715,32.9,5.1,20.2
cow298,2,Jersey,4,0,198,221,188,225,201,243,196,223,38.9,0.0,0.0,0,0,480.7,342.3,12.8,2714,110.4,4.7,21.6
cow298,3,Jersey,4,0,200,218,193,236,202,220,190,225,,0.0,0.0,0,0,547.5,392.7,11.1,3783,49.6,5.4,19.7
cow298,4,Jersey,4,0,195,230,200,233,194,233,203,233,38.6,0.0,0.0,0,0,568.5,415.1,10.8,2788,51.6,4.7,17.3
cow298,5,Jersey,4,0,198,229,207,227,196,226,198,232,38.7,0.0,0.0,0,0,564.4,409.9,13.1,3382,113.2,5.2,20.0
cow298,6,Jersey,4,0,197,230,199,225,192,220,188,226,38.7,0.0,0.0,0,0,456.3,370.0,13.7,3112,60.0,4.9,18.5
cow299,1,Jersey,1,0,198,223,196,239,194,230,197,231,38.6,0.0,0.0,0,0,532.1,395.3,10.7,3153,62.3,4.6,17.5
cow299,2,Jersey,1,0,203,231,199,227,196,231,204,237,38.6,0.0,0.0,0,0,560.6,428.3,11.4,2900,177.9,5.3,19.2
cow299,3,Jersey,1,0,196,228,205,231,195,229,192,228,38.9,0.0,0.0,0,0,453.7,333.7,12.8,2879,40.6,4.2,20.4
cow299,4,Jersey,1,0,199,217,191,225,195,233,195,238,,,,0,0,519.7,366.5,11.4,3611,112.1,4.5,19.6
cow299,5,Jersey,1,0,192,231,192,214,194,237,207,221,38.3,0.0,0.0,0,0,531.0,382.5,12.2,3372,153.1,3.7,21.4
cow299,6,Jersey,1,0,203,227,199,237,198,215,196,224,38.7,0.0,0.0,0,0,508.0,351.9,12.4,2800,177.9,3.8,20.0
cow300,1,Jersey,5,0,208,242,199,227,200,232,194,225,38.5,0.0,0.0,0,1,220.9,219.3,12.8,882,9999.0,6.0,12.0
cow300,2,Jersey,5,0,201,222,202,238,212,239,212,232,38.3,0.0,0.0,0,1,282.0,240.2,14.0,1066,1189.2,8.4,9.9
cow300,3,Jersey,5,0,187,208,196,229,201,221,200,232,38.9,0.0,0.0,1,1,281.9,235.1,13.5,1693,991.3,8.6,10.2
cow300,4,Jersey,5,0,174,197,201,228,200,237,199,220,39.1,1.0,1.0,1,1,289.1,260.4,12.0,1771,3855.0,8.9,13.9
cow300,5,Jersey,5,0,164,187,195,224,193,249,198,235,39.8,1.0,1.0,0,1,272.5,220.9,12.3,1522,4256.8,7.1,12.2
cow300,6,Jersey,5,0,160,179,197,227,210,232,192,230,40.6,1.0,1.0,1,1,277.3,258.2,12.7,653,1055.0,8.4,13.6
cow301,1,Jersey,6,0,199,234,201,229,194,230,203,240,38.6,0.0,0.0,0,0,518.4,370.4,12.6,3302,111.0,4.5,20.5
cow301,2,Jersey,6,0,192,232,187,247,202,238,204,233,38.3,0.0,0.0,0,0,537.7,411.5,12.7,3521,521.5,5.1,19.8
cow301,3,Jersey,6,0,196,230,204,222,198,229,186,233,38.6,0.0,0.0,0,0,507.8,365.6,12.4,3069,85.4,4.0,23.2
cow301,4,Jersey,6,0,205,236,205,230,196,231,201,234,38.4,0.0,0.0,0,0,503.6,381.5,12.0,3792,150.3,4.2,19.2
cow301,5,Jersey,6,0,206,225,186,216,196,224,202,232,38.5,0.0,0.0,0,0,523.7,385.4,12.0,2472,236.1,3.3,20.4
cow301,6,Jersey,6,0,194,224,200,228,200,229,206,231,38.6,0.0,0.0,0,0,443.2,347.3,11.8,3274,447.8,3.9,20.1
cow302,1,Jersey,2,0,202,227,203,228,196,241,200,221,38.7,0.0,0.0,0,0,539.1,393.4,12.0,2592,94.1,4.5,18.5
cow302,2,Jersey,2,0,195,228,194,236,201,237,197,223,38.8,0.0,0.0,0,0,520.0,350.0,12.1,3423,188.8,4.6,18.4
cow302,3,Jersey,2,0,201,221,200,226,205,228,199,226,38.4,0.0,0.0,0,0,521.6,399.1,9.8,3245,46.1,3.2,17.2
cow302,4,Jersey,2,0,198,222,190,224,194,232,203,224,38.4,0.0,0.0,0,0,558.4,401.5,10.6,3721,80.8,4.1,19.9
cow302,5,Jersey,2,0,190,226,198,224,187,229,198,234,38.5,0.0,0.0,0,0,441.9,347.3,10.3,3200,58.4,4.6,22.0
cow302,6,Jersey,2,0,209,221,203,218,199,236,198,238,38.5,0.0,0.0,0,0,441.0,345.1,12.8,2838,21.6,5.6,21.7
cow303,1,Jersey,6,0,195,235,187,243,194,234,195,237,38.1,0.0,0.0,0,0,531.0,372.7,13.5,2804,26.2,3.8,18.1
cow303,2,Jersey,6,0,191,237,182,226,194,230,197,245,37.9,0.0,0.0,0,0,519.7,363.4,8.9,2900,106.9,4.9,20.7
cow303,3,Jersey,6,0,199,230,203,229,197,228,189,234,38.3,0.0,0.0,0,0,526.8,395.9,13.4,2796,108.4,4.1,20.9
cow303,4,Jersey,6,0,196,239,204,223,193,230,196,221,38.3,0.0,0.0,0,0,501.5,363.5,11.6,3539,38.7,4.1,19.6
cow303,5,Jersey,6,0,203,226,193,221,200,231,208,234,38.0,0.0,0.0,0,0,546.6,412.8,12.7,3510,232.9,3.8,21.3
cow303,6,Jersey,6,0,190,227,199,241,192,238,199,234,38.0,0.0,0.0,0,0,557.3,399.2,12.1,2401,36.9,3.7,20.9
cow304,1,Jersey,3,0,198,228,197,235,200,230,186,222,38.5,0.0,0.0,0,0,539.4,410.0,13.2,3015,94.9,4.1,20.1
cow304,2,Jersey,3,0,204,242,194,228,198,217,189,231,38.2,0.0,0.0,0,0,509.6,381.4,11.8,3025,59.6,5.3,20.8
cow304,3,Jersey,3,0,193,221,201,221,192,221,202,231,38.4,0.0,0.0,0,0,435.7,334.6,9.9,2687,85.5,3.9,17.7
cow304,4,Jersey,3,0,206,231,195,225,199,237,190,232,38.4,0.0,0.0,0,0,550.8,391.7,11.4,3175,147.8,3.8,21.1
cow304,5,Jersey,3,0,188,240,197,219,190,241,201,227,38.5,0.0,0.0,0,0,568.9,413.5,12.1,3584,134.0,4.7,20.1
cow304,6,Jersey,3,0,204,223,188,234,196,235,184,230,38.4,0.0,0.0,0,0,545.8,416.9,11.2,3357,129.5,4.5,20.3
cow305,1,Jersey,2,0,201,227,187,232,195,238,191,224,38.1,0.0,0.0,0,0,484.8,357.9,12.3,3539,118.6,4.4,19.4
cow305,2,Jersey,2,0,204,227,199,221,193,227,196,233,38.3,0.0,0.0,0,0,547.0,405.7,11.4,2713,33.0,4.7,19.9
cow305,3,Jersey,2,0,201,237,205,224,205,222,190,229,38.1,0.0,0.0,0,0,554.4,401.5,10.8,3015,173.9,3.7,21.4
cow305,4,Jersey,2,0,187,230,204,219,195,235,197,229,38.5,0.0,0.0,0,0,582.4,419.7,10.2,2694,38.2,3.8,20.5
cow305,5,Jersey,2,0,193,240,197,222,198,229,200,233,38.3,0.0,0.0,0,0,485.0,390.0,11.0,3096,73.8,5.3,21.2
cow305,6,Jersey,2,0,201,229,195,235,202,219,177,230,38.2,0.0,0.0,0,0,510.9,396.2,11.7,3132,62.3,4.4,18.8
cow306,1,Jersey,5,0,196,240,192,223,207,221,195,227,38.7,0.0,0.0,0,0,549.9,399.4,9.1,3384,101.2,5.0,20.4
cow306,2,Jersey,5,0,197,216,189,223,193,230,190,241,38.6,0.0,0.0,0,0,522.3,385.2,10.6,3525,56.8,5.5,18.3
cow306,3,Jersey,5,0,195,224,204,237,184,231,193,230,38.6,0.0,0.0,0,0,475.3,340.6,9.1,3276,71.2,5.2,16.4
cow306,4,Jersey,5,0,208,218,209,241,195,231,188,217,38.5,0.0,0.0,0,0,536.6,386.8,10.8,2656,243.0,3.4,20.2
cow306,5,Jersey,5,0,194,220,201,234,201,235,195,231,38.3,0.0,0.0,0,0,543.1,399.5,12.9,2459,32.5,4.4,19.8
cow306,6,Jersey,5,0,199,237,196,227,198,230,198,219,38.5,0.0,0.0,0,0,523.5,397.4,10.1,3208,79.3,5.3,17.8
cow307,1,Jersey,5,0,196,230,194,224,197,235,205,228,38.4,0.0,0.0,0,0,528.8,398.8,12.3,3600,36.8,4.9,18.4
cow307,2,Jersey,5,0,200,227,202,232,200,223,201,232,38.7,0.0,0.0,0,0,509.7,353.8,14.9,2990,126.6,4.6,19.9
cow307,3,Jersey,5,0,193,225,208,236,193,231,200,229,38.8,0.0,0.0,0,0,579.1,433.1,13.2,2389,48.1,3.2,19.7
cow307,4,Jersey,5,0,212,224,201,234,199,238,190,226,38.4,0.0,0.0,0,0,484.0,356.8,11.7,3834,81.6,4.0,17.3
cow307,5,Jersey,5,0,195,239,207,239,195,237,199,224,38.3,0.0,0.0,0,0,496.5,348.1,12.5,3196,31.8,4.6,21.8
cow307,6,Jersey,5,0,185,228,198,233,187,228,203,241,38.6,0.0,0.0,0,0,520.4,404.3,9.9,3068,193.8,3.4,19.6
cow308,1,Jersey,4,0,184,234,200,226,197,230,204,229,38.7,0.0,1.0,0,0,555.2,427.4,9.6,2533,83.5,5.1,20.1
cow308,2,Jersey,4,0,191,238,196,229,189,229,191,225,38.7,0.0,0.0,0,0,460.1,348.8,11.5,3006,87.4,4.4,20.3
cow308,3,Jersey,4,0,199,228,195,226,188,236,192,229,38.8,0.0,0.0,0,0,467.6,361.3,12.0,3275,140.8,2.9,19.3
cow308,4,Jersey,4,0,198,231,190,232,186,225,213,222,38.9,0.0,0.0,0,0,438.5,344.9,12.8,3201,33.5,4.0,17.9
cow308,5,Jersey,4,0,201,238,198,217,202,235,203,221,38.9,0.0,0.0,0,0,521.3,405.9,10.8,2728,51.9,4.3,19.2
cow308,6,Jersey,4,0,207,223,193,233,195,235,201,235,38.9,0.0,0.0,0,0,475.3,366.3,11.7,2977,89.3,4.4,19.5
cow309,1,Jersey,5,0,200,227,195,238,193,222,208,235,38.4,0.0,0.0,0,0,504.6,346.9,11.7,2754,23.5,5.6,20.7
cow309,2,Jersey,5,0,202,229,207,235,203,234,190,243,38.4,0.0,0.0,0,0,546.5,432.0,11.3,3666,25.3,5.0,19.6
cow309,3,Jersey,5,0,195,229,198,236,208,237,194,228,38.3,0.0,0.0,0,0,494.3,383.8,11.4,3358,45.0,3.4,20.6
cow309,4,Jersey,5,0,191,230,198,238,204,231,197,228,38.3,0.0,0.0,0,0,529.3,376.4,10.5,2790,36.1,3.3,20.0
cow309,5,Jersey,5,0,196,239,192,223,191,237,191,223,38.4,0.0,0.0,0,0,508.0,354.3,11.8,2533,62.6,4.3,20.5
cow309,6,Jersey,5,0,193,234,202,231,194,233,176,235,38.4,0.0,0.0,0,0,546.9,405.2,11.7,3111,114.0,4.6,19.2
cow310,1,Jersey,5,0,208,232,193,233,191,230,205,229,38.1,0.0,0.0,0,1,314.0,261.4,13.0,1103,3651.4,8.8,10.8
cow310,2,Jersey,5,0,205,224,201,237,200,229,193,225,38.1,0.0,0.0,0,1,267.3,244.3,14.3,1133,8576.2,9.4,11.1
cow310,3,Jersey,5,0,198,232,220,260,197,229,188,230,38.7,0.0,1.0,0,1,288.3,264.3,14.7,846,1959.2,9.4,14.3
cow310,4,Jersey,5,0,194,227,221,262,195,236,192,228,38.9,1.0,0.0,1,1,336.7,269.9,14.3,895,2259.6,7.6,10.6
cow310,5,Jersey,5,0,198,230,232,274,191,225,187,236,39.3,1.0,1.0,1,1,310.7,244.4,12.2,1365,1955.7,8.7,14.8
cow310,6,Jersey,5,0,193,238,236,281,195,225,199,230,39.6,1.0,1.0,1,1,239.1,228.4,13.6,1193,2582.8,8.3,16.0
cow311,1,Jersey,5,0,200,234,194,234,210,230,196,230,38.4,0.0,0.0,0,0,546.2,386.1,10.4,3999,104.6,3.6,21.6
cow311,2,Jersey,5,0,197,237,198,232,203,225,199,221,38.6,0.0,0.0,1,0,476.6,356.6,11.6,3238,150.2,3.0,18.8
cow311,3,Jersey,5,0,191,237,198,215,200,222,207,235,38.5,0.0,0.0,0,0,576.5,389.7,10.4,2539,149.8,4.6,20.7
cow311,4,Jersey,5,0,193,232,198,222,194,233,197,231,38.1,0.0,0.0,0,0,561.0,400.0,13.0,2386,113.7,3.3,20.1
cow311,5,Jersey,5,0,195,230,200,242,194,235,202,225,38.4,0.0,0.0,0,0,531.6,399.8,12.4,3159,225.5,3.8,18.9
cow311,6,Jersey,5,0,202,234,203,239,201,222,194,225,38.5,0.0,0.0,0,0,526.3,394.7,12.9,2841,80.9,4.0,21.0
cow312,1,Jersey,1,0,194,227,196,227,185,229,199,230,38.5,0.0,0.0,0,0,511.6,360.8,12.8,3533,52.1,4.7,15.3
cow312,2,Jersey,1,0,187,237,208,218,201,220,198,238,38.7,0.0,0.0,0,0,547.1,375.3,11.2,3113,58.3,5.5,18.4
cow312,3,Jersey,1,0,202,232,193,226,201,226,197,219,38.8,0.0,0.0,0,0,505.2,371.4,11.0,2207,73.8,4.5,20.0
cow312,4,Jersey,1,0,189,230,194,229,194,224,195,226,38.1,0.0,0.0,0,0,529.4,395.8,13.6,2592,37.6,4.1,21.3
cow312,5,Jersey,1,0,205,236,197,241,195,230,200,229,38.0,0.0,0.0,0,0,554.9,408.2,11.3,2730,52.0,2.8,21.1
cow312,6,Jersey,1,0,189,224,203,245,193,228,196,230,38.4,0.0,0.0,0,0,497.5,357.3,9.9,3177,36.1,4.9,18.9
cow313,1,Jersey,6,0,193,228,201,239,186,230,205,222,38.4,0.0,0.0,0,0,495.4,370.6,12.7,2579,100.7,4.5,19.1
cow313,2,Jersey,6,0,198,233,197,236,207,240,194,221,38.4,0.0,0.0,0,0,472.2,378.4,11.7,3061,101.4,4.1,20.9
cow313,3,Jersey,6,0,185,231,197,221,195,238,198,227,38.7,0.0,0.0,0,0,477.4,358.1,13.3,2466,23.4,5.4,20.9
cow313,4,Jersey,6,0,194,240,198,218,194,228,190,236,,,,0,0,446.9,306.7,11.8,3002,50.6,3.5,20.6
cow313,5,Jersey,6,0,200,222,193,236,199,222,201,226,38.4,0.0,0.0,0,0,549.2,401.2,11.5,3148,280.3,4.0,19.8
cow313,6,Jersey,6,0,198,223,201,223,198,235,211,232,38.6,0.0,0.0,0,0,592.4,460.2,13.3,3585,122.7,4.3,23.9
cow314,1,Jersey,6,0,204,233,204,233,202,220,206,234,38.8,0.0,0.0,0,0,577.0,391.0,9.7,3098,108.7,4.1,20.7
cow314,2,Jersey,6,0,199,227,190,230,195,234,186,234,38.4,0.0,0.0,0,0,455.0,341.5,10.8,2673,50.2,4.9,19.7
cow314,3,Jersey,6,0,206,231,203,221,189,227,193,232,38.8,0.0,0.0,0,0,549.0,393.3,10.4,3597,96.9,4.9,22.5
cow314,4,Jersey,6,0,197,243,202,232,182,242,199,233,38.8,0.0,0.0,0,0,576.9,415.9,8.9,2927,78.6,5.3,21.6
cow314,5,Jersey,6,0,209,223,190,231,193,230,187,230,38.6,0.0,0.0,0,0,501.7,372.5,12.5,3309,45.8,4.9,21.5
cow314,6,Jersey,6,0,191,216,197,220,203,227,187,235,38.9,0.0,0.0,0,0,524.1,403.0,10.8,2755,56.5,4.4,19.2
cow315,1,Jersey,6,0,198,225,197,228,205,240,198,226,38.6,0.0,0.0,0,1,214.7,208.3,14.6,1336,1364.8,7.7,13.7
cow315,2,Jersey,6,0,197,231,201,226,192,215,197,226,38.6,0.0,0.0,0,1,305.7,284.4,14.0,979,601.1,8.4,13.0
cow315,3,Jersey,6,0,189,231,205,224,196,229,194,228,38.8,0.0,0.0,0,1,252.5,227.4,14.2,1429,686.7,7.8,17.2
cow315,4,Jersey,6,0,202,303,199,232,202,226,196,234,39.1,0.0,1.0,0,1,303.0,253.5,13.0,1622,1699.0,8.0,13.2
cow315,5,Jersey,6,0,197,329,204,233,205,238,210,233,39.8,0.0,0.0,0,1,232.6,205.5,12.6,1102,1007.4,8.4,8.5
cow315,6,Jersey,6,0,193,352,204,225,193,225,197,230,40.5,1.0,1.0,1,1,316.7,235.3,13.6,1080,1565.6,8.1,12.6
cow316,1,Jersey,2,0,201,225,208,220,201,224,198,229,38.3,0.0,0.0,0,0,561.0,409.6,12.6,3143,26.2,4.7,18.1
cow316,2,Jersey,2,0,199,230,191,227,201,233,204,230,38.5,0.0,0.0,0,0,488.7,398.2,11.4,2670,138.2,3.9,19.8
cow316,3,Jersey,2,0,201,223,199,228,200,222,193,226,38.2,0.0,0.0,0,0,474.5,361.0,10.7,2393,334.3,5.6,18.1
cow316,4,Jersey,2,0,206,232,201,236,202,229,197,229,38.2,0.0,0.0,0,0,433.8,340.6,10.1,3141,161.5,3.6,21.3
cow316,5,Jersey,2,0,190,232,194,239,198,224,197,234,38.3,0.0,0.0,0,0,509.3,366.2,11.7,2957,173.4,4.9,20.2
cow316,6,Jersey,2,0,207,234,187,231,191,231,197,226,38.5,0.0,0.0,0,0,496.7,361.6,10.8,2948,122.4,4.1,20.2
cow317,1,Jersey,6,0,200,221,189,223,207,220,196,225,38.8,0.0,0.0,0,0,458.0,360.5,11.4,3208,95.4,5.4,19.2
cow317,2,Jersey,6,0,207,229,188,228,194,227,196,239,,0.0,0.0,0,0,538.1,427.0,11.2,3264,84.3,5.2,19.7
cow317,3,Jersey,6,0,194,235,204,233,201,221,200,237,38.8,0.0,0.0,0,0,502.0,396.0,11.0,2936,42.2,4.5,20.4
cow317,4,Jersey,6,0,196,225,191,237,197,236,195,236,38.8,0.0,0.0,0,0,477.0,368.7,11.9,2551,127.9,5.7,20.1
cow317,5,Jersey,6,0,196,234,200,235,206,228,201,228,38.6,0.0,0.0,0,0,497.8,367.3,12.2,2745,122.8,4.4,17.9
cow317,6,Jersey,3,0,182,220,204,231,193,231,187,222,38.8,0.0,0.0,0,0,562.9,409.5,13.9,3234,57.7,5.2,19.0
cow318,1,Jersey,3,0,191,232,203,219,196,244,194,228,38.2,0.0,0.0,0,0,544.1,380.9,12.4,3055,114.2,3.9,18.0
cow318,2,Jersey,3,0,187,223,206,225,195,232,207,232,38.4,0.0,0.0,0,0,514.8,350.8,13.4,2780,49.2,4.8,19.6
cow318,3,Jersey,3,0,197,225,190,238,203,223,183,224,38.3,0.0,0.0,0,0,544.8,374.6,10.5,2686,51.4,3.8,18.1
cow318,4,Jersey,3,0,187,224,205,226,187,234,200,225,38.2,0.0,0.0,0,0,473.6,353.0,9.6,3247,135.7,4.5,20.9
cow318,5,Jersey,3,0,198,232,197,228,199,219,194,232,38.3,0.0,0.0,0,0,521.3,375.5,11.5,2911,106.9,4.5,21.1
cow318,6,Jersey,3,0,191,222,196,233,208,214,210,230,38.4,0.0,0.0,0,0,525.9,357.1,12.5,3301,67.7,5.2,17.4
cow319,1,Jersey,3,0,199,226,198,228,198,237,196,231,38.9,0.0,0.0,0,1,276.2,243.1,14.3,1652,1507.7,7.5,9.5
cow319,2,Jersey,3,0,218,233,184,291,196,228,206,221,39.1,1.0,1.0,0,1,312.4,259.7,15.0,1175,2297.1,10.5,6.6
cow319,3,Jersey,3,0,228,244,194,307,188,230,195,235,39.0,1.0,0.0,1,1,263.8,215.2,10.5,1680,454.6,6.9,9.5
cow319,4,Jersey,3,0,230,228,208,324,187,241,202,227,39.6,0.0,1.0,0,1,315.4,260.6,15.0,1355,1083.4,8.2,8.8
cow319,5,Jersey,3,0,233,224,200,349,198,231,196,232,39.6,1.0,1.0,0,1,317.1,262.5,13.9,1407,719.8,8.2,8.1
cow319,6,Jersey,3,0,238,232,206,367,195,226,197,224,40.4,1.0,1.0,1,1,178.3,173.9,11.6,425,2014.4,8.4,13.1
cow320,1,Jersey,4,0,195,234,191,239,200,233,203,225,38.4,0.0,0.0,0,0,567.6,425.2,12.4,2612,168.5,4.1,20.6
cow320,2,Jersey,4,0,206,228,197,216,205,228,196,237,38.5,0.0,0.0,0,0,398.1,272.6,11.7,2633,110.4,4.7,19.2
cow320,3,Jersey,4,0,193,231,201,229,209,228,198,229,38.6,0.0,0.0,0,0,495.4,329.5,12.0,2873,55.8,4.0,22.4
cow320,4,Jersey,4,0,203,244,189,225,189,217,192,224,38.4,0.0,0.0,0,0,561.0,404.7,12.7,3046,48.8,6.0,19.7
cow320,5,Jersey,4,0,200,236,202,226,200,224,198,230,38.7,0.0,0.0,0,0,507.3,374.1,12.0,3062,47.2,4.0,20.5
cow320,6,Jersey,4,0,190,229,207,226,192,234,201,220,38.8,0.0,0.0,0,0,461.4,352.1,9.7,3114,316.1,4.4,21.1
cow321,1,Jersey,3,0,206,235,204,239,197,237,205,225,38.1,0.0,0.0,0,0,476.3,344.0,11.3,2726,83.3,4.0,19.4
cow321,2,Jersey,3,0,185,230,184,224,194,225,198,223,38.4,0.0,0.0,0,0,561.1,388.1,9.6,3277,91.2,3.9,20.2
cow321,3,Jersey,3,0,197,239,194,234,212,228,201,221,38.3,0.0,0.0,0,0,443.1,333.8,12.3,3724,18.5,3.4,21.1
cow321,4,Jersey,3,0,197,236,194,236,201,233,199,229,38.3,0.0,0.0,0,0,565.2,399.1,13.2,2859,35.1,5.0,21.2
cow321,5,Jersey,3,0,190,229,191,236,197,224,197,218,38.3,0.0,0.0,0,0,517.8,406.6,10.0,2735,77.0,4.0,22.0
cow321,6,Jersey,3,0,198,227,205,240,198,232,204,233,38.4,0.0,0.0,0,0,472.3,345.5,10.7,2726,56.3,3.9,20.0
cow322,1,Jersey,1,0,189,228,207,228,196,228,185,229,38.4,0.0,0.0,0,0,496.7,365.0,10.4,3034,87.1,3.7,20.7
cow322,2,Jersey,1,0,195,232,205,223,195,228,204,227,38.6,0.0,0.0,0,0,479.3,400.1,11.0,2790,86.3,4.7,18.1
cow322,3,Jersey,1,0,192,229,204,228,196,242,203,236,38.5,0.0,0.0,0,0,554.6,397.3,12.0,2308,120.3,4.5,21.2
cow322,4,Jersey,1,0,199,225,209,233,191,228,202,233,38.4,0.0,0.0,0,0,549.3,407.6,11.0,2417,21.8,4.5,20.1
cow322,5,Jersey,1,0,197,224,201,230,203,235,201,227,38.8,0.0,0.0,0,0,451.2,350.4,12.3,3408,37.0,3.9,20.4
cow322,6,Jersey,1,0,200,230,207,236,188,228,196,240,38.4,0.0,0.0,0,0,503.9,383.5,12.8,3513,74.2,4.8,19.1
cow323,1,Jersey,3,0,198,238,194,225,193,223,197,234,38.9,0.0,0.0,0,0,485.5,364.5,12.8,3640,50.8,4.0,21.0
cow323,2,Jersey,3,0,204,230,186,234,204,226,198,228,38.7,0.0,0.0,0,0,571.7,414.5,10.2,3091,64.1,4.6,19.3
cow323,3,Jersey,3,0,199,216,194,229,201,216,204,229,38.8,0.0,0.0,0,0,466.0,349.4,13.2,2604,85.6,4.4,20.1
cow323,4,Jersey,3,0,206,232,188,234,194,230,200,230,38.9,0.0,0.0,0,0,584.2,408.1,13.3,2825,47.5,3.1,17.9
cow323,5,Jersey,3,0,203,229,196,238,199,221,206,226,39.1,0.0,0.0,0,0,518.7,385.1,13.4,2403,90.7,6.1,18.3
cow323,6,Jersey,3,0,199,225,197,232,181,230,205,221,38.7,0.0,0.0,0,0,473.5,388.6,11.3,2388,115.7,5.0,19.2
cow324,1,Jersey,6,0,195,231,206,233,191,236,197,216,38.8,0.0,0.0,0,1,267.9,260.5,12.6,1402,2102.7,8.1,13.7
cow324,2,Jersey,6,0,197,236,202,226,200,226,196,231,38.5,0.0,0.0,0,1,262.9,241.2,12.3,1516,3566.6,8.3,14.2
cow324,3,Jersey,6,0,257,225,200,232,192,222,197,224,39.0,1.0,0.0,0,1,244.0,239.8,12.2,2083,346.3,9.6,9.2
cow324,4,Jersey,6,0,275,227,190,234,195,230,201,232,38.9,1.0,1.0,1,1,298.8,241.6,13.5,1267,1244.2,8.9,8.9
cow324,5,Jersey,6,0,292,235,208,237,202,229,202,218,39.6,1.0,0.0,1,1,245.9,220.8,14.5,757,4095.6,8.3,10.3
cow324,6,Jersey,6,0,317,223,200,238,205,225,207,226,40.0,1.0,1.0,1,1,207.8,219.7,15.1,1251,994.2,7.4,15.3
cow325,1,Jersey,6,0,199,226,188,224,201,232,196,239,38.6,0.0,0.0,0,0,504.8,397.7,10.9,2887,39.8,4.1,20.0
cow325,2,Jersey,6,0,196,223,194,233,200,229,200,230,38.8,0.0,0.0,0,0,447.9,322.9,11.5,2804,72.8,3.1,20.6
cow325,3,Jersey,6,0,201,222,211,231,206,230,199,225,38.8,0.0,0.0,0,0,489.9,353.2,11.4,3137,78.5,4.2,18.3
cow325,4,Jersey,6,0,209,236,194,230,201,223,193,228,38.4,0.0,0.0,0,0,483.6,397.4,10.7,2514,54.9,5.0,19.6
cow325,5,Jersey,6,0,201,240,205,223,195,229,193,218,38.6,0.0,0.0,0,0,485.2,360.8,12.4,3052,283.8,5.0,20.6
cow325,6,Jersey,6,0,194,231,198,225,207,223,202,232,38.5,0.0,0.0,0,0,600.0,460.8,11.9,3261,96.8,5.0,20.6
cow326,1,Jersey,3,0,196,221,194,237,197,214,198,221,38.3,0.0,0.0,0,0,522.3,385.1,11.7,3568,42.6,4.1,21.8
cow326,2,Jersey,3,0,192,240,194,226,192,236,198,223,38.3,0.0,0.0,0,0,529.8,390.3,11.9,3124,29.4,4.9,21.5
cow326,3,Jersey,3,0,196,236,197,226,198,225,205,227,38.2,0.0,0.0,0,0,448.9,331.9,12.2,3417,105.1,5.2,20.3
cow326,4,Jersey,3,0,194,231,191,236,199,226,201,227,38.3,0.0,0.0,0,0,493.8,381.3,12.2,2822,41.9,2.7,20.4
cow326,5,Jersey,3,0,198,229,202,232,195,228,197,235,37.9,0.0,0.0,0,0,528.6,409.6,10.5,2878,351.4,4.7,20.0
cow326,6,Jersey,3,0,207,241,196,233,214,230,199,233,38.0,0.0,0.0,0,0,479.0,336.8,12.6,3539,106.8,6.2,21.5
cow327,1,Jersey,3,0,197,231,196,222,193,230,199,219,38.2,0.0,0.0,0,0,556.3,395.4,11.8,2451,116.9,4.3,20.9
cow327,2,Jersey,3,0,197,234,201,233,204,229,197,243,38.0,0.0,0.0,0,0,471.9,367.6,11.0,2839,94.3,2.5,23.2
cow327,3,Jersey,3,0,205,219,195,241,201,232,201,224,37.9,0.0,0.0,0,0,508.5,370.8,11.8,3451,172.4,3.8,19.8
cow327,4,Jersey,3,0,200,229,207,235,191,228,194,224,38.3,0.0,0.0,0,0,496.6,357.1,11.9,2916,15.2,3.0,19.1
cow327,5,Jersey,3,0,203,233,191,238,198,228,189,224,38.1,0.0,0.0,0,0,526.6,402.1,12.8,2886,34.6,4.0,19.4
cow327,6,Jersey,3,0,201,224,208,229,198,218,188,225,37.9,0.0,0.0,0,0,494.4,384.5,10.2,2894,162.3,3.5,17.9
cow328,1,Jersey,1,0,202,234,201,219,206,229,194,232,38.4,0.0,0.0,0,0,509.2,365.4,13.1,3047,224.0,5.2,21.2
cow328,2,Jersey,1,0,196,229,198,224,203,225,191,226,38.3,0.0,0.0,0,0,510.6,378.2,11.5,3434,33.8,5.1,20.1
cow328,3,Jersey,1,0,198,231,204,222,196,225,196,223,38.3,0.0,0.0,0,0,490.6,340.6,10.9,3370,22.6,4.8,19.0
cow328,4,Jersey,1,0,198,226,195,222,192,234,201,230,38.3,0.0,0.0,0,0,539.4,375.5,10.9,3005,89.2,5.5,17.8
cow328,5,Jersey,1,0,192,232,192,235,191,241,194,234,38.4,0.0,0.0,0,0,529.5,388.0,10.3,3437,111.1,4.0,19.3
cow328,6,Jersey,1,0,199,226,198,233,206,227,209,240,38.2,0.0,0.0,0,0,516.5,378.4,9.4,3137,87.9,4.6,18.3
cow329,1,Jersey,4,0,198,227,193,221,199,235,188,228,38.4,0.0,0.0,0,1,277.8,227.3,14.3,1644,1901.6,9.8,11.3
cow329,2,Jersey,4,0,191,229,198,227,185,221,203,229,38.7,0.0,0.0,0,1,326.9,261.2,15.9,889,448.6,8.5,12.3
cow329,3,Jersey,4,0,210,226,194,222,195,220,189,224,38.4,0.0,0.0,0,1,285.6,230.2,11.6,1995,1474.8,8.5,9.9
cow329,4,Jersey,4,0,194,218,272,219,201,228,200,236,39.3,0.0,0.0,1,1,282.7,255.8,12.4,1388,1663.2,7.4,8.3
cow329,5,Jersey,4,0,194,238,300,230,197,229,196,222,39.8,1.0,0.0,1,1,299.2,222.1,14.4,201,1282.7,7.7,12.0
cow329,6,Jersey,4,0,198,224,336,228,200,237,192,227,40.3,1.0,1.0,0,1,362.9,277.5,13.4,1964,425.1,7.2,17.7
cow330,1,Jersey,6,0,198,227,196,238,195,234,209,217,38.2,0.0,0.0,0,0,466.4,314.3,12.5,3002,119.0,5.8,21.5
cow330,2,Jersey,6,0,204,223,192,225,197,220,187,228,38.5,0.0,0.0,0,0,550.8,406.0,11.4,2842,144.5,3.3,22.2
cow330,3,Jersey,6,0,190,238,200,222,183,222,201,225,38.3,0.0,0.0,0,0,444.3,302.1,10.8,2758,45.9,5.2,21.0
cow330,4,Jersey,6,0,202,226,199,232,192,225,201,223,38.6,0.0,0.0,0,0,528.7,385.8,11.2,3176,69.9,5.0,21.7
cow330,5,Jersey,6,0,202,226,200,232,209,230,209,225,38.5,0.0,0.0,0,0,583.0,447.3,8.6,2645,56.4,3.2,19.6
cow330,6,Jersey,6,0,198,233,195,220,198,239,193,227,38.3,0.0,0.0,0,0,539.5,421.8,10.1,2769,56.7,5.4,17.3
cow331,1,Jersey,6,0,201,220,204,231,200,232,200,228,38.5,0.0,1.0,0,0,526.8,351.6,12.6,2779,111.7,4.3,18.7
cow331,2,Jersey,6,0,199,229,198,222,194,216,196,222,38.6,0.0,0.0,0,0,497.6,371.9,12.9,2883,113.6,3.4,20.3
cow331,3,Jersey,6,0,191,225,200,235,195,236,205,228,38.7,0.0,0.0,0,0,521.2,362.9,13.2,2794,166.9,4.8,19.1
cow331,4,Jersey,6,0,198,234,205,224,197,233,187,211,38.6,0.0,0.0,0,0,509.9,352.5,12.0,3341,164.5,3.8,20.7
cow331,5,Jersey,6,0,192,223,192,224,200,216,199,226,38.9,0.0,0.0,0,0,488.6,359.1,8.8,3108,70.5,4.3,21.9
cow331,6,Jersey,6,0,200,224,185,232,205,217,191,215,38.7,0.0,0.0,0,0,508.4,395.2,10.7,3157,565.8,4.1,20.6
cow332,1,Jersey,4,0,196,225,188,228,203,225,195,234,38.4,0.0,0.0,0,0,527.9,395.6,13.1,3244,231.7,3.8,19.3
cow332,2,Jersey,4,0,197,231,184,220,200,226,193,232,38.1,0.0,0.0,0,0,489.3,348.7,13.4,2963,50.4,3.5,19.4
cow332,3,Jersey,4,0,210,235,192,226,183,234,191,228,38.5,0.0,0.0,0,0,487.7,373.3,13.1,2592,86.7,5.1,20.1
cow332,4,Jersey,4,0,198,230,201,239,204,235,202,230,38.4,1.0,0.0,0,0,465.6,307.0,11.2,3722,20.1,4.8,20.5
cow332,5,Jersey,4,0,185,234,193,225,187,230,202,219,38.6,0.0,0.0,0,0,535.6,375.8,9.9,3371,80.9,4.7,20.0
cow332,6,Jersey,4,0,201,235,186,231,186,235,203,232,38.5,0.0,0.0,0,0,541.8,378.3,11.5,3645,252.4,4.2,19.8
cow333,1,Jersey,5,0,197,221,198,231,200,225,193,222,38.6,0.0,0.0,0,1,304.3,262.0,13.5,1714,9999.0,8.0,12.2
cow333,2,Jersey,5,0,209,228,200,222,190,236,183,232,38.6,0.0,0.0,0,1,333.6,274.5,15.4,1116,1809.5,7.4,12.2
cow333,3,Jersey,5,0,220,255,202,300,195,237,204,231,39.1,1.0,0.0,0,1,298.5,254.6,13.8,361,2613.4,7.4,10.4
cow333,4,Jersey,5,0,231,262,207,317,203,224,199,225,39.5,0.0,0.0,1,1,310.7,261.3,13.5,808,3249.8,9.4,8.7
cow333,5,Jersey,5,0,228,272,190,339,199,234,203,226,40.1,1.0,1.0,0,1,307.2,262.7,13.6,1555,9837.8,8.7,9.9
cow333,6,Jersey,5,0,235,276,192,357,207,239,206,233,40.3,1.0,1.0,1,1,291.3,262.5,14.0,1259,903.6,7.6,15.1
cow334,1,Jersey,5,0,189,230,197,225,194,234,203,226,38.5,0.0,0.0,0,0,498.8,369.9,12.3,2832,497.3,3.3,20.7
cow334,2,Jersey,5,0,198,245,198,230,203,240,196,222,38.6,0.0,0.0,0,0,608.6,428.0,10.6,2002,63.8,3.1,18.4
cow334,3,Jersey,5,0,212,239,193,229,184,226,190,226,38.5,0.0,0.0,0,0,501.9,376.4,10.2,2995,35.4,4.0,20.6
cow334,4,Jersey,5,0,194,229,189,219,205,226,200,225,38.3,0.0,0.0,0,0,493.4,378.9,13.1,2567,63.9,4.6,18.5
cow334,5,Jersey,5,0,206,228,197,224,188,231,200,230,38.5,0.0,0.0,0,0,537.4,380.4,9.5,2710,45.4,4.6,22.4
cow334,6,Jersey,5,0,195,230,197,222,205,226,197,226,38.5,0.0,0.0,0,0,530.1,385.0,13.5,3340,106.1,4.6,18.8
cow335,1,Jersey,3,0,191,233,199,231,198,221,195,240,38.4,0.0,0.0,0,0,463.8,367.2,9.2,2588,25.4,4.8,20.4
cow335,2,Jersey,3,0,196,220,199,222,202,226,208,230,38.3,0.0,0.0,0,0,564.9,387.1,10.8,2627,87.6,3.7,20.9
cow335,3,Jersey,3,0,198,225,190,239,193,227,203,233,38.4,0.0,0.0,0,0,516.2,410.2,12.7,3074,125.7,5.7,19.7
cow335,4,Jersey,3,0,204,225,194,235,203,232,194,232,38.2,0.0,0.0,0,0,475.6,329.2,11.5,3349,221.2,4.3,19.0
cow335,5,Jersey,3,0,207,237,190,226,196,226,189,224,38.3,0.0,0.0,0,0,567.6,402.3,9.9,2839,127.1,4.7,20.0
cow335,6,Jersey,3,0,202,224,194,226,198,232,203,225,38.5,0.0,0.0,0,0,545.0,377.9,12.0,3587,212.0,4.0,17.4
cow336,1,Jersey,6,0,198,228,200,228,203,223,205,228,38.2,0.0,0.0,0,0,469.4,389.0,11.6,2489,52.3,4.7,18.0
cow336,2,Jersey,6,0,203,228,197,225,187,226,198,227,38.5,0.0,0.0,0,0,591.1,413.6,11.2,2418,104.3,6.2,19.8
cow336,3,Jersey,6,0,192,222,198,233,198,232,191,229,38.3,0.0,0.0,0,0,546.4,386.8,10.8,2384,17.0,3.7,19.2
cow336,4,Jersey,6,0,189,222,198,225,193,228,200,234,38.4,0.0,0.0,0,0,519.6,373.1,11.5,2339,73.4,3.6,18.3
cow336,5,Jersey,6,0,199,232,202,232,194,230,198,222,38.4,0.0,0.0,0,0,583.6,419.9,10.8,3135,103.8,3.8,19.5
cow336,6,Jersey,6,0,202,226,209,215,197,230,203,225,38.5,0.0,0.0,0,0,526.4,377.9,14.4,2609,110.5,4.2,18.3
cow337,1,Jersey,6,0,192,221,205,229,203,228,210,233,38.3,0.0,0.0,0,1,293.9,251.9,13.2,736,561.1,7.6,15.5
cow337,2,Jersey,6,0,192,226,203,230,201,227,197,236,38.5,0.0,0.0,0,1,268.6,175.6,13.1,1452,1456.9,7.2,12.7
cow337,3,Jersey,6,0,256,227,188,214,198,237,197,235,39.1,1.0,0.0,0,1,318.3,270.0,12.9,1630,1630.2,8.0,8.1
cow337,4,Jersey,6,0,270,225,175,200,195,235,204,218,39.6,0.0,1.0,1,1,314.1,266.8,15.6,1720,1412.0,9.2,12.2
cow337,5,Jersey,6,0,294,233,169,196,211,216,205,225,40.1,0.0,0.0,1,1,295.6,274.0,11.5,1650,3578.9,7.9,12.0
cow337,6,Jersey,6,0,301,225,149,184,199,224,196,235,40.7,1.0,1.0,1,1,263.4,259.6,13.9,933,1675.4,7.9,9.5
cow338,1,Jersey,5,0,200,227,198,218,198,232,206,228,38.7,0.0,1.0,0,0,525.2,379.7,11.2,3110,85.1,4.8,18.8
cow338,2,Jersey,5,0,192,228,189,226,203,235,210,236,38.9,0.0,0.0,0,0,517.2,393.0,9.8,3199,56.6,5.0,19.8
cow338,3,Jersey,5,0,195,229,204,231,200,225,203,230,38.9,0.0,0.0,0,0,466.7,328.2,10.5,2810,165.7,5.6,19.8
cow338,4,Jersey,5,0,209,228,212,229,190,233,194,215,38.6,0.0,0.0,0,0,461.1,358.5,11.9,3066,174.5,4.7,21.5
cow338,5,Jersey,5,0,201,234,197,241,195,233,203,236,38.6,0.0,0.0,0,0,542.6,383.3,10.5,2499,64.2,4.5,20.0
cow338,6,Jersey,5,0,194,232,191,227,200,238,199,231,38.7,0.0,0.0,0,0,415.9,296.2,11.8,2749,569.1,3.7,19.3
cow339,1,Jersey,5,0,196,235,195,241,187,236,196,231,38.3,0.0,0.0,0,0,528.2,381.6,13.6,3149,46.8,5.1,19.7
cow339,2,Jersey,5,0,203,237,198,227,197,229,196,229,38.2,0.0,0.0,0,0,500.9,393.7,11.7,3603,159.3,3.8,21.2
cow339,3,Jersey,5,0,194,228,192,232,193,216,194,231,38.5,0.0,0.0,0,0,572.3,414.7,9.8,3461,41.2,3.8,19.1
cow339,4,Jersey,5,0,211,229,196,230,195,223,190,228,38.6,0.0,0.0,0,0,500.3,395.1,10.5,3264,135.5,4.7,21.6
cow339,5,Jersey,5,0,202,236,202,234,191,228,189,225,38.3,0.0,0.0,0,0,546.4,382.4,11.2,3032,128.4,5.7,20.4
cow339,6,Jersey,5,0,190,222,197,219,210,228,204,222,38.5,0.0,0.0,0,0,504.1,389.3,11.1,2970,39.5,5.1,19.6
cow340,1,Jersey,1,0,198,233,194,240,196,223,186,229,38.9,0.0,0.0,0,0,524.5,371.0,11.7,2421,72.6,4.5,22.0
cow340,2,Jersey,1,0,201,224,199,229,195,228,199,233,38.6,0.0,0.0,0,0,549.5,401.7,11.9,2666,288.6,3.7,23.0
cow340,3,Jersey,1,0,194,227,201,223,212,234,191,239,38.7,0.0,0.0,0,0,501.5,372.8,13.6,2679,45.3,5.7,20.2
cow340,4,Jersey,1,0,202,221,192,222,196,235,206,223,38.8,0.0,0.0,0,0,559.9,415.8,11.5,3230,104.8,4.5,22.3
cow340,5,Jersey,1,0,190,234,197,218,206,227,191,242,38.6,1.0,0.0,0,0,480.3,360.7,10.1,3378,100.1,4.3,20.5
cow340,6,Jersey,1,0,201,233,195,238,212,229,199,232,38.6,0.0,0.0,0,0,531.8,373.8,12.9,3295,77.1,4.9,19.8
cow341,1,Jersey,5,0,208,210,198,230,205,220,198,221,38.3,0.0,0.0,0,0,556.9,418.0,13.0,3473,24.0,4.1,20.3
cow341,2,Jersey,5,0,207,220,195,234,193,241,197,219,38.3,0.0,0.0,0,0,546.4,427.0,11.8,3029,140.8,3.9,20.2
cow341,3,Jersey,5,0,193,227,202,243,196,233,197,223,38.2,0.0,0.0,0,0,596.7,415.5,11.2,2607,80.1,4.0,19.0
cow341,4,Jersey,5,0,195,239,198,230,205,231,182,224,38.6,0.0,0.0,0,0,489.5,328.6,12.2,2980,170.3,4.0,21.0
cow341,5,Jersey,5,0,199,228,198,237,195,229,203,234,38.4,0.0,0.0,0,0,464.8,355.9,11.2,2710,93.2,3.6,21.0
cow341,6,Jersey,5,0,202,231,198,235,196,231,194,224,38.1,0.0,0.0,0,0,480.2,350.2,9.0,3263,83.1,3.5,19.8
cow342,1,Jersey,6,0,191,224,189,235,188,230,191,230,38.6,0.0,0.0,0,0,546.4,393.5,12.2,2856,102.7,5.3,19.2
cow342,2,Jersey,6,0,203,238,190,228,202,222,209,227,38.2,0.0,0.0,0,0,539.9,402.0,12.6,2961,40.2,5.0,18.7
cow342,3,Jersey,6,0,204,225,198,233,203,232,197,230,38.0,0.0,0.0,0,0,524.1,374.2,13.2,3277,233.0,3.8,23.6
cow342,4,Jersey,6,0,192,230,201,216,205,224,194,222,38.4,0.0,0.0,0,0,475.1,348.2,10.6,2704,61.3,5.2,19.5
cow342,5,Jersey,6,0,204,239,199,227,199,226,201,236,38.3,0.0,0.0,0,0,550.7,396.6,11.8,3386,61.8,4.7,21.9
cow342,6,Jersey,6,0,197,229,204,233,196,229,198,229,38.2,0.0,0.0,0,0,471.0,377.1,11.8,2461,193.9,4.2,20.3
cow343,1,Jersey,6,0,200,224,202,228,194,229,195,227,38.6,0.0,0.0,0,0,566.4,408.4,11.6,3123,94.2,3.5,22.6
cow343,2,Jersey,6,0,198,229,197,228,189,220,189,237,38.6,0.0,0.0,0,0,634.3,426.3,11.6,2964,67.5,4.8,19.7
cow343,3,Jersey,6,0,196,216,200,233,191,243,189,222,38.5,0.0,0.0,0,0,534.7,367.3,11.5,3331,105.7,6.0,19.9
cow343,4,Jersey,6,0,204,221,201,226,196,226,199,228,38.7,0.0,0.0,0,0,543.3,396.5,11.8,2450,122.4,4.5,19.2
cow343,5,Jersey,6,0,196,235,203,228,198,233,198,236,38.7,0.0,0.0,0,0,500.3,347.8,12.4,2388,73.2,5.3,20.0
cow343,6,Jersey,6,0,207,228,194,239,193,220,190,231,38.6,0.0,0.0,0,0,447.6,308.4,13.0,3300,150.2,4.3,19.8
cow344,1,Jersey,4,0,191,220,191,227,201,226,201,230,38.7,0.0,0.0,0,0,495.9,377.0,10.6,2844,33.0,5.2,19.8
cow344,2,Jersey,4,0,194,232,198,223,197,228,197,223,38.6,0.0,0.0,0,0,476.3,366.1,11.3,2964,95.2,4.4,19.2
cow344,3,Jersey,4,0,205,229,192,239,183,224,196,224,,,,0,0,462.1,338.6,11.0,2736,138.1,2.6,19.8
cow344,4,Jersey,4,0,190,230,202,223,198,228,191,223,38.7,0.0,0.0,0,0,588.9,426.6,10.8,3365,122.1,3.9,20.4
cow344,5,Jersey,4,0,195,237,199,232,198,230,200,222,38.5,0.0,0.0,0,0,530.9,389.9,9.6,3120,16.9,4.6,20.9
cow344,6,Jersey,4,0,203,226,200,233,199,230,197,232,38.5,0.0,0.0,0,0,535.2,400.0,11.5,3096,72.8,5.4,18.5
cow345,1,Jersey,4,0,197,232,187,227,191,234,199,225,38.5,0.0,0.0,0,0,507.6,383.5,12.1,2532,34.3,4.4,20.3
cow345,2,Jersey,4,0,195,219,197,244,193,226,198,227,38.7,0.0,0.0,0,0,513.1,328.9,11.3,3201,193.1,4.5,19.6
cow345,3,Jersey,4,0,190,225,194,219,200,227,195,229,38.3,0.0,0.0,0,0,558.6,398.8,11.5,2603,60.6,4.0,21.7
cow345,4,Jersey,4,0,189,231,204,233,194,232,196,229,38.5,0.0,0.0,0,0,518.7,388.5,12.0,2737,178.8,5.7,20.0
cow345,5,Jersey,4,0,188,228,193,229,198,216,194,226,38.2,0.0,0.0,0,0,541.2,385.3,13.2,2454,34.3,5.7,20.4
cow345,6,Jersey,4,0,202,220,201,231,201,236,194,234,38.6,0.0,0.0,0,0,512.2,375.9,11.0,2937,104.0,4.0,19.5
cow346,1,Jersey,4,0,189,232,204,230,194,224,208,235,38.2,0.0,0.0,0,0,506.3,385.3,10.1,3426,79.9,3.3,21.1
cow346,2,Jersey,4,0,200,233,202,227,202,231,193,228,38.4,0.0,0.0,0,0,463.7,347.7,11.4,3091,536.1,3.1,22.1
cow346,3,Jersey,4,0,197,222,204,244,206,226,194,235,38.1,0.0,0.0,0,0,440.9,359.7,13.8,2823,179.2,5.0,19.2
cow346,4,Jersey,4,0,197,223,198,229,211,233,187,233,38.4,0.0,0.0,0,0,509.5,394.0,10.1,3044,171.5,4.6,19.3
cow346,5,Jersey,4,0,203,230,196,223,207,232,194,229,38.4,0.0,0.0,0,0,522.3,379.2,12.3,3041,322.4,3.9,20.7
cow346,6,Jersey,4,0,205,233,204,235,200,228,195,238,38.2,0.0,0.0,0,0,468.6,345.6,12.9,3026,96.6,4.7,20.6
cow347,1,Jersey,4,0,198,228,193,229,201,231,198,224,38.9,0.0,0.0,0,0,518.6,327.9,8.7,3071,74.2,3.5,18.3
cow347,2,Jersey,4,0,194,229,184,224,195,227,200,219,38.7,0.0,0.0,0,0,522.2,375.4,12.0,2584,68.5,5.1,21.0
cow347,3,Jersey,4,0,195,231,199,219,205,208,203,232,38.7,0.0,0.0,0,0,433.8,303.9,12.2,3043,99.6,4.2,21.0
cow347,4,Jersey,4,0,207,230,203,233,204,235,192,220,38.5,0.0,0.0,0,0,483.4,362.0,11.2,2298,11.7,3.6,20.2
cow347,5,Jersey,4,0,211,232,188,225,188,227,198,236,38.6,0.0,0.0,0,0,536.3,392.5,10.7,3230,79.6,4.2,19.1
cow347,6,Jersey,4,0,193,224,184,225,204,227,193,228,38.5,0.0,0.0,0,0,535.5,401.8,10.8,2559,92.9,4.2,16.2
cow348,1,Jersey,6,0,194,232,201,231,191,212,193,228,38.9,0.0,0.0,0,1,248.9,252.5,13.1,1771,1759.8,8.3,14.8
cow348,2,Jersey,6,0,193,228,196,224,187,221,201,235,38.8,0.0,0.0,0,1,301.3,258.3,13.1,322,581.0,8.9,15.5
cow348,3,Jersey,6,0,197,228,197,238,205,232,196,241,38.9,0.0,0.0,0,1,335.9,320.6,12.9,1970,1768.3,8.9,14.1
cow348,4,Jersey,6,0,261,309,195,257,198,221,204,226,39.6,1.0,0.0,0,1,326.1,277.8,13.1,644,579.7,8.1,11.1
cow348,5,Jersey,6,0,280,332,195,271,200,227,201,230,40.0,1.0,0.0,0,1,291.2,229.1,14.9,820,8333.3,7.9,12.8
cow348,6,Jersey,6,0,304,357,195,282,208,241,202,232,40.3,1.0,1.0,1,1,276.3,233.7,12.0,1420,1621.5,7.5,16.5
cow349,1,Jersey,6,0,194,222,214,222,210,239,189,228,38.5,0.0,0.0,0,0,494.8,358.2,9.4,3247,19.1,3.1,19.4
cow349,2,Jersey,6,0,190,230,207,230,188,239,193,234,38.4,0.0,0.0,0,0,538.7,401.9,12.9,2887,68.9,4.5,20.1
cow349,3,Jersey,6,0,203,227,194,227,205,229,203,235,38.6,0.0,0.0,0,0,527.8,367.6,11.3,3357,147.4,3.8,19.7
cow349,4,Jersey,6,0,191,232,192,228,191,231,206,232,38.6,0.0,0.0,0,0,545.2,389.7,11.0,2681,89.7,5.5,20.2
cow349,5,Jersey,6,0,196,235,190,217,193,226,199,217,38.6,0.0,1.0,0,0,525.3,380.3,11.4,2840,42.3,4.3,17.6
cow349,6,Jersey,6,0,203,230,190,223,209,229,192,235,38.5,0.0,0.0,0,0,552.8,391.6,11.8,2879,49.7,5.1,20.2
cow350,1,Jersey,4,0,197,227,191,220,198,235,193,235,38.5,0.0,0.0,0,0,523.8,396.9,10.9,2785,65.2,4.1,20.4
cow350,2,Jersey,4,0,187,227,191,235,198,219,200,235,38.4,0.0,0.0,0,0,551.4,410.4,12.1,2226,58.6,4.0,18.3
cow350,3,Jersey,4,0,199,239,205,222,198,223,194,236,38.4,0.0,0.0,0,0,554.8,421.9,10.3,2990,33.3,5.0,19.6
cow350,4,Jersey,4,0,196,233,194,231,194,227,213,237,,0.0,0.0,0,0,487.8,354.7,11.1,2954,75.8,4.7,22.2
cow350,5,Jersey,4,0,198,220,191,238,205,230,192,219,38.6,0.0,0.0,0,0,447.7,358.3,8.8,3431,31.6,4.8,20.5
cow350,6,Jersey,4,0,193,226,193,229,210,228,199,232,38.3,0.0,0.0,0,0,581.7,392.5,12.9,2486,153.0,4.4,21.1
cow351,1,Jersey,6,0,201,228,201,236,202,213,196,226,38.6,0.0,0.0,0,0,530.3,361.2,11.3,2744,166.5,5.1,20.3
cow351,2,Jersey,6,0,202,230,194,226,191,219,190,223,38.3,0.0,0.0,0,0,451.4,317.0,12.3,3481,39.7,5.0,19.9
cow351,3,Jersey,6,0,198,225,195,233,193,231,192,232,38.5,0.0,0.0,0,0,491.4,363.0,12.1,3117,48.4,2.8,18.8
cow351,4,Jersey,6,0,189,225,197,228,193,235,193,233,38.7,0.0,0.0,0,0,550.9,420.2,12.2,3220,59.3,4.3,20.5
cow351,5,Jersey,6,0,191,217,201,228,204,235,194,241,38.4,0.0,0.0,0,0,508.8,362.4,11.5,3181,77.7,5.3,19.3
cow351,6,Jersey,6,0,190,232,205,233,195,222,195,233,38.5,0.0,0.0,0,0,499.5,359.1,12.0,3183,94.9,3.7,18.6
cow352,1,Jersey,2,0,191,231,193,223,207,228,200,222,38.3,0.0,0.0,0,0,576.0,409.7,10.3,3728,109.4,3.1,18.6
cow352,2,Jersey,2,0,197,236,198,233,200,220,195,222,38.4,0.0,0.0,0,0,478.1,365.2,10.1,3037,107.6,4.4,18.4
cow352,3,Jersey,2,0,186,227,202,242,196,236,195,224,38.2,0.0,0.0,0,0,488.1,352.2,11.4,2595,232.4,4.9,18.8
cow352,4,Jersey,2,0,194,240,202,224,191,225,202,227,38.2,0.0,0.0,0,0,528.5,375.5,10.7,3256,82.8,4.1,18.2
cow352,5,Jersey,2,0,198,225,189,227,194,225,209,228,38.1,0.0,0.0,0,0,535.6,365.2,13.2,2773,32.3,5.5,19.3
cow352,6,Jersey,2,0,194,232,201,229,201,236,197,222,38.4,0.0,0.0,0,0,539.9,381.6,12.0,2956,26.1,6.0,20.2
cow353,1,Jersey,5,0,199,230,197,223,192,234,193,227,38.6,0.0,0.0,0,0,556.4,423.1,10.6,3148,245.9,3.0,19.0
cow353,2,Jersey,5,0,193,234,203,231,194,241,206,227,38.4,0.0,0.0,0,0,527.9,386.4,11.2,2671,113.0,4.2,21.1
cow353,3,Jersey,5,0,204,235,187,223,196,225,200,232,38.7,0.0,0.0,0,0,539.6,378.4,11.7,2796,91.6,2.7,20.4
cow353,4,Jersey,5,0,203,226,204,231,199,224,202,222,38.5,0.0,0.0,0,0,509.6,396.0,11.4,3190,108.3,5.0,22.4
cow353,5,Jersey,5,0,201,232,203,232,187,231,193,221,38.7,0.0,0.0,0,0,522.5,371.0,11.8,2781,88.7,4.0,19.6
cow353,6,Jersey,5,0,201,228,203,226,196,226,186,229,38.5,0.0,0.0,0,0,524.3,408.1,11.6,3389,107.1,4.1,20.6
cow354,1,Jersey,1,0,191,242,201,239,188,231,200,231,38.3,0.0,0.0,0,1,303.6,285.4,11.8,906,1477.7,8.9,13.4
cow354,2,Jersey,1,0,196,234,201,228,192,229,197,230,38.2,0.0,0.0,0,1,325.9,274.5,10.9,904,4670.0,6.9,11.0
cow354,3,Jersey,1,0,186,224,206,227,192,237,198,228,38.3,0.0,0.0,0,1,317.2,241.3,13.1,2062,1307.1,6.7,10.4
cow354,4,Jersey,1,0,205,230,205,229,191,226,201,226,38.4,0.0,0.0,0,1,296.8,297.3,14.2,688,963.5,6.2,10.7
cow354,5,Jersey,1,0,180,195,199,232,199,235,194,225,39.2,1.0,0.0,0,1,262.6,242.6,13.1,1289,510.7,9.0,9.6
cow354,6,Jersey,1,0,156,179,197,227,195,228,207,218,40.0,1.0,1.0,0,1,297.7,250.8,15.0,2041,1647.4,8.8,10.0
cow355,1,Jersey,6,0,191,230,194,233,203,223,207,229,38.4,0.0,0.0,0,0,518.9,396.5,11.4,2989,190.7,4.3,17.8
cow355,2,Jersey,6,0,198,234,215,237,198,223,196,239,38.2,0.0,0.0,0,0,527.7,397.3,13.1,3539,57.9,3.5,20.1
cow355,3,Jersey,6,0,196,238,206,226,202,226,204,229,38.4,0.0,0.0,0,0,608.3,456.6,12.9,3261,30.7,5.2,20.1
cow355,4,Jersey,6,0,198,234,192,225,205,229,198,234,38.6,0.0,0.0,0,0,499.0,355.5,12.8,2997,96.7,6.7,19.7
cow355,5,Jersey,6,0,197,240,206,230,196,225,206,236,38.5,0.0,0.0,0,0,536.9,395.9,10.1,2948,50.7,4.3,21.6
cow355,6,Jersey,6,0,210,228,192,232,194,238,199,236,38.5,0.0,0.0,0,0,562.7,384.3,11.5,2152,231.5,3.5,19.9
cow356,1,Jersey,1,0,202,225,195,227,199,231,194,230,38.7,0.0,0.0,0,0,523.9,394.3,13.0,2872,166.9,5.5,19.7
cow356,2,Jersey,1,0,207,228,196,222,188,227,205,229,38.5,0.0,0.0,0,0,613.5,435.7,11.8,3093,33.0,3.6,17.1
cow356,3,Jersey,1,0,197,232,200,232,197,229,205,219,38.6,0.0,0.0,0,0,504.9,376.0,12.2,3093,70.4,4.2,17.2
cow356,4,Jersey,1,0,197,222,210,227,198,229,208,240,38.6,0.0,0.0,0,0,533.0,385.1,9.8,3986,47.1,2.5,22.8
cow356,5,Jersey,1,0,198,227,207,240,206,225,195,239,38.7,0.0,0.0,0,0,488.0,356.3,13.8,3112,35.6,4.3,22.0
cow356,6,Jersey,1,0,205,237,195,237,192,230,198,224,38.7,0.0,0.0,0,0,505.9,355.9,10.6,3252,76.4,3.5,22.2
cow357,1,Jersey,4,0,196,228,186,228,203,231,197,222,38.1,0.0,0.0,0,0,530.0,400.2,9.1,3466,139.8,5.5,22.2
cow357,2,Jersey,4,0,192,231,195,235,192,225,192,237,37.9,0.0,0.0,0,0,553.9,427.1,11.1,3216,75.1,3.7,21.6
cow357,3,Jersey,4,0,188,231,199,232,197,221,194,216,38.3,0.0,0.0,0,0,532.8,377.6,8.6,2966,55.6,5.1,20.8
cow357,4,Jersey,4,0,197,224,198,223,204,232,200,236,38.1,0.0,0.0,0,0,570.4,420.2,10.2,2968,17.3,4.4,19.8
cow357,5,Jersey,4,0,199,234,194,234,194,237,200,243,38.0,0.0,0.0,0,0,516.2,385.5,14.6,2860,50.1,4.6,19.5
cow357,6,Jersey,4,0,204,225,193,235,209,228,192,227,38.1,1.0,0.0,0,0,506.7,372.2,11.0,3178,116.3,4.9,20.4
cow358,1,Jersey,1,0,194,228,203,225,196,218,202,233,38.7,0.0,0.0,0,0,628.2,417.4,9.8,2932,31.4,4.5,20.5
cow358,2,Jersey,1,0,203,222,199,227,203,218,186,224,38.5,0.0,0.0,0,0,535.8,366.0,11.5,3250,192.6,4.0,20.3
cow358,3,Jersey,1,0,188,231,201,229,203,232,194,237,38.5,0.0,0.0,0,0,491.2,348.7,10.4,2596,53.1,3.9,20.6
cow358,4,Jersey,1,0,192,235,190,224,202,223,205,223,38.6,0.0,0.0,0,0,492.2,324.8,12.5,3059,90.8,4.9,18.4
cow358,5,Jersey,1,0,201,232,195,232,198,233,200,223,38.5,0.0,0.0,0,0,482.3,382.7,10.4,3621,60.3,3.0,17.4
cow358,6,Jersey,1,0,195,232,197,228,195,226,204,227,38.3,0.0,0.0,0,0,557.5,409.1,11.8,2910,35.2,5.8,19.9
cow359,1,Jersey,2,0,194,223,201,237,211,233,206,237,38.3,0.0,0.0,1,0,505.4,370.7,10.1,3737,107.7,4.6,19.7
cow359,2,Jersey,2,0,208,229,204,234,205,225,201,227,38.5,0.0,0.0,0,0,525.1,343.6,14.6,3065,52.6,4.2,21.3
cow359,3,Jersey,2,0,199,230,208,235,200,228,197,239,38.3,0.0,0.0,0,0,517.5,345.6,12.1,2977,44.7,4.7,18.5
cow359,4,Jersey,2,0,192,232,204,224,200,232,203,227,38.6,0.0,0.0,0,0,549.3,397.5,11.3,3047,15.4,4.0,22.5
cow359,5,Jersey,2,0,208,230,194,241,207,226,186,235,38.3,0.0,0.0,0,0,486.1,395.1,11.1,2875,195.3,4.4,19.6
cow359,6,Jersey,2,0,201,234,197,226,193,232,201,223,38.3,0.0,0.0,0,0,477.0,341.6,10.8,2208,79.8,3.6,21.0
cow360,1,Jersey,2,0,181,223,193,228,204,227,191,231,38.6,0.0,0.0,0,0,529.0,400.9,10.6,3352,170.6,4.8,17.4
cow360,2,Jersey,2,0,204,236,187,233,185,228,210,231,38.6,0.0,0.0,0,0,544.0,385.8,10.6,3877,121.9,4.4,19.9
cow360,3,Jersey,2,0,193,230,192,227,203,238,199,233,38.7,0.0,0.0,0,0,533.3,389.0,13.5,3192,170.6,4.6,19.6
cow360,4,Jersey,2,0,198,229,211,228,196,232,194,224,,,,0,0,487.6,382.4,10.8,3217,53.8,5.7,20.1
cow360,5,Jersey,2,0,200,226,201,237,193,227,203,230,38.4,0.0,0.0,0,0,547.1,390.0,8.9,2927,30.8,3.9,22.2
cow360,6,Jersey,2,0,204,222,193,238,192,238,193,220,38.7,0.0,0.0,0,0,490.2,349.7,10.1,3463,134.5,4.4,21.5
cow361,1,Jersey,3,0,196,230,200,227,199,223,195,217,38.3,0.0,0.0,0,0,499.1,393.0,12.6,2984,86.9,3.2,19.5
cow361,2,Jersey,3,0,202,224,203,236,188,233,200,226,38.3,0.0,0.0,0,0,482.2,358.2,11.2,3107,57.6,4.9,18.5
cow361,3,Jersey,3,0,201,239,195,237,193,233,199,221,38.2,0.0,0.0,0,0,572.0,430.9,11.3,2374,132.7,4.5,17.3
cow361,4,Jersey,3,0,211,231,207,236,200,229,203,234,38.4,0.0,0.0,0,0,545.3,382.9,12.9,2788,98.3,4.5,18.7
cow361,5,Jersey,3,0,201,233,177,234,201,229,193,236,38.4,0.0,0.0,0,0,544.2,419.8,10.6,3147,123.5,4.4,19.0
cow361,6,Jersey,3,0,212,235,197,230,193,223,196,231,38.3,0.0,0.0,0,0,569.9,414.9,12.3,3363,39.2,4.0,20.0
cow362,1,Jersey,2,0,195,236,198,230,205,231,197,224,38.6,0.0,0.0,0,0,632.5,455.3,10.7,3374,156.1,6.5,17.8
cow362,2,Jersey,2,0,195,229,202,228,210,228,199,237,38.8,0.0,0.0,0,0,451.6,341.3,12.2,2368,79.2,4.5,20.0
cow362,3,Jersey,2,0,198,230,193,228,196,227,190,234,38.4,0.0,0.0,0,0,490.5,353.2,11.0,2409,168.1,4.7,20.1
cow362,4,Jersey,2,0,198,231,198,217,191,234,192,231,38.5,0.0,0.0,0,0,495.4,365.2,11.2,3234,155.1,3.6,19.1
cow362,5,Jersey,2,0,198,227,200,228,184,230,202,229,38.4,0.0,0.0,0,0,486.0,351.6,12.5,2701,127.6,5.2,19.1
cow362,6,Jersey,2,0,203,223,206,238,193,229,189,231,38.7,0.0,0.0,0,0,476.9,371.4,12.4,3358,73.6,4.4,20.2
cow363,1,Jersey,3,0,194,225,212,220,204,228,192,227,38.9,0.0,0.0,0,0,508.0,369.2,11.3,2348,129.7,4.9,19.5
cow363,2,Jersey,3,0,192,232,200,228,201,234,192,219,39.1,0.0,0.0,0,0,471.3,323.9,10.9,2961,171.1,5.2,20.9
cow363,3,Jersey,3,0,196,234,197,227,188,236,192,236,38.9,0.0,0.0,0,0,533.4,357.8,13.4,2986,120.8,4.4,19.6
cow363,4,Jersey,3,0,198,224,196,230,202,240,178,225,38.8,0.0,0.0,0,0,522.1,350.2,12.2,3192,91.4,4.0,18.5
cow363,5,Jersey,3,0,201,230,188,231,193,228,207,219,,,,0,0,539.2,402.7,11.0,2588,129.9,2.6,20.3
cow363,6,Jersey,3,0,191,225,190,248,210,220,190,217,38.8,0.0,0.0,0,0,540.3,371.5,10.7,2213,55.2,4.2,19.4
cow364,1,Jersey,5,0,189,222,202,233,193,240,191,231,38.5,0.0,0.0,0,1,319.1,274.9,14.7,1369,6759.2,7.5,7.4
cow364,2,Jersey,5,0,198,232,190,224,206,227,193,228,38.6,0.0,0.0,0,1,280.1,248.5,13.6,1511,514.5,7.1,10.8
cow364,3,Jersey,5,0,202,232,204,242,197,229,201,240,38.7,0.0,0.0,0,1,379.8,304.7,13.3,1703,2051.4,9.2,12.6
cow364,4,Jersey,5,0,223,259,214,230,195,227,204,213,39.2,0.0,1.0,0,1,304.4,268.5,13.6,1157,1438.5,8.8,11.0
cow364,5,Jersey,5,0,227,270,202,228,205,232,199,217,39.6,0.0,1.0,0,1,220.5,213.1,13.9,1610,1190.4,6.5,10.8
cow364,6,Jersey,5,0,231,274,195,230,192,231,196,233,40.1,1.0,0.0,1,1,254.9,182.2,13.4,1494,2551.6,8.1,9.5
cow365,1,Jersey,3,0,197,235,199,228,193,231,197,235,38.3,0.0,0.0,0,0,450.4,332.4,12.9,3529,36.5,3.8,21.4
cow365,2,Jersey,3,0,202,231,193,230,199,230,199,237,38.3,0.0,0.0,0,0,520.7,388.1,13.0,2978,351.2,4.8,19.0
cow365,3,Jersey,3,0,191,231,199,226,191,238,187,224,38.5,0.0,0.0,0,0,515.1,406.6,12.1,2308,31.2,3.9,18.9
cow365,4,Jersey,3,0,201,228,209,219,198,230,197,232,38.3,0.0,0.0,0,0,501.3,399.1,13.1,2973,41.2,4.1,19.5
cow365,5,Jersey,3,0,199,231,198,238,198,227,196,236,38.5,0.0,0.0,0,0,600.4,403.7,11.5,3035,38.6,5.3,20.1
cow365,6,Jersey,3,0,204,227,203,225,200,221,198,229,38.4,0.0,0.0,0,0,542.0,386.9,12.3,3207,91.1,5.2,17.5
cow366,1,Jersey,4,0,192,227,195,229,205,225,195,231,38.6,0.0,0.0,0,0,549.0,369.2,12.7,2387,160.1,5.7,17.4
cow366,2,Jersey,4,0,200,227,198,236,191,223,192,227,38.7,0.0,0.0,0,0,482.8,385.0,12.7,2875,114.2,4.3,21.9
cow366,3,Jersey,4,0,194,220,204,226,201,235,198,228,38.7,0.0,0.0,0,0,480.0,374.3,12.6,3347,219.6,3.3,20.6
cow366,4,Jersey,4,0,203,231,203,227,204,238,190,222,38.4,0.0,0.0,0,0,521.5,387.2,12.3,2958,44.9,5.2,18.5
cow366,5,Jersey,4,0,196,234,194,226,191,235,190,234,38.6,0.0,0.0,0,0,526.9,387.1,13.8,2878,125.2,5.2,20.7
cow366,6,Jersey,4,0,191,228,193,238,198,226,192,230,38.7,0.0,0.0,0,0,445.7,360.3,10.9,3763,64.4,5.0,23.9
cow367,1,Jersey,5,0,202,228,195,226,193,210,207,224,38.5,0.0,0.0,0,0,512.8,397.5,11.3,2572,93.0,3.9,17.4
cow367,2,Jersey,5,0,203,225,203,235,196,232,192,222,38.6,0.0,0.0,0,0,520.6,401.2,11.2,3493,170.8,3.6,19.0
cow367,3,Jersey,5,0,206,226,196,228,191,220,192,238,38.4,0.0,0.0,0,0,511.4,383.1,11.1,3408,24.7,4.9,21.8
cow367,4,Jersey,5,0,203,231,197,234,198,210,193,242,38.2,0.0,0.0,0,0,487.5,354.2,9.1,2910,314.3,3.8,18.3
cow367,5,Jersey,5,0,205,232,197,224,190,236,199,231,38.6,0.0,0.0,0,0,498.4,380.9,13.1,2987,71.9,4.3,18.0
cow367,6,Jersey,5,0,203,230,196,232,203,227,211,221,38.3,0.0,0.0,0,0,512.9,390.4,10.3,2985,26.2,6.8,21.3
cow368,1,Jersey,5,0,208,223,198,223,190,213,202,234,38.3,0.0,0.0,0,0,523.6,378.7,11.7,3073,49.2,6.2,20.3
cow368,2,Jersey,5,0,197,237,196,225,203,225,201,235,38.3,0.0,0.0,0,0,544.2,388.2,9.8,2762,85.2,5.1,19.2
cow368,3,Jersey,5,0,199,229,190,230,191,226,204,219,38.5,0.0,0.0,0,0,563.2,426.3,12.2,2829,49.2,4.0,18.3
cow368,4,Jersey,5,0,194,222,203,220,207,228,199,232,38.3,0.0,0.0,0,0,508.2,402.9,10.6,2858,19.3,3.9,20.8
cow368,5,Jersey,5,0,199,225,198,238,195,231,198,239,38.3,0.0,0.0,0,0,501.8,355.6,10.1,2871,84.9,5.1,17.7
cow368,6,Jersey,5,0,207,226,201,236,212,236,200,227,38.3,0.0,0.0,0,0,537.5,385.8,11.7,2876,48.2,5.7,18.6
cow369,1,Jersey,4,0,192,231,193,226,196,223,206,231,38.3,0.0,0.0,0,1,319.4,276.0,12.7,404,3372.1,7.6,8.4
cow369,2,Jersey,4,0,254,296,198,264,197,227,195,225,38.9,0.0,0.0,0,1,277.6,253.3,12.8,1339,843.5,7.6,12.3
cow369,3,Jersey,4,0,266,302,197,261,209,229,192,229,39.0,1.0,1.0,0,1,326.6,264.6,13.7,1089,9999.0,8.1,9.0
cow369,4,Jersey,4,0,274,324,205,274,201,234,203,227,39.4,1.0,1.0,1,1,334.2,312.4,14.5,553,3018.4,6.9,11.0
cow369,5,Jersey,4,0,293,340,205,277,204,225,192,215,39.7,1.0,0.0,1,1,346.7,293.6,12.5,1160,2338.2,6.9,11.7
cow369,6,Jersey,4,0,307,360,195,276,196,230,191,225,40.1,0.0,1.0,1,1,366.1,307.2,12.3,1148,3296.8,7.1,10.2
cow370,1,Jersey,3,0,202,230,207,222,195,226,193,233,38.3,0.0,0.0,0,0,485.3,390.9,11.5,3510,22.6,4.9,20.4
cow370,2,Jersey,3,0,200,239,185,217,201,236,195,231,37.9,0.0,0.0,0,0,520.6,372.3,12.1,2784,56.4,4.7,20.2
cow370,3,Jersey,3,0,202,227,196,233,198,236,199,232,38.3,0.0,0.0,0,0,520.5,378.7,13.3,3267,272.2,5.4,19.7
cow370,4,Jersey,3,0,203,235,191,229,201,217,197,241,38.2,0.0,0.0,0,0,516.1,355.1,10.2,3553,63.7,3.1,20.2
cow370,5,Jersey,3,0,198,230,197,236,188,225,197,236,38.1,0.0,0.0,0,0,494.0,361.3,11.1,2749,76.1,3.3,20.6
cow370,6,Jersey,3,0,187,223,187,227,201,232,201,222,38.1,0.0,0.0,0,0,460.6,317.5,12.9,2981,57.6,4.9,19.4
cow371,1,Jersey,3,0,200,232,206,231,198,222,206,231,38.8,0.0,0.0,0,0,523.7,395.7,13.9,3691,218.5,3.8,21.2
cow371,2,Jersey,3,0,201,235,191,225,194,228,195,236,38.5,0.0,0.0,0,0,489.3,369.1,10.3,3092,67.1,3.9,20.3
cow371,3,Jersey,3,0,194,230,188,247,188,221,180,222,38.5,0.0,0.0,0,0,523.4,377.1,10.6,3149,33.5,5.3,20.1
cow371,4,Jersey,3,0,192,223,195,231,197,238,202,221,38.5,0.0,0.0,0,0,488.2,359.1,12.0,2837,471.7,4.1,22.3
cow371,5,Jersey,3,0,214,230,195,243,208,224,203,233,38.4,0.0,0.0,0,0,476.0,367.3,10.8,3275,30.7,4.2,20.0
cow371,6,Jersey,3,0,196,224,200,230,191,222,200,222,38.8,0.0,0.0,0,0,529.4,365.2,10.6,2984,74.3,4.3,19.1
cow372,1,Jersey,1,0,193,228,202,228,191,228,196,225,38.0,0.0,0.0,0,0,526.0,387.3,11.8,2267,44.4,4.3,20.8
cow372,2,Jersey,1,0,188,228,212,232,202,237,207,236,38.3,0.0,0.0,0,0,543.2,406.5,13.4,2858,48.9,5.0,19.3
cow372,3,Jersey,1,0,204,228,197,233,198,231,199,235,38.0,0.0,0.0,0,0,607.4,400.4,9.9,2527,38.2,3.5,19.1
cow372,4,Jersey,1,0,191,226,200,224,192,231,194,237,38.1,0.0,0.0,0,0,531.1,399.0,13.3,3045,54.7,4.3,16.7
cow372,5,Jersey,1,0,197,222,195,229,195,237,192,226,38.4,0.0,0.0,0,0,539.4,361.5,10.8,2633,156.8,5.4,20.4
cow372,6,Jersey,1,0,201,231,203,236,206,233,204,209,38.5,0.0,0.0,0,0,476.9,352.0,11.9,3191,21.4,6.2,20.6
cow373,1,Jersey,1,0,195,227,200,233,205,236,192,233,38.7,0.0,0.0,0,1,243.5,203.2,15.4,1318,5511.7,6.9,14.0
cow373,2,Jersey,1,0,199,226,198,233,203,227,197,234,38.5,0.0,0.0,0,1,358.3,318.8,13.9,801,4796.7,8.3,14.9
cow373,3,Jersey,1,0,191,257,249,296,191,238,197,239,39.4,1.0,0.0,0,1,258.1,212.0,13.1,1103,3007.3,7.8,14.1
cow373,4,Jersey,1,0,199,263,276,316,191,236,196,239,39.7,0.0,1.0,0,1,253.2,200.2,14.4,1548,2208.8,7.9,15.7
cow373,5,Jersey,1,0,204,270,282,334,194,212,196,240,40.5,1.0,0.0,1,1,293.4,256.5,13.3,1759,2493.6,7.4,15.0
cow373,6,Jersey,1,0,199,280,307,362,191,231,194,219,41.0,1.0,1.0,1,1,291.4,245.4,14.1,939,6283.4,8.6,12.4
cow374,1,Jersey,3,0,201,225,207,216,197,222,199,225,38.2,0.0,0.0,0,0,483.9,331.3,11.3,2561,23.8,5.1,20.1
cow374,2,Jersey,3,0,192,224,202,221,185,231,197,225,38.4,0.0,0.0,0,0,507.8,382.1,12.5,3780,131.3,6.5,17.7
cow374,3,Jersey,3,0,198,229,191,221,197,219,187,231,38.7,0.0,0.0,0,0,569.2,373.7,9.8,2996,47.4,3.4,18.6
cow374,4,Jersey,3,0,205,231,189,242,198,229,196,223,38.5,0.0,0.0,0,0,487.8,342.0,10.3,3037,140.5,3.1,19.5
cow374,5,Jersey,3,0,196,232,192,231,196,229,203,230,38.2,0.0,0.0,0,0,464.3,336.2,9.8,2704,52.0,6.1,21.7
cow374,6,Jersey,3,0,192,234,200,232,198,231,196,229,38.7,0.0,0.0,0,0,557.7,417.1,11.4,3086,129.4,4.5,17.8
cow375,1,Jersey,4,0,195,238,193,235,203,234,189,234,38.5,0.0,0.0,0,0,539.7,415.1,9.7,3686,27.3,4.1,18.6
cow375,2,Jersey,4,0,200,234,195,227,189,224,191,234,38.4,0.0,0.0,0,0,495.2,385.0,10.7,3102,24.7,4.7,21.6
cow375,3,Jersey,4,0,195,227,187,237,205,227,203,235,38.5,0.0,0.0,0,0,456.7,339.3,10.2,3426,73.5,3.4,19.6
cow375,4,Jersey,4,0,197,226,189,224,193,216,198,230,38.4,0.0,0.0,0,0,490.2,318.4,13.3,3012,214.1,4.8,20.5
cow375,5,Jersey,4,0,199,228,199,231,197,226,209,240,38.7,0.0,0.0,0,0,517.8,385.7,10.3,2590,115.0,4.4,18.7
cow375,6,Jersey,4,0,199,226,198,235,200,227,198,236,38.5,0.0,0.0,0,0,566.6,434.4,10.0,2727,114.5,5.4,21.9
cow376,1,Jersey,3,0,191,234,198,218,204,237,196,229,38.3,0.0,0.0,0,0,478.5,377.3,11.8,2553,143.9,5.2,20.8
cow376,2,Jersey,3,0,188,234,205,231,192,237,195,224,38.4,0.0,0.0,0,0,516.6,386.3,13.5,3087,60.4,5.3,19.5
cow376,3,Jersey,3,0,202,242,193,235,204,219,191,227,38.4,0.0,0.0,0,0,547.0,374.8,11.4,3490,121.1,4.7,20.2
cow376,4,Jersey,3,0,200,231,193,237,190,239,196,236,38.8,0.0,0.0,0,0,424.7,313.4,11.5,3064,53.2,5.8,19.5
cow376,5,Jersey,3,0,198,232,188,213,205,216,205,241,38.2,0.0,0.0,0,0,561.4,439.6,13.0,2877,63.9,5.0,22.2
cow376,6,Jersey,3,0,203,236,199,224,195,239,206,233,38.3,0.0,0.0,0,0,472.7,326.1,12.6,2684,69.7,4.1,20.4
cow377,1,Jersey,2,0,198,221,196,225,210,230,202,233,38.8,0.0,0.0,0,0,533.3,367.3,12.0,3142,54.5,3.9,21.1
cow377,2,Jersey,2,0,200,231,206,230,193,234,191,228,38.9,0.0,0.0,0,0,529.9,402.9,10.8,2505,75.9,3.9,19.7
cow377,3,Jersey,2,0,201,232,197,213,194,226,202,230,38.8,0.0,0.0,0,0,563.4,398.3,12.0,2546,66.6,5.0,20.1
cow377,4,Jersey,2,0,197,220,204,221,202,231,195,232,38.7,0.0,0.0,0,0,542.0,372.0,9.9,3360,48.7,3.4,22.9
cow377,5,Jersey,2,0,190,221,201,226,185,216,197,230,38.6,0.0,0.0,0,0,424.9,350.4,10.8,2889,72.1,4.6,19.4
cow377,6,Jersey,2,0,197,231,183,239,200,234,199,231,38.8,0.0,0.0,0,0,488.6,369.5,13.2,2881,88.4,3.8,20.7
cow378,1,Jersey,3,0,200,233,188,229,203,234,197,220,38.9,0.0,0.0,0,1,300.5,251.4,15.1,1232,822.3,7.0,15.2
cow378,2,Jersey,3,0,199,294,190,217,181,224,186,230,39.1,1.0,0.0,0,1,287.2,229.7,14.0,1590,2793.2,7.1,8.7
cow378,3,Jersey,3,0,202,311,196,212,188,226,195,219,39.7,1.0,0.0,0,1,314.1,303.3,11.2,1366,1340.3,8.0,12.6
cow378,4,Jersey,3,0,197,334,196,199,189,237,192,220,40.1,1.0,1.0,1,1,326.6,273.5,12.1,1003,2340.8,8.6,11.7
cow378,5,Jersey,3,0,210,352,198,190,196,231,201,227,40.4,1.0,1.0,1,1,319.3,294.8,12.7,1017,1167.2,7.5,13.5
cow378,6,Jersey,3,0,205,370,191,180,190,227,195,229,40.9,1.0,0.0,0,1,286.4,265.9,13.3,1222,4652.4,6.3,9.4
cow379,1,Jersey,2,0,197,233,196,226,198,226,199,224,38.3,0.0,0.0,0,0,446.1,326.3,10.0,3121,153.8,7.0,19.2
cow379,2,Jersey,2,0,185,235,198,237,201,225,204,236,38.1,0.0,0.0,0,0,501.8,359.8,11.2,2986,38.5,5.4,20.6
cow379,3,Jersey,2,0,186,225,198,231,192,220,204,228,38.3,0.0,0.0,0,0,536.7,416.0,13.6,2950,114.2,5.2,19.5
cow379,4,Jersey,2,0,195,234,195,236,190,224,204,227,38.4,0.0,0.0,0,0,476.4,380.2,12.0,3019,215.7,5.8,18.5
cow379,5,Jersey,2,0,195,229,206,229,186,240,199,232,38.3,0.0,0.0,0,0,545.3,361.4,11.8,2986,41.3,4.6,21.1
cow379,6,Jersey,2,0,191,224,212,237,184,232,196,221,38.2,0.0,0.0,0,0,556.3,411.7,10.3,2688,43.6,4.4,20.5
cow380,1,Jersey,1,0,206,224,195,229,193,232,190,230,38.7,0.0,0.0,0,0,525.1,380.9,9.5,3443,132.0,5.6,19.1
cow380,2,Jersey,1,0,200,225,206,236,195,233,194,233,38.6,0.0,0.0,0,0,397.4,287.9,10.0,2807,32.2,5.6,20.2
cow380,3,Jersey,1,0,195,224,191,231,187,233,196,233,38.7,0.0,0.0,0,0,468.9,354.0,9.5,3052,46.4,5.0,20.7
cow380,4,Jersey,1,0,196,224,192,233,191,229,189,219,38.6,0.0,0.0,0,0,595.4,401.0,11.6,2176,39.4,5.2,19.4
cow380,5,Jersey,1,0,193,232,204,234,197,235,198,232,38.6,0.0,0.0,0,0,498.1,358.5,12.0,2914,133.1,3.5,20.0
cow380,6,Jersey,1,0,196,224,198,228,192,229,199,228,38.3,0.0,0.0,0,0,440.6,318.0,10.3,2560,49.2,4.3,19.0
cow381,1,Jersey,4,0,198,242,195,228,197,222,200,230,38.7,0.0,0.0,0,0,569.4,400.6,11.7,2608,65.3,5.9,21.0
cow381,2,Jersey,4,0,200,223,200,220,198,224,206,235,38.8,0.0,0.0,0,0,520.5,379.0,13.3,3969,47.4,5.1,24.1
cow381,3,Jersey,4,0,192,228,193,236,204,234,188,231,38.6,0.0,0.0,0,0,564.2,388.2,13.8,3100,175.6,3.3,19.1
cow381,4,Jersey,4,0,201,230,204,231,187,227,193,223,38.8,0.0,0.0,0,0,531.1,415.0,12.4,3490,43.9,4.1,20.7
cow381,5,Jersey,4,0,194,232,193,232,203,232,198,232,38.6,0.0,0.0,0,0,538.3,399.9,11.3,3342,30.0,5.7,19.2
cow381,6,Jersey,4,0,201,230,207,235,195,228,198,228,38.4,0.0,0.0,0,0,534.5,421.0,12.4,3393,29.2,4.9,19.3
cow382,1,Jersey,5,0,203,222,199,225,205,226,193,233,38.2,0.0,0.0,0,0,547.9,393.9,13.1,2920,128.3,4.6,22.1
cow382,2,Jersey,5,0,199,236,195,227,203,232,203,240,38.6,0.0,0.0,0,0,611.1,424.8,9.1,3643,134.8,4.7,18.8
cow382,3,Jersey,5,0,199,228,189,220,196,238,193,230,38.5,0.0,0.0,0,0,558.8,435.0,13.3,3339,188.2,4.4,20.2
cow382,4,Jersey,5,0,215,229,195,225,199,232,193,232,39.0,0.0,0.0,0,0,456.8,331.7,10.8,3017,33.2,4.1,19.4
cow382,5,Jersey,5,0,200,235,201,226,190,223,191,229,38.6,0.0,0.0,0,0,537.9,387.5,10.9,3105,67.7,3.8,21.6
cow382,6,Jersey,5,0,194,235,209,227,204,238,203,219,38.2,0.0,0.0,0,0,565.7,420.4,11.1,2945,424.8,5.3,19.1
cow383,1,Jersey,2,0,195,217,201,228,204,228,198,225,38.7,0.0,0.0,0,0,568.1,386.6,11.9,3021,64.5,4.7,19.4
cow383,2,Jersey,2,0,204,225,199,236,210,231,203,234,38.9,0.0,0.0,0,0,502.9,382.6,10.2,2983,53.8,5.1,20.0
cow383,3,Jersey,2,0,199,227,193,224,194,237,191,233,38.5,0.0,0.0,0,0,566.6,418.5,11.2,3153,78.3,4.9,23.1
cow383,4,Jersey,2,0,206,235,196,231,193,229,213,229,38.7,0.0,0.0,0,0,557.1,425.1,12.1,3696,114.5,5.6,20.2
cow383,5,Jersey,2,0,200,224,191,232,193,234,188,232,38.5,0.0,0.0,0,0,622.9,457.8,11.8,2518,113.2,4.9,23.4
cow383,6,Jersey,2,0,203,225,203,232,199,237,201,224,38.8,0.0,0.0,0,0,490.0,385.4,12.0,3457,52.0,5.2,19.5
cow384,1,Jersey,5,0,193,228,203,230,189,233,197,227,38.9,0.0,0.0,0,0,499.7,365.8,11.1,2853,53.0,4.6,20.2
cow384,2,Jersey,5,0,202,229,193,225,194,221,196,228,38.7,0.0,0.0,0,0,507.8,357.1,12.3,3508,64.7,3.7,18.2
cow384,3,Jersey,5,0,193,225,197,229,200,220,197,217,38.4,0.0,0.0,0,0,500.4,406.2,12.8,2867,48.0,4.3,19.8
cow384,4,Jersey,5,0,198,228,194,220,198,235,206,223,38.9,0.0,0.0,0,0,484.4,331.2,12.7,3165,33.9,5.0,22.8
cow384,5,Jersey,5,0,195,235,199,222,203,223,197,229,38.8,0.0,0.0,0,0,409.5,288.0,12.0,2936,276.9,5.0,18.9
cow384,6,Jersey,5,0,194,239,200,242,195,232,182,239,38.9,0.0,0.0,0,0,502.6,379.7,12.6,2308,60.0,5.7,19.8
cow385,1,Jersey,5,0,187,236,197,233,207,225,197,220,38.6,0.0,0.0,0,1,309.8,293.1,14.5,1996,1504.6,7.6,12.8
cow385,2,Jersey,5,0,200,230,198,230,190,224,198,227,38.4,0.0,0.0,0,1,275.3,246.6,16.7,923,1542.8,8.2,14.5
cow385,3,Jersey,5,0,197,234,194,223,194,228,200,216,38.6,0.0,0.0,0,1,372.4,319.4,15.0,1334,1869.9,7.9,13.1
cow385,4,Jersey,5,0,193,241,186,223,190,229,192,235,38.6,0.0,0.0,0,1,295.5,219.4,13.4,879,2832.5,9.3,11.6
cow385,5,Jersey,5,0,228,264,177,263,201,229,197,225,39.6,0.0,0.0,0,1,346.6,277.0,12.4,765,1371.5,8.3,14.3
cow385,6,Jersey,5,0,235,278,196,281,196,224,195,226,40.3,1.0,0.0,1,1,305.5,227.5,13.2,1218,4997.7,8.3,14.3
cow386,1,Jersey,1,0,203,235,197,227,197,228,200,229,38.4,0.0,0.0,0,0,553.1,413.9,11.1,2763,120.0,4.5,19.1
cow386,2,Jersey,1,0,193,230,194,238,200,226,200,232,38.4,0.0,0.0,0,0,531.2,358.9,12.1,2532,69.6,4.3,18.3
cow386,3,Jersey,1,0,203,235,193,223,195,233,195,232,38.4,0.0,0.0,0,0,574.8,389.9,10.7,2986,50.1,3.3,17.6
cow386,4,Jersey,1,0,203,229,210,229,194,232,200,242,38.3,0.0,0.0,0,0,522.2,390.6,12.9,2407,168.1,3.5,16.0
cow386,5,Jersey,1,0,195,231,197,229,207,226,200,238,38.5,0.0,0.0,0,0,539.8,411.0,9.8,3050,71.0,4.6,20.0
cow386,6,Jersey,1,0,197,223,197,223,209,227,203,230,38.5,0.0,0.0,0,0,534.7,385.9,9.5,2949,33.7,4.5,17.5
cow387,1,Jersey,4,0,199,227,198,222,199,230,195,236,38.4,0.0,0.0,0,0,508.5,383.3,11.3,2008,160.8,4.6,19.9
cow387,2,Jersey,4,0,200,237,193,232,201,236,193,225,38.4,0.0,0.0,0,0,536.2,399.4,10.5,2791,48.1,5.3,21.2
cow387,3,Jersey,4,0,192,236,195,230,199,239,199,233,38.5,0.0,0.0,0,0,609.4,429.7,10.0,3187,144.7,4.6,17.9
cow387,4,Jersey,4,0,202,245,198,226,196,236,206,240,38.7,0.0,0.0,0,0,509.2,353.8,10.7,2575,14.0,4.2,21.6
cow387,5,Jersey,4,0,197,224,203,229,196,228,195,221,38.3,0.0,0.0,0,0,536.8,400.2,10.6,3205,61.6,4.3,18.3
cow387,6,Jersey,4,0,192,233,199,236,198,225,193,220,38.6,0.0,0.0,0,0,570.3,421.2,11.5,3173,177.0,4.7,20.1
cow388,1,Jersey,2,0,195,233,190,237,198,240,198,221,38.4,0.0,0.0,0,0,565.6,423.5,10.8,2593,79.7,4.2,21.7
cow388,2,Jersey,2,0,188,220,203,228,202,224,199,223,38.4,0.0,0.0,0,0,520.5,385.9,10.9,2995,120.1,5.4,19.3
cow388,3,Jersey,2,0,196,224,210,234,200,234,192,225,38.2,0.0,0.0,0,0,424.7,301.8,11.5,3330,42.6,4.5,21.9
cow388,4,Jersey,2,0,193,219,183,231,201,227,209,237,38.5,0.0,0.0,0,0,540.7,404.8,12.7,2649,101.0,4.7,23.7
cow388,5,Jersey,2,0,193,225,190,226,192,227,200,223,38.9,0.0,0.0,0,0,431.2,326.7,13.3,2918,79.6,3.8,20.1
cow388,6,Jersey,2,0,192,231,188,233,189,235,196,233,38.6,0.0,0.0,0,0,578.8,406.6,11.7,3460,94.0,5.4,19.5
cow389,1,Jersey,3,0,189,218,194,230,191,241,205,228,38.4,0.0,0.0,0,0,526.8,378.8,11.8,2657,324.9,5.7,18.0
cow389,2,Jersey,3,0,191,227,201,225,207,226,202,227,38.5,0.0,0.0,0,0,560.0,391.6,11.3,3184,195.6,3.4,19.5
cow389,3,Jersey,3,0,203,216,199,225,203,225,199,231,38.3,0.0,0.0,0,0,483.9,374.3,12.1,2568,137.3,4.8,20.9
cow389,4,Jersey,3,0,194,224,198,236,187,239,195,235,38.8,0.0,0.0,0,0,457.9,317.2,12.0,2936,138.5,4.4,21.1
cow389,5,Jersey,3,0,195,233,198,223,195,217,194,231,38.7,0.0,0.0,0,0,530.4,368.4,13.1,3179,42.4,4.7,21.2
cow389,6,Jersey,3,0,213,236,193,230,201,227,199,225,38.5,0.0,0.0,0,0,518.7,373.3,9.2,2038,57.4,4.9,18.2
cow390,1,Jersey,1,0,203,232,208,236,195,242,199,233,39.1,0.0,0.0,0,1,275.3,272.3,13.2,1086,580.2,6.2,18.0
cow390,2,Jersey,1,0,190,221,201,225,199,235,193,223,38.6,0.0,0.0,0,1,298.4,276.0,13.9,1472,717.2,8.6,9.1
cow390,3,Jersey,1,0,195,301,217,235,193,223,209,225,39.3,1.0,0.0,1,1,405.7,291.9,13.5,1390,976.6,8.9,15.9
cow390,4,Jersey,1,0,205,313,220,224,202,227,196,215,39.4,1.0,1.0,1,1,328.4,299.4,12.4,1091,1949.0,9.0,9.3
cow390,5,Jersey,1,0,193,335,236,239,191,233,184,221,39.8,1.0,1.0,1,1,337.0,304.5,11.9,858,743.4,7.2,8.8
cow390,6,Jersey,1,0,197,353,240,231,204,223,197,224,40.3,1.0,1.0,0,1,328.8,254.1,14.5,1551,1933.3,8.0,13.9
cow391,1,Jersey,6,0,198,226,198,221,190,229,196,220,38.6,0.0,0.0,0,0,579.2,370.1,10.6,2871,71.4,4.1,19.5
cow391,2,Jersey,6,0,189,219,198,233,202,229,209,224,38.1,0.0,0.0,0,0,512.4,374.1,9.4,3218,36.3,3.0,19.2
cow391,3,Jersey,6,0,198,241,189,240,189,234,201,222,38.4,0.0,0.0,0,0,437.8,350.9,12.5,3152,227.9,4.0,19.1
cow391,4,Jersey,6,0,192,229,207,238,194,237,195,233,,0.0,0.0,0,0,512.5,404.1,12.1,2821,31.8,3.6,19.5
cow391,5,Jersey,6,0,185,235,191,239,201,223,203,230,38.3,0.0,0.0,0,0,552.5,383.8,11.4,3429,171.9,4.8,20.4
cow391,6,Jersey,6,0,211,234,194,228,201,239,198,234,38.3,0.0,0.0,0,0,481.2,388.3,10.4,2762,16.7,3.2,18.4
cow392,1,Jersey,4,0,199,232,201,225,196,228,192,241,38.9,0.0,0.0,0,0,512.9,335.7,11.4,3476,72.0,3.7,16.4
cow392,2,Jersey,4,0,196,225,197,227,194,219,198,230,38.7,0.0,0.0,0,0,492.3,356.8,13.0,3529,34.7,4.1,21.2
cow392,3,Jersey,4,0,197,225,205,243,187,223,193,221,38.6,0.0,0.0,0,0,580.1,408.5,9.6,3420,50.5,5.1,20.5
cow392,4,Jersey,4,0,202,237,195,222,199,226,194,223,38.7,0.0,0.0,0,0,550.0,418.7,9.6,2928,277.4,6.7,16.8
cow392,5,Jersey,4,0,196,225,192,236,200,222,199,224,38.7,1.0,0.0,0,0,546.1,419.0,10.7,4019,62.5,4.7,20.1
cow392,6,Jersey,4,0,204,235,201,226,197,230,191,224,38.7,0.0,0.0,0,0,544.9,412.1,11.5,3061,37.0,3.7,20.2
cow393,1,Jersey,1,0,194,225,203,238,195,225,197,224,38.2,0.0,0.0,0,0,518.5,354.8,10.9,3096,111.2,4.0,19.3
cow393,2,Jersey,1,0,197,220,195,240,190,230,198,241,38.3,0.0,0.0,0,0,527.9,400.3,12.3,2991,62.1,5.0,21.7
cow393,3,Jersey,1,0,198,226,199,223,199,227,195,235,38.6,0.0,0.0,0,0,472.6,360.7,12.8,2548,88.1,3.4,21.6
cow393,4,Jersey,1,0,201,233,211,231,196,232,191,226,38.1,0.0,0.0,0,0,432.5,297.4,11.8,3518,42.2,5.4,21.7
cow393,5,Jersey,1,0,188,228,199,228,189,216,202,233,38.3,0.0,0.0,0,0,526.0,346.4,12.2,2771,43.7,4.7,22.6
cow393,6,Jersey,1,0,196,234,199,220,206,230,193,225,38.2,0.0,0.0,0,0,533.0,406.5,11.8,3368,46.1,4.4,21.1
cow394,1,Jersey,1,0,199,230,192,225,199,235,197,240,38.6,0.0,0.0,0,1,343.4,280.8,13.5,1764,3797.1,6.7,10.4
cow394,2,Jersey,1,0,209,234,209,227,203,236,194,231,38.9,0.0,0.0,0,1,357.9,269.6,11.9,1541,1661.9,8.7,14.0
cow394,3,Jersey,1,0,205,221,204,235,202,228,184,226,39.0,0.0,0.0,0,1,357.8,288.9,12.3,1023,857.3,7.4,9.7
cow394,4,Jersey,1,0,199,225,256,308,185,238,206,222,39.2,0.0,0.0,1,1,255.1,237.6,11.9,1164,2273.2,8.1,13.1
cow394,5,Jersey,1,0,188,233,278,329,203,216,192,228,40.0,1.0,0.0,1,1,280.9,245.1,13.3,229,2127.2,7.9,12.8
cow394,6,Jersey,1,0,194,220,302,355,200,232,195,228,40.4,1.0,1.0,1,1,314.2,238.6,13.8,1253,3167.8,6.7,15.2
cow395,1,Jersey,5,0,199,232,192,228,204,222,184,231,38.6,0.0,0.0,0,0,621.3,474.7,9.8,3321,56.9,4.3,17.1
cow395,2,Jersey,5,0,195,233,200,221,187,229,192,234,38.7,0.0,0.0,0,0,579.2,433.6,11.6,2905,75.3,3.5,21.3
cow395,3,Jersey,5,0,196,224,188,228,196,225,191,233,38.7,0.0,0.0,1,0,564.8,400.8,10.4,2764,106.3,4.0,21.1
cow395,4,Jersey,5,0,219,231,187,222,194,240,188,221,39.0,0.0,1.0,0,0,504.5,365.4,10.2,2881,39.6,4.8,19.4
cow395,5,Jersey,5,0,185,231,197,233,196,226,191,224,38.9,0.0,0.0,0,0,484.7,365.3,10.7,3486,146.5,5.1,20.1
cow395,6,Jersey,5,0,206,226,210,236,198,219,198,231,38.8,0.0,0.0,0,0,551.6,378.6,10.2,2978,80.3,4.5,18.7
cow396,1,Jersey,5,0,195,228,198,221,191,227,188,226,38.4,0.0,0.0,0,0,476.0,359.4,12.2,3743,37.1,3.8,18.1
cow396,2,Jersey,5,0,195,230,190,231,197,224,205,223,38.3,0.0,0.0,0,0,510.5,350.3,11.3,2772,36.9,4.0,21.1
cow396,3,Jersey,5,0,191,225,201,235,199,232,195,235,38.5,0.0,0.0,0,0,515.4,376.0,12.5,3087,74.2,4.0,16.6
cow396,4,Jersey,5,0,204,234,183,234,195,226,199,222,38.5,0.0,0.0,0,0,583.7,397.2,11.0,2827,54.3,2.8,19.3
cow396,5,Jersey,5,0,206,240,199,226,192,242,195,216,38.6,0.0,0.0,0,0,505.8,351.4,11.0,3830,133.8,4.6,19.6
cow396,6,Jersey,5,0,202,238,203,233,206,234,205,225,38.4,0.0,0.0,0,0,422.4,351.1,13.7,3072,65.2,3.2,17.3
cow397,1,Jersey,4,0,203,231,200,229,196,228,200,228,38.4,0.0,0.0,0,0,540.2,393.2,9.6,3851,97.9,4.6,19.8
cow397,2,Jersey,4,0,201,243,202,228,200,221,198,224,38.2,0.0,0.0,0,0,492.0,367.0,13.0,2832,44.2,3.3,19.9
cow397,3,Jersey,4,0,198,231,191,234,206,234,199,234,38.3,0.0,0.0,0,0,521.7,344.8,13.5,3611,78.2,3.5,23.0
cow397,4,Jersey,4,0,197,231,194,245,198,240,210,234,38.3,0.0,0.0,0,0,516.5,367.2,12.4,3047,197.1,5.0,21.8
cow397,5,Jersey,4,0,198,231,182,228,197,225,203,238,38.5,0.0,0.0,0,0,509.1,381.7,11.1,3335,71.7,4.5,19.7
cow397,6,Jersey,4,0,194,226,197,231,197,233,195,232,38.3,0.0,0.0,0,0,551.6,402.5,13.2,2512,54.2,3.0,16.4
cow398,1,Jersey,1,0,186,238,200,230,196,223,187,228,38.4,0.0,0.0,0,0,458.7,304.4,11.1,3139,43.7,4.1,19.5
cow398,2,Jersey,1,0,197,228,200,232,202,235,198,226,38.7,0.0,0.0,0,0,499.3,371.3,10.7,2572,78.4,4.7,19.8
cow398,3,Jersey,1,0,197,239,192,227,193,235,205,226,38.4,0.0,0.0,0,0,547.4,403.0,11.0,3103,210.3,4.0,21.8
cow398,4,Jersey,1,0,201,229,198,232,193,237,194,230,38.5,0.0,0.0,0,0,495.4,388.4,10.8,2393,31.0,4.2,20.8
cow398,5,Jersey,1,0,204,222,196,240,196,230,193,224,38.4,0.0,0.0,0,0,455.6,329.6,10.4,2962,76.7,4.7,20.4
cow398,6,Jersey,1,0,212,224,197,228,188,220,191,224,38.4,0.0,0.0,0,0,546.7,355.7,12.8,3438,24.3,4.5,22.2
cow399,1,Jersey,3,0,189,229,201,235,207,238,200,232,38.1,0.0,0.0,0,1,339.9,264.0,12.6,1519,1433.3,7.2,16.2
cow399,2,Jersey,3,0,196,237,192,220,192,225,197,232,38.1,0.0,0.0,0,1,293.2,234.2,13.5,806,2465.9,8.0,16.1
cow399,3,Jersey,3,0,206,225,217,225,191,229,188,224,38.4,0.0,0.0,0,1,216.6,221.2,11.8,541,558.3,7.8,12.6
cow399,4,Jersey,3,0,267,306,175,226,202,229,201,218,38.9,0.0,1.0,1,1,323.2,223.0,13.5,1499,1394.2,9.4,11.4
cow399,5,Jersey,3,0,289,342,165,221,192,237,200,214,39.9,0.0,1.0,1,1,228.6,207.1,12.1,1932,2521.6,7.9,11.0
cow399,6,Jersey,3,0,316,359,157,236,194,232,199,220,40.3,0.0,0.0,1,1,307.4,288.1,12.1,914,2217.7,8.1,9.4
cow400,1,Jersey,1,0,202,235,198,230,203,228,198,231,38.4,0.0,0.0,0,0,484.5,358.8,11.4,3839,100.4,4.7,21.2
cow400,2,Jersey,1,0,193,223,189,232,193,233,199,226,38.4,0.0,0.0,0,0,473.6,368.3,12.8,2997,40.5,4.2,19.4
cow400,3,Jersey,1,0,204,232,195,229,194,223,194,232,38.3,0.0,0.0,0,0,502.3,339.8,12.0,2217,97.1,3.9,21.8
cow400,4,Jersey,1,0,199,238,199,226,202,232,192,221,38.5,0.0,0.0,0,0,512.7,346.8,12.1,2376,52.5,4.9,19.6
cow400,5,Jersey,1,0,205,226,192,218,198,226,198,233,38.5,0.0,0.0,0,0,494.2,390.4,11.3,3308,130.1,4.9,21.3
cow400,6,Jersey,1,0,202,227,193,233,198,228,210,236,38.6,0.0,0.0,0,0,543.5,396.0,11.1,3052,16.1,6.2,18.2
cow401,1,Jersey,2,0,204,227,199,227,206,226,198,226,38.3,0.0,0.0,0,0,502.2,371.2,12.4,3593,65.0,5.1,20.5
cow401,2,Jersey,2,0,205,236,206,231,195,231,203,222,38.4,0.0,0.0,0,0,559.2,383.4,10.8,2521,85.0,5.1,20.0
cow401,3,Jersey,2,0,202,224,196,220,200,233,207,236,38.1,0.0,0.0,0,0,531.2,388.6,12.5,3047,201.8,5.1,19.8
cow401,4,Jersey,2,0,192,230,192,228,187,223,197,228,38.5,0.0,0.0,0,0,492.1,342.6,13.0,3003,84.3,3.9,18.0
cow401,5,Jersey,2,0,192,243,195,231,201,233,199,239,38.4,0.0,0.0,0,0,485.4,380.6,10.5,2943,90.5,3.5,18.1
cow401,6,Jersey,2,0,193,233,195,224,198,238,194,221,38.0,0.0,0.0,0,0,454.1,389.6,10.7,2847,103.0,3.7,21.1
cow402,1,Jersey,3,0,208,237,195,226,203,238,197,231,38.5,0.0,0.0,0,0,531.6,395.7,10.8,2855,188.8,5.1,21.8
cow402,2,Jersey,3,0,189,229,193,231,193,237,195,227,38.0,0.0,0.0,0,0,505.8,360.1,9.7,3070,61.0,5.6,19.6
cow402,3,Jersey,3,0,199,227,198,223,204,226,190,235,38.3,0.0,0.0,0,0,425.1,277.5,10.9,3121,30.1,5.1,19.7
cow402,4,Jersey,3,0,197,238,194,229,186,214,200,230,38.3,0.0,0.0,0,0,498.6,336.8,13.1,3101,26.4,4.4,20.7
cow402,5,Jersey,3,0,197,227,192,231,204,233,210,229,38.4,0.0,0.0,0,0,484.0,386.4,10.2,3482,125.7,5.8,20.3
cow402,6,Jersey,3,0,202,232,194,231,193,232,187,220,38.2,0.0,0.0,0,0,583.0,399.3,13.1,2519,92.7,4.1,20.2
cow403,1,Jersey,4,0,198,225,203,226,198,229,197,229,38.1,0.0,0.0,0,0,451.9,332.5,11.0,2275,66.5,3.6,20.1
cow403,2,Jersey,4,0,188,223,204,231,181,231,187,223,38.1,0.0,0.0,0,0,462.3,357.2,14.0,3407,53.0,4.7,19.7
cow403,3,Jersey,4,0,203,221,198,232,203,235,194,225,38.7,0.0,0.0,0,0,564.4,433.3,10.7,2623,90.0,5.5,20.3
cow403,4,Jersey,4,0,199,222,186,241,199,228,198,237,38.2,0.0,0.0,0,0,574.3,409.0,11.3,2848,91.8,3.8,20.0
cow403,5,Jersey,4,0,195,235,187,234,190,241,193,228,38.2,0.0,0.0,0,0,490.2,354.8,10.4,2755,110.6,3.1,19.8
cow403,6,Jersey,4,0,206,229,197,221,196,240,193,220,38.2,0.0,0.0,0,0,494.7,366.1,10.7,2747,36.9,4.5,17.9
cow404,1,Jersey,4,0,202,233,194,238,193,231,199,222,38.4,0.0,0.0,0,0,544.6,383.5,13.1,2417,23.5,5.1,18.2
cow404,2,Jersey,4,0,201,215,195,222,203,227,199,228,38.4,0.0,0.0,0,0,426.9,313.8,12.1,2772,42.3,2.5,19.2
cow404,3,Jersey,4,0,194,222,199,233,191,214,196,237,38.4,0.0,0.0,0,0,445.6,342.7,12.7,3260,31.2,5.3,18.5
cow404,4,Jersey,4,0,195,226,202,230,187,235,192,222,38.3,0.0,0.0,0,0,508.8,376.6,9.9,2998,30.1,3.4,20.3
cow404,5,Jersey,4,0,202,230,195,225,207,236,196,218,38.4,0.0,0.0,0,0,582.0,455.6,12.3,3202,234.9,5.1,18.9
cow404,6,Jersey,4,0,192,239,206,226,192,234,200,227,38.6,0.0,0.0,0,0,502.6,377.4,10.3,2802,16.6,2.9,19.0
cow405,1,Jersey,5,0,200,232,202,236,202,227,204,236,38.1,0.0,0.0,0,0,524.0,403.1,9.9,3361,109.9,3.3,19.5
cow405,2,Jersey,5,0,191,230,199,232,196,238,207,236,38.2,0.0,0.0,0,0,565.4,387.9,11.8,2797,148.6,5.0,22.5
cow405,3,Jersey,5,0,196,222,180,230,196,235,199,231,38.1,0.0,0.0,0,0,604.3,440.0,11.8,2157,157.1,5.5,20.8
cow405,4,Jersey,5,0,193,230,201,226,193,224,200,218,38.4,0.0,0.0,0,0,496.9,353.1,11.6,3127,96.2,4.5,18.3
cow405,5,Jersey,5,0,198,228,197,234,205,228,204,229,38.6,0.0,0.0,0,0,519.3,386.7,12.4,3307,197.7,6.4,20.2
cow405,6,Jersey,5,0,193,228,193,225,202,225,204,227,38.4,0.0,0.0,0,0,592.9,436.1,12.5,2776,272.3,3.7,20.6
cow406,1,Jersey,6,0,195,239,201,224,199,218,193,227,39.0,0.0,0.0,0,0,459.1,344.4,13.3,3480,64.5,3.7,19.3
cow406,2,Jersey,6,0,194,224,192,230,202,225,198,212,38.9,0.0,0.0,0,0,561.1,448.0,10.1,2660,108.2,4.3,19.1
cow406,3,Jersey,6,0,207,239,198,220,189,230,197,218,38.5,0.0,0.0,0,0,479.3,381.3,13.3,3268,191.8,4.2,20.2
cow406,4,Jersey,6,0,205,231,194,238,207,233,188,227,38.7,0.0,0.0,0,0,524.1,403.6,13.8,3698,43.8,4.7,20.4
cow406,5,Jersey,6,0,206,238,194,227,189,237,203,224,38.6,0.0,0.0,0,0,510.3,387.9,11.1,3015,67.1,3.9,21.4
cow406,6,Jersey,6,0,199,229,203,232,199,226,200,230,38.8,0.0,0.0,0,0,481.7,388.7,9.5,2909,51.6,5.0,21.0
cow407,1,Jersey,5,0,202,222,195,234,196,229,191,222,38.4,0.0,0.0,0,1,255.7,205.5,11.8,1258,2893.0,8.4,10.5
cow407,2,Jersey,5,0,199,237,191,221,188,230,199,224,38.4,0.0,0.0,0,1,306.1,286.3,12.9,1951,432.2,9.3,11.9
cow407,3,Jersey,5,0,195,226,190,231,193,232,195,227,38.5,0.0,0.0,0,1,334.8,261.1,15.9,1461,6350.7,7.6,11.4
cow407,4,Jersey,5,0,201,224,201,223,201,231,205,230,38.5,0.0,0.0,0,1,289.8,241.7,13.5,2158,3067.8,8.3,14.5
cow407,5,Jersey,5,0,269,236,189,229,192,238,198,231,39.0,1.0,0.0,1,1,297.8,266.8,12.8,1412,3209.8,8.5,12.3
cow407,6,Jersey,5,0,303,236,211,219,194,234,199,224,39.8,1.0,1.0,0,1,317.8,290.9,12.7,1038,297.1,8.0,12.9
cow408,1,Jersey,2,0,196,222,198,222,195,230,200,236,38.3,0.0,0.0,0,0,481.1,335.9,9.9,2767,38.7,4.3,18.7
cow408,2,Jersey,2,0,200,239,193,235,196,222,193,228,37.7,0.0,0.0,0,0,549.6,388.5,12.5,3025,222.4,2.8,20.9
cow408,3,Jersey,2,0,198,236,200,242,194,231,201,234,37.9,0.0,0.0,0,0,552.8,401.4,11.4,2183,70.3,4.6,18.4
cow408,4,Jersey,2,0,196,231,207,219,200,240,196,226,37.9,0.0,0.0,0,0,624.1,439.1,14.0,2810,24.1,5.0,20.1
cow408,5,Jersey,2,0,199,225,195,233,206,226,200,225,38.0,0.0,0.0,0,0,505.0,386.3,12.3,2819,92.6,4.5,20.6
cow408,6,Jersey,2,0,195,230,185,237,201,224,203,232,38.2,0.0,0.0,0,0,501.7,430.9,12.5,3096,127.0,3.9,21.1
cow409,1,Jersey,1,0,203,225,196,223,192,228,198,227,38.1,0.0,0.0,0,0,550.8,406.0,11.2,3777,114.7,3.2,17.1
cow409,2,Jersey,1,0,188,232,198,230,190,226,200,221,38.5,0.0,0.0,0,0,552.8,386.4,10.2,3022,71.6,4.9,19.4
cow409,3,Jersey,1,0,192,227,189,214,203,228,198,228,38.5,0.0,0.0,0,0,498.6,343.8,10.5,2231,174.0,4.5,18.3
cow409,4,Jersey,1,0,212,233,202,231,191,227,194,235,38.2,0.0,0.0,0,0,503.9,364.5,9.9,2634,48.9,5.6,18.2
cow409,5,Jersey,1,0,190,232,193,209,201,235,208,227,38.3,0.0,0.0,0,0,541.6,376.1,12.6,3105,115.4,3.3,19.5
cow409,6,Jersey,1,0,195,234,195,233,183,225,202,228,38.3,0.0,0.0,0,0,486.9,368.6,11.0,3037,87.2,4.1,17.6
cow410,1,Jersey,2,0,203,230,211,230,197,224,188,234,38.3,0.0,0.0,0,0,503.6,378.3,12.6,3650,72.5,3.4,19.9
cow410,2,Jersey,2,0,199,235,199,233,192,228,206,236,38.4,0.0,0.0,0,0,523.6,373.8,11.7,3384,61.1,5.3,22.7
cow410,3,Jersey,2,0,191,233,185,229,203,225,195,219,38.3,0.0,0.0,0,0,559.8,439.6,11.1,3372,62.7,5.5,19.4
cow410,4,Jersey,2,0,197,226,196,233,196,230,193,226,38.7,0.0,0.0,0,0,495.8,352.3,10.1,2913,81.2,6.0,18.8
cow410,5,Jersey,2,0,202,237,198,224,192,236,210,221,38.8,0.0,0.0,0,0,446.3,333.6,11.9,3440,64.9,4.9,20.0
cow410,6,Jersey,2,0,193,232,198,228,200,237,185,227,38.4,0.0,0.0,0,0,443.3,345.5,11.2,2642,131.8,5.1,21.1
cow411,1,Jersey,3,0,195,226,199,235,183,215,195,234,38.6,0.0,0.0,0,1,244.6,240.8,14.6,1687,1295.4,8.3,14.6
cow411,2,Jersey,3,0,203,238,188,232,199,234,204,222,38.5,0.0,0.0,0,1,242.5,246.5,12.6,1187,7061.6,8.5,10.2
cow411,3,Jersey,3,0,193,231,190,241,195,224,187,231,38.6,0.0,0.0,0,1,288.8,259.0,14.2,721,1249.6,8.0,13.2
cow411,4,Jersey,3,0,180,209,198,225,199,225,192,221,39.1,0.0,0.0,0,1,247.4,245.4,15.5,1537,4188.2,8.5,8.7
cow411,5,Jersey,3,0,173,202,194,226,203,242,197,243,39.6,0.0,1.0,0,1,266.9,226.2,13.8,1859,4336.4,9.7,13.9
cow411,6,Jersey,3,0,152,186,198,231,196,227,190,241,39.8,1.0,1.0,1,1,264.0,252.9,14.4,1137,2280.6,8.2,10.7
cow412,1,Jersey,4,0,193,238,194,223,198,224,199,233,38.8,0.0,0.0,0,0,502.4,385.7,12.2,3625,83.8,4.5,19.9
cow412,2,Jersey,4,0,206,241,194,232,197,212,200,232,38.8,0.0,0.0,0,0,572.9,439.0,13.8,2338,48.0,4.7,21.6
cow412,3,Jersey,4,0,196,226,195,225,202,234,194,222,38.8,0.0,0.0,0,0,546.5,365.9,11.9,2521,55.6,4.4,18.1
cow412,4,Jersey,4,0,200,235,204,233,197,239,199,236,38.7,0.0,0.0,0,0,520.6,364.1,12.3,2941,92.5,4.7,19.0
cow412,5,Jersey,4,0,200,234,195,235,208,232,207,233,38.8,0.0,0.0,0,0,501.6,383.8,11.5,2852,77.0,4.4,20.2
cow412,6,Jersey,4,0,191,231,188,227,201,224,193,238,38.7,0.0,0.0,0,0,502.7,321.9,10.6,2733,179.9,5.4,20.5
cow413,1,Jersey,4,0,195,235,184,234,197,221,188,226,38.4,0.0,0.0,0,0,533.1,396.7,10.1,3053,58.0,5.3,20.5
cow413,2,Jersey,4,0,199,221,203,231,192,235,191,230,38.6,0.0,0.0,0,0,543.4,413.1,13.0,2789,60.5,6.2,20.8
cow413,3,Jersey,4,0,200,229,197,221,192,225,193,235,38.5,0.0,0.0,0,0,483.7,347.8,10.3,2856,25.2,4.5,20.7
cow413,4,Jersey,4,0,192,238,192,231,191,236,202,235,38.8,0.0,0.0,0,0,521.5,373.1,12.4,3111,123.9,4.7,20.5
cow413,5,Jersey,4,0,204,228,197,226,196,235,194,225,38.4,0.0,0.0,0,0,438.7,311.9,12.0,2733,116.4,4.7,20.2
cow413,6,Jersey,4,0,204,224,193,239,193,229,208,227,38.5,0.0,0.0,0,0,528.5,375.7,12.6,2958,156.0,4.7,19.5
cow414,1,Jersey,1,0,198,232,194,228,182,233,188,240,38.4,0.0,0.0,0,0,550.5,389.4,10.9,2742,162.2,5.4,18.5
cow414,2,Jersey,1,0,200,225,196,220,197,238,200,234,38.4,0.0,0.0,0,0,508.8,361.0,10.6,2518,137.0,3.2,20.2
cow414,3,Jersey,1,0,200,220,204,238,196,235,203,230,38.3,0.0,0.0,0,0,592.7,410.3,12.0,3305,141.0,4.9,20.5
cow414,4,Jersey,1,0,194,222,196,231,200,238,186,222,38.4,0.0,0.0,0,0,484.8,354.0,11.1,3683,121.1,6.1,18.3
cow414,5,Jersey,1,0,198,223,197,231,198,232,196,215,37.9,0.0,0.0,0,0,528.7,380.1,10.0,3426,134.7,5.6,18.6
cow414,6,Jersey,1,0,205,225,200,231,202,237,208,230,38.1,0.0,0.0,0,0,518.6,412.9,13.8,3133,22.3,5.5,19.7
cow415,1,Jersey,2,0,199,226,202,239,193,233,194,233,38.6,0.0,0.0,0,0,516.0,370.5,10.6,2743,37.2,5.2,21.5
cow415,2,Jersey,2,0,200,243,195,222,194,226,197,227,38.8,0.0,0.0,0,0,515.4,383.5,10.3,2885,33.2,4.0,18.5
cow415,3,Jersey,2,0,195,227,203,224,192,230,203,213,38.4,0.0,0.0,0,0,524.3,372.2,11.2,3423,191.0,3.9,19.2
cow415,4,Jersey,2,0,197,230,204,227,190,233,200,217,38.8,0.0,0.0,0,0,553.9,389.7,13.0,2087,46.3,3.9,20.2
cow415,5,Jersey,2,0,193,232,200,227,199,230,198,229,38.7,0.0,0.0,0,0,575.1,382.4,8.9,2855,51.7,3.6,19.7
cow415,6,Jersey,2,0,195,223,199,234,198,226,187,239,38.7,0.0,0.0,0,0,519.9,351.7,12.9,3294,79.8,5.3,20.5
cow416,1,Jersey,2,0,201,231,198,228,189,240,192,226,39.0,0.0,0.0,0,1,327.6,252.8,12.4,845,732.3,9.2,12.3
cow416,2,Jersey,2,0,191,228,199,237,197,228,191,227,38.6,0.0,0.0,0,1,266.9,241.5,13.8,1469,2711.4,8.3,10.9
cow416,3,Jersey,2,0,199,222,200,228,211,225,195,219,38.4,0.0,0.0,0,1,325.6,292.8,12.7,1451,358.4,8.6,12.0
cow416,4,Jersey,2,0,225,259,193,264,201,234,198,230,39.0,0.0,1.0,0,1,264.5,204.6,15.9,718,772.5,8.2,16.1
cow416,5,Jersey,2,0,225,269,205,279,198,224,204,239,39.7,1.0,1.0,1,1,338.6,271.3,13.6,1335,2342.0,8.5,13.2
cow416,6,Jersey,2,0,236,282,204,277,180,230,196,224,40.0,0.0,1.0,1,1,383.4,283.5,12.7,1053,733.5,6.3,14.3
cow417,1,Jersey,4,0,197,236,195,228,201,228,196,217,38.2,0.0,0.0,0,0,515.1,372.3,11.1,3166,194.9,4.8,18.2
cow417,2,Jersey,4,0,202,216,199,227,199,225,198,235,38.3,0.0,0.0,0,0,432.3,346.7,11.6,3268,82.0,4.2,20.3
cow417,3,Jersey,4,0,196,223,194,231,198,234,197,230,38.4,0.0,0.0,0,0,498.1,358.8,11.7,3160,173.6,4.5,19.7
cow417,4,Jersey,4,0,196,232,187,233,199,219,201,229,38.4,0.0,0.0,0,0,569.3,408.7,12.0,3029,101.7,4.7,21.0
cow417,5,Jersey,4,0,195,236,200,234,200,231,195,243,38.2,0.0,0.0,0,0,542.1,419.5,11.5,3116,78.8,3.9,19.8
cow417,6,Jersey,4,0,192,228,195,228,201,239,204,232,38.3,0.0,1.0,0,0,530.0,394.2,9.8,2530,39.9,3.6,19.8
cow418,1,Jersey,1,0,197,233,194,233,190,229,206,240,38.2,0.0,0.0,0,0,560.3,390.5,11.1,2988,150.9,3.9,19.6
cow418,2,Jersey,1,0,197,229,204,231,192,236,208,234,38.1,0.0,0.0,0,0,539.4,394.5,12.2,2681,107.7,3.3,20.0
cow418,3,Jersey,1,0,203,233,208,235,197,239,192,225,38.6,1.0,0.0,0,0,568.7,394.3,10.7,3413,335.3,3.6,19.7
cow418,4,Jersey,1,0,200,228,197,232,193,233,184,229,38.3,0.0,0.0,0,0,556.8,409.6,12.3,3273,140.8,3.7,19.2
cow418,5,Jersey,1,0,196,230,197,224,191,222,198,227,38.6,0.0,0.0,0,0,580.9,425.8,11.5,3272,60.4,3.4,21.4
cow418,6,Jersey,1,0,202,230,186,232,199,235,193,226,38.6,0.0,0.0,0,0,534.4,364.0,11.2,3685,97.0,4.9,19.5
cow419,1,Jersey,6,0,199,232,202,233,198,232,213,236,38.3,0.0,0.0,0,0,556.2,404.9,12.9,2868,106.3,3.8,22.2
cow419,2,Jersey,6,0,211,221,186,230,198,227,199,224,38.3,0.0,0.0,0,0,507.7,370.5,9.4,2780,177.4,3.0,22.3
cow419,3,Jersey,6,0,200,229,196,226,192,235,203,222,38.4,0.0,0.0,0,0,495.9,375.4,10.7,2859,198.0,4.2,18.6
cow419,4,Jersey,6,0,191,240,195,236,199,222,190,231,38.4,0.0,0.0,0,0,588.3,435.9,13.0,2359,71.0,3.6,20.8
cow419,5,Jersey,6,0,191,226,195,232,198,221,199,228,38.4,0.0,0.0,0,0,528.6,393.8,13.7,2391,34.3,5.7,20.4
cow419,6,Jersey,6,0,193,236,199,218,199,234,205,234,38.2,0.0,0.0,0,0,552.2,393.9,14.2,3248,22.1,4.6,20.3
cow420,1,Jersey,4,0,192,226,197,226,199,233,194,234,38.5,0.0,0.0,0,0,524.9,399.8,11.6,2442,36.2,3.3,21.4
cow420,2,Jersey,4,0,189,249,200,223,193,231,201,231,38.4,0.0,0.0,0,0,496.5,350.2,12.0,2570,52.8,5.0,19.9
cow420,3,Jersey,4,0,203,233,195,223,206,227,200,220,38.8,0.0,0.0,0,0,520.4,356.5,12.5,2959,224.5,4.6,20.5
cow420,4,Jersey,4,0,193,232,193,233,197,228,200,232,38.6,0.0,0.0,0,0,577.4,356.9,13.0,2835,226.9,4.3,18.7
cow420,5,Jersey,4,0,201,235,205,230,193,224,194,226,38.6,1.0,0.0,0,0,542.2,392.1,11.9,3354,154.2,5.8,20.3
cow420,6,Jersey,4,0,197,230,199,234,206,231,195,233,38.1,0.0,0.0,0,0,451.5,324.1,12.6,3024,185.8,3.7,20.4
cow421,1,Jersey,1,0,195,233,199,230,197,222,197,224,38.3,0.0,0.0,0,0,511.4,382.0,12.1,2681,48.7,5.3,19.4
cow421,2,Jersey,1,0,203,230,203,228,196,227,199,230,38.6,0.0,0.0,0,0,591.3,387.3,12.1,3389,27.9,4.2,20.9
cow421,3,Jersey,1,0,192,237,182,221,189,229,202,217,38.4,0.0,0.0,0,0,511.4,363.2,10.4,3292,39.6,4.5,20.7
cow421,4,Jersey,1,0,195,222,192,226,195,223,194,227,38.6,0.0,0.0,0,0,448.0,345.3,11.1,2436,19.5,3.9,17.4
cow421,5,Jersey,1,0,202,228,201,218,208,230,197,226,38.6,0.0,0.0,0,0,595.7,406.9,10.9,3101,36.8,4.0,17.0
cow421,6,Jersey,1,0,201,229,190,233,192,231,210,225,38.5,0.0,0.0,0,0,547.3,403.7,10.1,2714,56.0,4.2,21.2
cow422,1,Jersey,3,0,198,226,201,240,202,222,199,225,38.8,0.0,0.0,0,0,517.2,368.3,9.5,2703,89.1,3.0,19.2
cow422,2,Jersey,3,0,193,223,181,235,188,222,202,237,39.1,0.0,0.0,0,0,505.1,370.5,11.0,3748,87.2,4.8,18.0
cow422,3,Jersey,3,0,194,227,190,232,198,232,215,225,39.1,0.0,0.0,0,0,563.3,416.7,11.2,3050,49.3,4.6,18.7
cow422,4,Jersey,3,0,200,232,195,227,201,233,196,227,39.0,0.0,0.0,0,0,498.3,384.1,11.6,2913,117.7,3.3,24.2
cow422,5,Jersey,3,0,192,229,202,227,203,228,196,230,38.8,0.0,0.0,0,0,565.9,409.2,12.2,3034,50.0,5.0,19.1
cow422,6,Jersey,3,0,196,229,193,218,194,227,204,224,38.9,0.0,0.0,0,0,541.7,378.4,11.7,3350,80.0,5.7,20.8
cow423,1,Jersey,6,0,195,225,199,227,199,232,206,228,38.3,0.0,0.0,0,0,529.8,377.6,11.2,2719,36.9,4.0,18.5
cow423,2,Jersey,6,0,197,228,188,223,196,235,198,232,38.2,0.0,0.0,0,0,525.8,395.0,10.4,2788,168.5,3.9,18.6
cow423,3,Jersey,6,0,181,218,210,222,192,216,193,239,38.2,0.0,0.0,0,0,513.0,357.4,12.6,3263,80.6,5.4,19.8
cow423,4,Jersey,6,0,194,227,189,226,202,229,200,222,38.2,0.0,0.0,0,0,561.8,401.9,11.4,2393,127.0,4.8,18.7
cow423,5,Jersey,6,0,195,230,206,225,199,229,192,227,38.2,0.0,0.0,0,0,485.4,352.3,11.0,3396,34.3,4.4,17.3
cow423,6,Jersey,6,0,195,235,196,237,197,230,205,229,38.3,0.0,0.0,0,0,455.1,339.2,11.3,2358,89.6,5.2,20.1
cow424,1,Jersey,3,0,190,228,195,232,197,221,194,225,39.0,0.0,0.0,0,0,544.6,376.6,10.6,2902,118.0,4.7,18.8
cow424,2,Jersey,3,0,205,228,203,236,208,211,195,232,39.0,0.0,0.0,0,0,545.2,361.8,10.9,2360,19.4,5.6,20.0
cow424,3,Jersey,3,0,191,231,194,223,207,231,205,226,38.6,0.0,0.0,0,0,539.2,400.9,10.8,2577,178.0,4.5,19.3
cow424,4,Jersey,3,0,194,227,194,223,194,220,198,235,38.6,0.0,0.0,0,0,536.3,407.1,11.2,3519,33.5,4.8,18.1
cow424,5,Jersey,3,0,204,239,203,230,201,233,200,225,38.7,0.0,0.0,0,0,507.2,340.0,12.3,3418,91.9,5.4,20.0
cow424,6,Jersey,3,0,184,227,200,231,200,223,184,229,38.9,0.0,0.0,0,0,551.5,405.5,12.0,3461,273.1,2.5,19.0
cow425,1,Jersey,6,0,205,222,204,218,198,216,192,232,38.6,0.0,0.0,0,1,293.2,273.4,15.4,720,4307.4,8.9,13.8
cow425,2,Jersey,6,0,194,235,201,242,193,230,193,234,38.7,0.0,0.0,0,1,275.5,254.0,15.0,880,600.5,7.6,9.9
cow425,3,Jersey,6,0,189,232,197,227,206,230,195,232,38.7,0.0,0.0,0,1,282.5,240.0,15.8,1436,1728.6,8.4,15.0
cow425,4,Jersey,6,0,198,222,195,229,204,247,205,233,38.5,0.0,0.0,0,1,375.8,286.5,14.2,1586,5391.4,9.3,15.8
cow425,5,Jersey,6,0,194,222,228,229,208,239,189,228,39.6,0.0,1.0,1,1,225.6,214.8,14.2,980,1033.1,7.8,11.7
cow425,6,Jersey,6,0,195,238,235,230,188,228,185,239,40.7,1.0,1.0,0,1,315.0,271.5,12.9,1068,1492.9,7.6,12.7
cow426,1,Jersey,6,0,210,231,200,236,190,233,192,235,38.6,0.0,0.0,0,0,452.8,341.4,12.5,2547,60.8,4.5,18.9
cow426,2,Jersey,6,0,199,243,201,243,194,226,202,222,38.3,0.0,0.0,0,0,515.7,374.2,10.7,3663,117.8,3.3,22.7
cow426,3,Jersey,6,0,202,231,201,223,206,229,201,228,38.6,0.0,0.0,0,0,502.7,350.1,9.7,2810,27.5,6.3,19.9
cow426,4,Jersey,6,0,196,227,199,234,202,234,199,226,38.5,0.0,0.0,0,0,436.6,337.6,13.3,3013,122.4,4.5,18.7
cow426,5,Jersey,6,0,199,226,185,229,203,238,210,226,38.6,0.0,0.0,0,0,535.6,397.8,10.0,3033,51.7,5.8,19.7
cow426,6,Jersey,6,0,195,240,197,241,191,231,193,221,38.5,0.0,0.0,0,0,504.8,374.5,12.0,3442,78.8,4.2,23.0
cow427,1,Jersey,1,0,208,235,204,238,204,223,213,229,38.2,0.0,0.0,0,0,436.0,331.6,10.4,2619,68.0,4.5,19.9
cow427,2,Jersey,1,0,198,228,200,224,194,229,198,231,38.4,0.0,0.0,0,0,553.6,430.4,12.9,3467,120.2,5.3,19.7
cow427,3,Jersey,1,0,196,229,194,225,201,230,216,234,38.4,0.0,0.0,0,0,577.4,403.2,13.0,2489,78.3,3.6,19.6
cow427,4,Jersey,1,0,194,231,201,222,203,229,195,225,38.0,0.0,0.0,0,0,579.6,438.8,12.1,3466,214.8,4.4,20.6
cow427,5,Jersey,1,0,196,230,191,225,202,223,198,232,38.6,0.0,0.0,0,0,534.4,375.4,13.0,2314,157.3,5.2,19.1
cow427,6,Jersey,1,0,193,229,198,231,207,229,197,220,38.5,0.0,0.0,0,0,521.8,401.1,11.5,2958,45.9,4.3,22.2
cow428,1,Jersey,2,0,179,226,205,232,201,230,204,230,38.4,0.0,0.0,0,0,573.1,434.1,14.2,3650,204.0,4.1,19.6
cow428,2,Jersey,2,0,193,231,196,222,195,234,199,225,38.0,0.0,0.0,0,0,587.3,415.1,12.4,3279,99.0,5.4,18.0
cow428,3,Jersey,2,0,192,223,199,227,199,230,199,239,38.3,0.0,0.0,0,0,565.3,437.1,10.4,3168,89.3,5.6,20.1
cow428,4,Jersey,2,0,200,233,188,234,196,230,197,224,38.3,0.0,0.0,0,0,482.3,365.8,11.6,2581,142.7,5.7,19.1
cow428,5,Jersey,2,0,201,231,197,230,198,232,202,234,38.2,0.0,0.0,0,0,528.1,369.0,11.3,2706,38.7,4.0,20.2
cow428,6,Jersey,2,0,196,227,198,242,196,233,201,231,37.8,0.0,0.0,0,0,537.6,383.8,11.2,3538,30.6,4.0,20.0
cow429,1,Jersey,5,0,199,222,198,228,197,221,203,228,38.5,0.0,0.0,0,0,447.6,357.0,9.5,3189,80.8,4.1,19.2
cow429,2,Jersey,5,0,204,231,200,239,192,235,196,205,38.5,0.0,0.0,0,0,538.8,407.9,12.0,3356,52.3,5.1,20.7
cow429,3,Jersey,5,0,211,217,208,236,195,227,203,241,38.6,0.0,0.0,0,0,610.9,415.5,9.8,3030,332.7,3.5,22.6
cow429,4,Jersey,5,0,196,224,190,222,191,225,197,232,38.4,0.0,0.0,0,0,545.6,392.9,8.5,2887,46.8,3.6,17.8
cow429,5,Jersey,5,0,201,235,189,224,200,230,198,238,38.5,0.0,0.0,0,0,578.9,419.0,11.1,3307,81.7,3.9,20.0
cow429,6,Jersey,5,0,188,229,202,236,196,226,200,228,38.4,0.0,0.0,0,0,527.3,375.3,10.6,3104,90.7,3.7,19.9
cow430,1,Jersey,4,0,198,226,197,232,189,227,197,233,38.6,0.0,0.0,0,0,517.1,420.7,10.5,2932,185.9,5.2,18.7
cow430,2,Jersey,4,0,192,228,197,228,200,232,195,215,,0.0,0.0,0,0,535.3,393.4,7.8,2434,40.0,5.2,17.5
cow430,3,Jersey,4,0,205,234,190,226,199,223,194,228,38.5,0.0,0.0,0,0,487.4,359.3,10.5,3382,26.1,4.1,19.5
cow430,4,Jersey,4,0,194,231,197,232,195,229,193,228,38.9,0.0,0.0,0,0,481.4,378.3,11.3,3176,208.1,4.3,19.1
cow430,5,Jersey,4,0,199,232,203,225,199,232,207,225,38.5,0.0,0.0,0,0,570.7,403.8,10.7,2757,84.0,2.5,18.8
cow430,6,Jersey,4,0,194,221,202,225,187,238,199,227,38.6,0.0,0.0,0,0,574.9,431.1,12.0,3472,139.0,4.1,22.2
cow431,1,Jersey,3,0,201,228,202,230,194,218,198,234,38.8,0.0,0.0,0,1,255.4,201.2,15.2,1398,3979.6,9.0,13.9
cow431,2,Jersey,3,0,207,231,182,235,198,231,202,222,38.7,0.0,0.0,0,1,333.7,270.1,14.1,1405,4576.2,7.6,8.5
cow431,3,Jersey,3,0,201,234,202,221,202,233,185,221,38.9,0.0,0.0,0,1,291.5,271.8,14.7,1654,1471.5,7.1,14.3
cow431,4,Jersey,3,0,192,234,191,229,196,226,193,242,38.7,0.0,0.0,0,1,308.6,291.4,14.8,1567,1182.7,9.1,11.9
cow431,5,Jersey,3,0,171,198,191,238,199,231,199,212,39.5,0.0,0.0,0,1,313.4,252.1,12.3,1417,399.3,7.1,11.9
cow431,6,Jersey,3,0,154,180,191,237,200,233,210,230,40.5,0.0,0.0,1,1,334.8,262.8,14.0,1225,894.9,9.2,15.2
cow432,1,Jersey,4,0,196,236,200,233,206,232,203,241,38.8,0.0,0.0,0,0,523.3,392.2,12.7,3793,82.9,6.8,21.1
cow432,2,Jersey,4,0,200,226,200,229,201,235,194,230,38.5,1.0,0.0,0,0,576.4,402.6,11.0,2706,48.9,4.4,19.8
cow432,3,Jersey,4,0,200,228,207,220,209,235,202,234,38.5,0.0,0.0,0,0,532.4,382.6,10.6,3298,36.1,5.5,19.5
cow432,4,Jersey,4,0,204,232,189,226,193,229,187,234,38.5,0.0,0.0,0,0,545.0,410.8,12.1,2966,82.2,3.2,21.2
cow432,5,Jersey,4,0,202,226,198,226,193,238,207,225,38.5,0.0,0.0,0,0,486.7,350.2,9.7,3182,200.9,3.1,20.2
cow432,6,Jersey,4,0,195,235,200,228,201,228,194,229,38.6,0.0,0.0,0,0,606.3,396.4,10.2,3493,76.4,3.9,22.3
cow433,1,Jersey,1,0,190,228,201,230,208,220,188,226,38.2,0.0,0.0,0,0,538.8,367.9,10.7,2875,36.3,5.2,20.2
cow433,2,Jersey,1,0,193,232,196,238,197,235,197,232,38.3,0.0,0.0,0,0,548.5,397.3,12.0,3241,191.3,4.5,19.7
cow433,3,Jersey,1,0,187,220,192,237,209,229,195,231,38.1,0.0,0.0,0,0,455.7,307.9,11.8,3106,46.5,4.4,16.3
cow433,4,Jersey,1,0,204,232,192,230,210,233,195,225,38.4,0.0,0.0,0,0,487.1,354.9,12.7,2743,220.7,3.5,21.3
cow433,5,Jersey,1,0,199,224,204,242,200,237,191,228,38.5,0.0,0.0,0,0,569.5,384.7,10.4,3503,66.2,4.4,20.8
cow433,6,Jersey,1,0,198,218,192,229,189,224,205,225,38.5,0.0,0.0,0,0,531.5,416.4,10.3,3284,85.3,4.0,20.5
cow434,1,Jersey,3,0,202,228,196,223,203,222,181,219,38.4,0.0,0.0,0,0,443.4,373.0,12.1,2826,233.5,3.8,19.5
cow434,2,Jersey,3,0,202,228,194,221,192,233,200,238,38.7,0.0,0.0,0,0,561.5,385.9,10.5,3441,31.2,3.7,20.5
cow434,3,Jersey,3,0,210,232,197,231,196,222,206,228,38.6,0.0,0.0,0,0,498.2,371.6,10.8,2667,38.5,4.7,18.0
cow434,4,Jersey,3,0,198,227,184,237,205,223,193,223,38.6,0.0,0.0,0,0,576.5,396.6,9.3,2988,63.4,3.9,19.0
cow434,5,Jersey,3,0,197,235,203,235,192,227,200,226,38.9,0.0,0.0,0,0,516.5,372.3,11.8,2828,72.1,4.5,20.1
cow434,6,Jersey,3,0,196,245,189,227,201,236,209,238,38.6,0.0,0.0,0,0,528.2,417.4,13.3,3301,492.7,3.1,22.2
cow435,1,Jersey,2,0,201,232,194,229,190,236,204,232,38.7,0.0,0.0,0,0,567.2,399.9,10.3,2808,43.0,4.9,22.3
cow435,2,Jersey,2,0,208,237,200,227,195,229,193,224,,0.0,0.0,0,0,484.1,353.3,12.7,3303,32.3,4.7,20.6
cow435,3,Jersey,2,0,208,228,199,223,204,240,195,235,38.9,0.0,0.0,0,0,480.3,339.2,11.4,3238,41.6,4.3,22.5
cow435,4,Jersey,2,0,204,229,206,230,181,229,210,228,38.2,0.0,0.0,0,0,512.1,395.9,9.4,2850,93.2,4.6,18.8
cow435,5,Jersey,2,0,203,218,201,230,194,223,197,231,38.3,0.0,0.0,0,0,553.1,341.1,10.4,3732,111.6,5.2,20.3
cow435,6,Jersey,2,0,198,237,191,230,196,230,201,229,38.6,0.0,0.0,0,0,466.8,340.1,10.4,2702,48.7,3.3,18.3
cow436,1,Jersey,1,0,188,229,198,239,199,220,201,239,38.7,0.0,0.0,0,0,453.3,339.1,11.1,2436,80.6,4.6,17.1
cow436,2,Jersey,1,0,197,230,183,230,198,226,197,230,38.7,0.0,0.0,0,0,552.9,387.9,12.0,3342,304.5,3.5,18.9
cow436,3,Jersey,1,0,188,237,202,231,196,243,188,231,38.8,0.0,0.0,0,0,495.9,381.1,13.7,2140,81.4,4.6,19.8
cow436,4,Jersey,1,0,194,232,192,235,192,238,201,230,38.7,0.0,0.0,0,0,504.3,392.2,9.8,3597,99.2,4.3,19.4
cow436,5,Jersey,1,0,198,224,199,228,195,242,196,228,38.4,0.0,0.0,0,0,445.7,310.0,10.9,3041,292.9,4.5,19.4
cow436,6,Jersey,1,0,206,228,194,220,205,227,196,228,38.6,0.0,0.0,0,0,492.8,401.4,10.4,2429,49.0,5.2,20.2
cow437,1,Jersey,1,0,204,231,204,222,199,234,194,217,38.5,0.0,0.0,0,0,519.7,354.2,10.0,2621,46.9,5.2,23.0
cow437,2,Jersey,1,0,194,232,197,238,204,217,206,229,38.6,0.0,1.0,0,0,557.2,425.5,11.6,2346,57.4,5.4,20.3
cow437,3,Jersey,1,0,201,235,203,230,203,229,203,230,38.5,0.0,0.0,0,0,489.2,364.2,11.5,3153,55.2,4.2,18.3
cow437,4,Jersey,1,0,197,231,198,217,191,230,194,225,38.6,0.0,0.0,0,0,586.3,410.7,9.3,2469,22.6,5.1,16.1
cow437,5,Jersey,1,0,187,236,199,240,197,229,202,219,38.7,0.0,0.0,0,0,492.6,356.2,11.5,3201,87.4,4.9,18.8
cow437,6,Jersey,1,0,205,240,194,233,189,238,199,232,38.8,0.0,0.0,0,0,492.7,363.0,10.1,2878,92.3,4.2,21.7
cow438,1,Jersey,2,0,202,235,196,232,206,221,196,224,38.8,0.0,0.0,0,0,581.5,420.6,11.5,2810,69.9,4.6,18.8
cow438,2,Jersey,2,0,200,228,199,230,188,223,202,223,38.7,0.0,0.0,0,0,528.5,368.5,13.0,3204,94.2,4.4,20.3
cow438,3,Jersey,2,0,201,231,194,230,196,229,207,232,38.9,0.0,0.0,0,0,497.9,362.5,12.1,3249,94.9,5.6,20.4
cow438,4,Jersey,2,0,185,246,206,228,188,228,204,235,38.6,0.0,0.0,0,0,513.8,362.4,11.7,3458,32.0,5.1,19.0
cow438,5,Jersey,2,0,197,228,201,226,195,234,193,232,38.9,0.0,0.0,0,0,574.1,390.6,10.9,2746,97.0,4.2,20.5
cow438,6,Jersey,2,0,197,230,193,228,185,239,201,228,38.6,0.0,0.0,0,0,578.6,400.5,11.6,2988,116.8,4.2,19.7
cow439,1,Jersey,2,0,196,228,198,232,202,234,198,232,38.7,0.0,0.0,0,0,487.3,339.7,12.2,2746,26.4,5.3,22.3
cow439,2,Jersey,2,0,196,218,195,225,203,225,186,218,38.7,0.0,0.0,0,0,518.3,371.4,12.1,3065,218.2,5.6,19.0
cow439,3,Jersey,2,0,186,232,202,235,191,227,204,219,38.3,0.0,0.0,0,0,523.6,389.9,11.4,2689,33.8,4.8,21.0
cow439,4,Jersey,2,0,196,226,195,228,193,222,209,227,38.5,0.0,0.0,0,0,480.6,358.5,11.8,2830,36.2,5.0,20.1
cow439,5,Jersey,2,0,192,223,197,233,188,229,198,225,38.1,0.0,0.0,0,0,517.8,414.2,9.9,2832,91.3,5.5,20.9
cow439,6,Jersey,2,0,196,226,198,236,202,233,200,229,38.2,0.0,0.0,0,0,520.2,340.3,10.6,3117,114.9,4.4,20.3
cow440,1,Jersey,6,0,196,230,188,231,197,230,196,230,38.5,0.0,0.0,0,0,565.6,415.8,12.3,3001,135.9,4.6,17.9
cow440,2,Jersey,6,0,202,230,189,220,198,224,201,217,,0.0,0.0,0,0,568.3,409.1,12.5,3203,117.0,4.9,18.1
cow440,3,Jersey,6,0,204,227,189,228,206,228,205,229,38.4,0.0,0.0,0,0,506.8,386.8,11.6,2957,55.5,4.2,18.6
cow440,4,Jersey,6,0,186,224,191,231,200,228,193,238,38.5,0.0,0.0,0,0,511.4,387.8,13.3,2768,85.6,5.9,20.1
cow440,5,Jersey,6,0,195,220,193,229,190,233,197,228,38.6,0.0,0.0,0,0,546.6,393.0,12.1,3077,63.8,4.1,21.0
cow440,6,Jersey,6,0,198,224,195,230,194,225,200,235,38.6,0.0,0.0,0,0,496.6,369.1,11.2,2633,89.6,4.5,20.9
cow441,1,Jersey,5,0,208,225,192,240,203,230,203,239,38.4,0.0,0.0,0,1,318.5,255.7,12.0,1528,2108.4,9.5,16.2
cow441,2,Jersey,5,0,218,229,201,235,190,241,209,221,38.7,0.0,0.0,0,1,291.5,263.9,15.2,1186,1328.3,6.5,15.9
cow441,3,Jersey,5,0,224,230,195,231,195,229,203,230,39.2,1.0,0.0,0,1,256.2,197.9,14.4,1382,1508.3,8.2,12.1
cow441,4,Jersey,5,0,226,237,204,229,207,229,197,232,39.5,1.0,0.0,1,1,256.7,246.0,15.7,1388,448.5,7.5,7.7
cow441,5,Jersey,5,0,230,228,192,226,192,232,196,226,39.4,1.0,1.0,1,1,352.9,289.3,16.1,1941,3895.3,8.0,13.3
cow441,6,Jersey,5,0,239,218,203,224,199,223,201,212,40.0,1.0,1.0,0,1,288.7,242.5,12.0,1453,2536.0,7.0,16.3
cow442,1,Jersey,5,0,197,232,207,228,200,222,197,237,38.9,0.0,0.0,0,0,585.6,415.2,10.0,3029,16.1,4.2,17.8
cow442,2,Jersey,5,0,195,209,194,233,189,228,201,227,38.5,0.0,0.0,0,0,499.5,364.8,8.1,2723,137.4,4.5,20.7
cow442,3,Jersey,5,0,197,235,188,232,194,231,196,235,38.7,0.0,0.0,0,0,531.6,410.3,12.6,3321,76.6,4.7,19.7
cow442,4,Jersey,5,0,194,231,196,231,200,234,195,224,38.5,0.0,0.0,0,0,615.7,495.6,12.3,2892,41.6,5.2,20.1
cow442,5,Jersey,5,0,200,232,197,233,205,224,193,233,38.7,0.0,0.0,0,0,477.7,376.6,11.6,2390,39.1,2.6,20.3
cow442,6,Jersey,5,0,207,224,193,215,193,229,188,234,38.8,0.0,0.0,0,0,444.1,324.3,10.0,2922,49.4,4.4,20.3
cow443,1,Jersey,2,0,194,229,195,240,205,232,205,227,38.6,0.0,0.0,0,0,571.5,422.2,11.4,3077,41.7,4.4,20.1
cow443,2,Jersey,2,0,194,235,186,230,199,231,197,228,38.7,0.0,0.0,0,0,486.9,372.3,11.7,2673,45.8,4.4,21.6
cow443,3,Jersey,2,0,194,233,191,233,195,225,199,237,38.7,0.0,0.0,0,0,519.2,362.9,12.4,2953,257.2,4.5,22.2
cow443,4,Jersey,2,0,198,225,198,228,191,226,203,227,38.4,0.0,0.0,0,0,496.6,343.2,11.8,2971,102.6,3.8,20.6
cow443,5,Jersey,2,0,193,231,202,230,196,234,197,235,38.5,0.0,0.0,0,0,530.7,385.3,12.3,2978,324.2,3.3,19.1
cow443,6,Jersey,2,0,189,233,209,236,192,229,201,227,38.5,0.0,1.0,0,0,482.0,371.7,11.4,3494,92.8,4.7,19.5
cow444,1,Jersey,3,0,203,231,204,213,189,238,191,230,38.8,0.0,0.0,0,0,512.8,346.7,12.9,2475,118.5,3.7,19.3
cow444,2,Jersey,3,0,213,244,207,224,200,229,195,220,38.9,0.0,0.0,0,0,538.0,377.8,12.3,3814,43.2,4.8,22.4
cow444,3,Jersey,3,0,202,236,196,226,192,227,194,230,38.7,0.0,0.0,0,0,479.7,366.1,10.1,2987,70.7,3.8,20.2
cow444,4,Jersey,3,0,200,228,197,224,199,238,189,225,39.0,0.0,0.0,0,0,492.0,363.9,13.2,3232,75.1,5.1,21.6
cow444,5,Jersey,3,0,188,229,196,225,198,235,198,233,38.8,0.0,0.0,0,0,506.1,397.2,13.0,3051,121.9,4.5,21.6
cow444,6,Jersey,3,0,200,221,196,244,201,237,195,226,38.8,0.0,0.0,0,0,462.8,320.3,12.1,2310,76.8,4.5,20.1
cow445,1,Jersey,2,0,197,232,192,233,200,236,193,224,38.5,0.0,0.0,0,0,503.1,412.2,11.8,2577,101.3,4.3,21.9
cow445,2,Jersey,2,0,188,232,196,229,194,231,198,226,38.5,0.0,0.0,0,0,524.8,355.2,13.5,2790,98.8,4.2,19.0
cow445,3,Jersey,2,0,199,223,201,238,207,229,195,225,38.8,0.0,0.0,0,0,504.0,333.9,9.5,3397,64.4,4.3,18.1
cow445,4,Jersey,2,0,199,229,206,237,193,240,194,233,38.9,0.0,0.0,0,0,509.1,372.4,13.0,2446,60.0,5.4,20.0
cow445,5,Jersey,2,0,197,234,186,220,203,234,198,221,38.4,0.0,0.0,0,0,519.2,359.1,10.9,2658,50.0,3.3,21.8
cow445,6,Jersey,2,0,204,236,201,231,195,228,194,221,38.6,0.0,0.0,0,0,493.8,363.6,12.8,3066,167.8,4.0,21.2
cow446,1,Jersey,3,0,203,231,207,229,214,235,195,232,38.4,0.0,0.0,0,1,322.6,270.3,13.6,1489,1563.7,8.8,11.4
cow446,2,Jersey,3,0,200,224,188,230,199,225,205,230,38.5,1.0,0.0,0,1,352.4,285.9,12.0,1477,2600.8,8.7,14.1
cow446,3,Jersey,3,0,251,226,196,230,205,240,196,238,38.5,1.0,1.0,0,1,276.4,228.7,12.9,906,1758.8,9.1,12.8
cow446,4,Jersey,3,0,268,229,189,235,193,232,199,229,39.5,1.0,0.0,1,1,314.4,274.4,14.7,661,4698.0,8.0,10.1
cow446,5,Jersey,3,0,295,228,202,237,197,223,186,231,39.7,1.0,1.0,1,1,285.4,243.5,13.2,1516,401.9,6.9,9.9
cow446,6,Jersey,3,0,300,224,202,237,198,229,192,226,40.4,0.0,1.0,1,1,309.6,283.6,12.8,1873,2547.1,7.1,9.1
cow447,1,Jersey,3,0,198,227,183,234,205,222,193,223,38.3,0.0,0.0,0,0,582.6,414.3,10.7,2862,33.4,4.3,18.8
cow447,2,Jersey,3,0,200,225,193,231,196,230,194,229,38.4,0.0,0.0,0,0,540.3,374.8,12.3,2542,104.0,5.1,21.1
cow447,3,Jersey,3,0,206,230,186,228,201,231,201,229,38.3,0.0,0.0,0,0,449.1,307.1,13.6,2828,71.8,4.3,20.0
cow447,4,Jersey,3,0,197,230,210,237,196,231,206,223,38.5,0.0,0.0,0,0,538.2,387.8,8.9,3158,28.6,4.2,19.5
cow447,5,Jersey,3,0,193,227,199,234,190,234,198,230,38.5,0.0,0.0,0,0,569.3,386.7,14.9,2907,100.3,4.8,19.8
cow447,6,Jersey,3,0,197,235,201,232,185,223,187,232,38.3,0.0,0.0,0,0,511.1,350.4,11.7,3563,92.7,4.5,19.5
cow448,1,Jersey,2,0,194,221,188,219,207,235,205,233,38.4,0.0,0.0,0,0,559.8,413.4,12.2,3370,67.7,4.1,17.7
cow448,2,Jersey,2,0,199,232,200,229,207,226,200,221,38.4,0.0,0.0,0,0,492.4,331.4,11.0,3074,73.9,3.7,17.7
cow448,3,Jersey,2,0,200,223,200,232,207,222,189,229,38.2,0.0,0.0,0,0,460.6,369.8,11.5,2218,88.8,5.3,20.6
cow448,4,Jersey,2,0,181,246,200,231,196,232,204,230,38.4,0.0,0.0,0,0,525.6,386.3,11.7,2723,179.3,5.3,18.9
cow448,5,Jersey,2,0,198,221,189,234,199,236,202,220,38.6,0.0,0.0,0,0,449.7,337.1,10.2,2781,63.9,3.7,17.9
cow448,6,Jersey,2,0,197,228,188,226,194,232,197,224,38.3,0.0,0.0,0,0,510.4,355.6,10.5,2701,159.9,4.2,20.8
cow449,1,Jersey,6,0,202,231,192,227,200,228,188,227,38.2,0.0,0.0,0,0,571.5,424.6,12.9,3076,77.4,5.0,21.4
cow449,2,Jersey,6,0,185,225,195,223,201,222,195,238,38.2,0.0,0.0,0,0,443.6,334.1,9.6,3085,194.4,3.6,21.5
cow449,3,Jersey,6,0,195,220,196,230,197,226,192,226,38.4,0.0,0.0,0,0,468.8,336.9,12.0,2330,67.5,4.8,21.4
cow449,4,Jersey,6,0,203,230,196,224,204,238,184,229,38.0,0.0,0.0,0,0,478.7,358.8,11.1,3322,50.1,4.2,19.7
cow449,5,Jersey,6,0,189,227,191,224,198,232,194,228,38.3,0.0,0.0,0,0,517.5,348.2,10.3,3006,37.2,3.5,20.4
cow449,6,Jersey,6,0,192,224,195,228,198,226,182,232,37.9,0.0,0.0,0,0,505.4,341.8,13.9,3143,77.6,5.9,19.3
cow450,1,Jersey,4,0,208,217,195,229,197,216,197,235,37.9,0.0,0.0,0,1,351.0,268.4,12.4,1598,1052.9,7.7,11.2
cow450,2,Jersey,4,0,219,255,251,241,196,225,187,236,38.8,1.0,0.0,0,1,333.2,284.2,12.1,993,6188.3,8.4,13.5
cow450,3,Jersey,4,0,230,264,267,220,201,225,200,239,39.0,0.0,0.0,0,1,314.8,266.8,13.3,1804,988.7,7.1,12.1
cow450,4,Jersey,4,0,219,269,279,223,200,237,199,229,39.2,1.0,0.0,1,1,300.8,277.4,12.6,1243,1144.2,9.2,5.9
cow450,5,Jersey,4,0,239,267,289,238,205,242,203,233,39.8,1.0,1.0,1,1,310.7,247.9,13.5,1905,3187.0,9.6,15.5
cow450,6,Jersey,4,0,238,284,303,227,205,228,198,239,39.6,1.0,1.0,1,1,260.5,244.7,13.7,942,5188.3,6.8,11.4
cow451,1,Jersey,5,0,215,234,197,240,199,232,193,221,38.6,0.0,0.0,0,0,554.3,398.5,11.8,3575,131.6,4.4,18.6
cow451,2,Jersey,5,0,187,216,195,241,196,223,203,233,38.7,0.0,0.0,0,0,475.5,336.3,11.4,2638,165.0,5.6,20.7
cow451,3,Jersey,5,0,189,226,195,224,191,227,193,227,38.6,0.0,0.0,0,0,553.4,407.0,10.7,4020,75.2,4.1,19.7
cow451,4,Jersey,5,0,198,231,202,235,201,240,190,223,38.6,0.0,0.0,0,0,567.4,407.3,12.3,2619,75.9,4.8,17.7
cow451,5,Jersey,5,0,192,226,189,244,205,234,181,226,38.4,0.0,0.0,0,0,528.4,373.7,11.4,3423,318.8,3.2,19.6
cow451,6,Jersey,5,0,196,229,201,224,193,229,192,223,38.5,0.0,0.0,0,0,513.0,376.5,10.9,2855,255.3,3.9,18.6
cow452,1,Jersey,6,0,202,222,197,227,211,224,201,225,38.6,0.0,0.0,0,0,536.0,387.3,13.3,3286,130.1,4.7,19.1
cow452,2,Jersey,6,0,198,229,196,235,196,234,197,223,38.5,0.0,1.0,0,0,405.5,308.6,11.4,2984,170.6,4.0,20.5
cow452,3,Jersey,6,0,212,237,207,229,194,228,196,234,38.7,0.0,0.0,0,0,532.1,379.8,12.8,2564,143.7,4.2,19.6
cow452,4,Jersey,6,0,204,232,191,232,190,230,196,232,38.8,0.0,0.0,0,0,515.5,353.8,13.0,1881,34.5,3.3,20.4
cow452,5,Jersey,6,0,195,227,190,236,196,234,200,227,38.6,0.0,0.0,0,0,518.0,380.1,13.0,4003,77.3,5.0,20.5
cow452,6,Jersey,6,0,194,222,192,234,195,225,195,222,38.4,0.0,0.0,0,0,548.3,382.5,12.3,3029,223.4,3.4,20.2
cow453,1,Jersey,1,0,200,219,207,239,206,233,199,233,38.5,0.0,0.0,0,0,517.0,359.8,11.5,1823,130.6,5.7,21.4
cow453,2,Jersey,1,0,201,233,206,239,201,229,203,225,38.4,0.0,0.0,0,0,474.4,348.3,11.4,3121,76.0,4.0,20.8
cow453,3,Jersey,1,0,196,229,194,235,188,227,195,228,38.5,0.0,0.0,0,0,514.3,389.8,11.2,3276,225.2,5.1,20.1
cow453,4,Jersey,1,0,196,221,204,226,215,229,188,234,38.6,0.0,0.0,0,0,522.7,385.0,8.9,2714,102.5,5.1,21.2
cow453,5,Jersey,1,0,192,227,192,231,200,232,191,230,38.7,0.0,0.0,0,0,524.6,373.2,12.4,2717,133.9,3.7,21.3
cow453,6,Jersey,1,0,198,217,203,231,199,231,190,226,38.5,0.0,0.0,0,0,526.5,373.6,11.8,2992,102.9,4.0,21.3
cow454,1,Jersey,3,0,195,233,199,241,199,235,194,230,38.6,0.0,0.0,0,0,561.6,416.4,12.5,3481,115.4,4.1,21.4
cow454,2,Jersey,3,0,190,223,199,228,197,227,202,229,38.8,0.0,0.0,0,0,476.6,310.8,11.4,3040,121.3,4.2,18.0
cow454,3,Jersey,3,0,203,236,191,244,211,234,198,224,39.0,0.0,0.0,0,0,527.0,398.6,12.3,3585,194.9,3.5,19.0
cow454,4,Jersey,3,0,198,223,189,229,194,224,188,239,38.9,0.0,0.0,0,0,571.6,377.2,9.8,3452,213.3,4.9,20.5
cow454,5,Jersey,3,0,185,231,206,241,200,225,199,227,38.6,0.0,0.0,0,0,450.6,312.9,10.1,2908,58.2,3.9,19.9
cow454,6,Jersey,3,0,204,232,190,237,208,224,200,227,38.2,0.0,0.0,0,0,527.2,375.1,8.5,2372,101.5,4.4,23.9
cow455,1,Jersey,1,0,206,230,188,226,204,214,194,230,38.6,0.0,0.0,0,1,271.6,280.0,13.3,1209,5557.2,8.8,9.4
cow455,2,Jersey,1,0,196,229,194,230,190,232,183,231,38.8,0.0,0.0,0,1,280.2,276.3,12.6,1511,1794.5,8.5,9.6
cow455,3,Jersey,1,0,202,227,202,223,188,231,188,238,38.7,0.0,0.0,0,1,258.8,246.0,12.4,1324,694.8,7.5,14.4
cow455,4,Jersey,1,0,200,307,202,226,193,233,204,230,39.4,0.0,1.0,0,1,288.2,257.3,13.9,1554,959.3,8.8,13.7
cow455,5,Jersey,1,0,199,333,206,228,203,227,192,226,40.0,1.0,1.0,0,1,368.7,265.7,13.0,1645,1014.3,8.5,8.3
cow455,6,Jersey,1,0,197,368,197,230,199,224,195,224,40.7,1.0,1.0,1,1,244.4,227.5,11.8,1512,1379.2,7.4,13.6
cow456,1,Jersey,3,0,205,224,190,227,197,231,194,231,38.7,0.0,0.0,0,0,473.2,342.0,14.6,2890,47.4,4.1,19.9
cow456,2,Jersey,3,0,204,231,202,236,196,235,180,225,38.4,0.0,0.0,0,0,467.9,334.1,11.5,3208,161.7,5.3,20.6
cow456,3,Jersey,3,0,193,226,188,223,199,233,197,229,38.4,0.0,0.0,0,0,589.1,424.2,10.2,3894,65.6,5.1,18.8
cow456,4,Jersey,3,0,197,225,197,229,195,230,200,231,38.5,0.0,0.0,0,0,501.5,360.4,10.7,2404,189.8,3.3,22.1
cow456,5,Jersey,3,0,198,224,200,226,195,221,206,237,38.9,0.0,0.0,0,0,519.0,395.0,11.3,3195,36.4,3.7,22.7
cow456,6,Jersey,3,0,200,215,201,225,188,232,205,241,38.7,0.0,0.0,0,0,503.9,335.5,11.3,3733,62.2,5.1,18.9
cow457,1,Jersey,3,0,199,231,202,215,206,233,197,225,37.8,0.0,0.0,0,0,482.2,358.7,13.1,2530,85.4,3.6,17.9
cow457,2,Jersey,3,0,197,222,200,232,204,216,203,229,38.0,0.0,0.0,0,0,510.6,358.5,11.4,3400,139.1,5.1,19.0
cow457,3,Jersey,3,0,202,237,193,242,203,234,190,229,37.9,0.0,0.0,1,0,618.3,431.6,13.7,3454,175.0,6.0,21.9
cow457,4,Jersey,3,0,193,228,204,230,195,222,197,237,38.0,0.0,0.0,0,0,575.7,418.9,11.0,2409,54.8,4.8,19.0
cow457,5,Jersey,3,0,199,233,178,231,199,220,191,232,37.9,0.0,0.0,0,0,485.9,339.4,12.0,3285,157.8,3.8,19.4
cow457,6,Jersey,3,0,195,237,201,232,191,232,212,218,37.9,0.0,0.0,0,0,545.9,398.5,12.7,2891,24.9,4.6,18.4
cow458,1,Jersey,6,0,194,242,190,238,200,240,199,223,38.5,1.0,0.0,0,0,486.7,356.2,12.9,2976,145.0,5.3,21.7
cow458,2,Jersey,6,0,194,222,194,225,199,234,205,240,38.2,0.0,0.0,0,0,448.9,325.5,13.1,2870,31.5,4.6,20.5
cow458,3,Jersey,6,0,196,234,200,222,198,230,200,245,38.5,0.0,0.0,0,0,560.8,396.0,11.2,3525,108.1,4.9,20.5
cow458,4,Jersey,6,0,203,232,189,223,209,230,199,221,38.7,0.0,0.0,0,0,566.4,405.1,11.5,2955,173.3,3.9,18.9
cow458,5,Jersey,6,0,194,232,199,230,187,226,203,226,38.4,0.0,0.0,0,0,561.8,391.3,8.5,2815,146.6,3.9,19.9
cow458,6,Jersey,6,0,193,229,202,234,203,232,189,232,38.5,0.0,0.0,0,0,501.2,368.9,11.3,2821,25.6,5.2,19.7
cow459,1,Jersey,3,0,197,238,195,233,200,231,192,235,38.4,0.0,0.0,0,0,513.3,371.0,12.8,2864,58.3,3.9,21.0
cow459,2,Jersey,3,0,197,228,202,224,192,218,207,228,38.4,0.0,0.0,0,0,550.0,387.0,12.6,2568,130.3,2.5,21.9
cow459,3,Jersey,3,0,188,233,197,227,202,222,200,232,38.5,0.0,0.0,0,0,535.7,418.0,11.4,2811,127.8,4.3,18.4
cow459,4,Jersey,3,0,203,230,200,231,199,240,203,232,38.5,0.0,0.0,0,0,504.3,378.0,13.5,3047,96.1,4.8,18.9
cow459,5,Jersey,3,0,208,227,195,229,205,241,193,229,38.3,0.0,0.0,0,0,455.2,334.3,11.0,3162,17.4,5.3,19.8
cow459,6,Jersey,3,0,188,230,200,230,207,228,198,231,38.7,0.0,0.0,0,0,524.6,385.4,10.6,3482,181.7,5.8,19.8
cow460,1,Jersey,1,0,194,232,187,234,198,229,191,221,38.7,0.0,0.0,0,0,563.2,387.4,10.9,3096,205.5,4.6,18.4
cow460,2,Jersey,1,0,203,235,206,235,201,221,197,237,38.5,0.0,0.0,0,0,472.1,343.4,10.2,2810,88.9,5.0,19.3
cow460,3,Jersey,1,0,195,238,204,230,199,232,204,235,38.3,0.0,0.0,0,0,545.6,389.6,12.2,2596,93.0,4.6,18.7
cow460,4,Jersey,1,0,207,228,207,228,202,239,205,225,38.7,0.0,0.0,0,0,533.3,365.5,11.8,3118,112.4,4.8,19.1
cow460,5,Jersey,1,0,199,225,194,241,197,221,201,218,38.6,0.0,0.0,0,0,550.0,405.0,12.2,2953,217.8,4.4,19.8
cow460,6,Jersey,1,0,194,222,205,232,200,232,201,231,38.5,0.0,0.0,0,0,554.9,391.8,11.0,2966,94.4,4.8,17.8
cow461,1,Jersey,5,0,199,241,203,230,191,227,205,235,38.5,0.0,0.0,0,0,492.2,356.9,11.4,3105,69.6,3.9,20.2
cow461,2,Jersey,5,0,195,227,186,234,209,231,193,234,38.4,0.0,0.0,0,0,455.3,331.0,8.9,3208,103.4,6.1,21.1
cow461,3,Jersey,5,0,207,238,196,231,192,228,191,238,38.7,0.0,0.0,0,0,498.7,420.5,12.0,3108,78.8,2.6,20.8
cow461,4,Jersey,5,0,195,229,187,227,193,225,211,221,38.5,0.0,0.0,0,0,555.6,389.4,11.6,2932,79.4,5.0,22.0
cow461,5,Jersey,5,0,194,229,203,222,192,223,202,233,38.6,0.0,0.0,0,0,498.3,329.8,10.2,2679,23.5,4.8,22.1
cow461,6,Jersey,5,0,203,227,195,237,201,238,206,230,38.8,0.0,0.0,0,0,492.2,334.5,11.4,2755,114.0,4.8,20.1
cow462,1,Jersey,6,0,196,228,199,226,194,224,206,232,38.5,0.0,0.0,0,0,447.1,350.0,11.2,3339,178.4,3.6,22.6
cow462,2,Jersey,6,0,192,227,196,236,192,231,200,224,38.5,0.0,0.0,0,0,590.1,446.1,13.6,2831,160.7,3.2,21.5
cow462,3,Jersey,6,0,192,231,199,235,203,220,200,231,,0.0,0.0,0,0,553.0,387.5,10.2,2462,153.2,5.0,18.6
cow462,4,Jersey,6,0,192,235,201,220,194,229,188,232,38.7,0.0,0.0,0,0,550.8,421.5,11.9,3464,76.6,5.6,19.1
cow462,5,Jersey,6,0,201,226,200,239,191,222,192,228,38.7,0.0,0.0,0,0,558.7,416.6,10.2,2623,87.8,4.7,19.7
cow462,6,Jersey,6,0,198,229,203,221,199,231,205,241,38.7,0.0,0.0,0,0,543.1,390.4,10.8,3014,180.9,5.1,20.5
cow463,1,Jersey,6,0,204,233,197,222,191,229,194,233,38.3,0.0,0.0,0,1,285.2,244.4,13.8,1496,4014.0,7.6,15.3
cow463,2,Jersey,6,0,200,229,197,238,189,237,202,230,38.3,0.0,0.0,0,1,288.4,254.3,13.2,1301,6610.4,8.3,13.0
cow463,3,Jersey,6,0,191,296,203,231,208,234,199,225,38.8,1.0,1.0,0,1,277.9,260.5,13.5,309,1160.2,9.0,12.6
cow463,4,Jersey,6,0,205,319,194,240,204,229,198,233,39.0,1.0,1.0,0,1,400.4,325.4,13.9,1456,1154.4,7.7,9.1
cow463,5,Jersey,6,0,201,340,198,220,202,220,191,234,39.2,1.0,1.0,1,1,317.2,256.2,12.9,1831,1526.2,8.9,13.3
cow463,6,Jersey,6,0,204,351,195,226,195,226,191,235,40.1,1.0,1.0,1,1,276.4,240.7,14.6,1615,933.1,6.7,9.2
cow464,1,Jersey,2,0,193,222,203,223,197,232,198,224,38.3,0.0,0.0,0,0,538.6,426.8,11.1,2150,31.9,4.0,19.2
cow464,2,Jersey,2,0,199,225,200,230,197,231,191,227,38.7,0.0,0.0,0,0,479.6,360.3,11.4,3851,109.8,4.9,22.6
cow464,3,Jersey,2,0,191,234,191,229,197,217,198,233,38.5,0.0,0.0,0,0,580.2,431.8,11.9,2470,104.8,6.0,20.3
cow464,4,Jersey,2,0,199,235,188,227,197,244,195,224,38.5,0.0,0.0,0,0,493.6,373.9,11.8,2569,94.2,4.5,17.8
cow464,5,Jersey,2,0,192,218,196,240,202,223,202,234,38.3,0.0,0.0,0,0,540.0,396.9,12.3,3313,101.4,3.7,19.2
cow464,6,Jersey,2,0,189,223,191,234,203,239,195,227,38.6,0.0,0.0,0,0,562.6,407.5,11.9,3181,28.9,6.0,17.5
cow465,1,Jersey,6,0,204,222,199,238,202,231,197,230,38.4,0.0,0.0,0,0,535.4,405.4,12.1,3032,57.0,4.4,20.6
cow465,2,Jersey,6,0,192,226,199,235,191,241,188,208,38.4,0.0,0.0,0,0,523.8,395.2,11.1,2772,64.9,5.0,21.9
cow465,3,Jersey,6,0,201,226,198,229,196,224,199,230,38.4,0.0,0.0,0,0,520.4,385.0,10.2,3532,82.1,4.2,24.0
cow465,4,Jersey,6,0,199,225,206,232,196,227,195,223,38.5,0.0,0.0,0,0,517.7,366.2,9.8,2984,29.0,4.6,19.7
cow465,5,Jersey,6,0,201,237,196,231,199,225,200,221,38.4,0.0,0.0,0,0,496.9,373.1,9.5,2374,41.8,4.1,18.9
cow465,6,Jersey,6,0,194,231,205,235,199,234,207,225,38.4,0.0,0.0,0,0,502.0,368.0,13.6,3493,58.8,6.3,19.9
cow466,1,Jersey,5,0,187,230,202,232,202,214,194,228,38.5,0.0,0.0,0,0,579.2,410.0,8.8,3088,165.0,5.5,21.8
cow466,2,Jersey,5,0,190,230,186,220,202,231,198,225,38.5,0.0,0.0,0,0,515.7,425.6,12.9,3446,95.2,5.9,21.2
cow466,3,Jersey,5,0,205,240,191,227,203,224,190,244,38.8,0.0,0.0,0,0,488.6,333.4,10.5,3229,160.9,3.9,21.6
cow466,4,Jersey,5,0,205,225,193,223,201,226,196,234,38.7,0.0,0.0,0,0,499.3,384.9,12.9,3957,73.0,3.0,21.7
cow466,5,Jersey,5,0,199,221,189,228,194,234,203,237,38.8,0.0,0.0,0,0,564.0,390.9,8.9,2876,79.5,4.3,20.7
cow466,6,Jersey,5,0,196,226,190,238,199,242,201,230,38.6,0.0,0.0,0,0,547.0,398.6,11.2,3006,112.1,6.5,18.6
cow467,1,Jersey,1,0,202,234,193,230,206,222,206,231,38.4,0.0,0.0,0,1,317.4,314.7,15.2,1588,1729.7,7.7,8.1
cow467,2,Jersey,1,0,199,235,247,225,198,230,200,228,38.6,0.0,1.0,1,1,284.7,231.5,14.4,1178,1206.0,8.8,10.7
cow467,3,Jersey,1,0,197,233,268,241,203,218,191,220,38.5,0.0,0.0,1,1,317.9,255.7,13.1,1621,600.6,7.2,10.1
cow467,4,Jersey,1,0,193,229,277,221,197,230,196,220,38.9,1.0,1.0,1,1,269.3,239.2,11.2,200,1232.3,7.3,11.5
cow467,5,Jersey,1,0,189,240,296,233,193,223,193,231,39.3,1.0,1.0,1,1,284.6,233.5,11.9,1271,3914.4,7.9,16.1
cow467,6,Jersey,1,0,190,228,303,242,197,225,200,240,,,,1,1,333.8,294.2,15.2,1259,5511.1,9.7,9.6
cow468,1,Jersey,2,0,191,242,205,230,202,227,204,228,38.5,0.0,0.0,0,0,555.0,391.4,11.1,2944,46.6,5.4,20.1
cow468,2,Jersey,2,0,190,229,210,225,200,224,210,221,38.4,0.0,0.0,0,0,480.7,368.2,11.4,2649,24.0,2.9,20.2
cow468,3,Jersey,2,0,206,227,196,227,201,227,194,221,38.4,0.0,0.0,0,0,485.8,335.5,11.8,3362,150.7,5.0,19.6
cow468,4,Jersey,2,0,193,252,199,219,202,244,191,223,38.6,0.0,0.0,0,0,524.3,350.1,9.9,2798,83.3,3.6,19.7
cow468,5,Jersey,2,0,191,233,198,230,187,221,195,236,38.3,0.0,0.0,0,0,589.0,417.3,12.0,3080,31.3,4.0,18.2
cow468,6,Jersey,2,0,193,229,208,232,196,233,201,231,38.5,0.0,0.0,0,0,443.4,305.8,11.0,2985,9.3,4.9,21.4
cow469,1,Jersey,1,0,197,231,199,228,207,230,198,225,38.2,0.0,0.0,0,0,531.1,414.0,11.9,3200,40.8,5.6,18.6
cow469,2,Jersey,1,0,199,235,205,226,194,235,193,236,38.5,0.0,0.0,0,0,465.0,319.4,10.8,3572,57.7,5.6,18.2
cow469,3,Jersey,1,0,200,221,202,231,205,229,204,236,38.4,0.0,0.0,0,0,494.6,346.1,9.6,3078,35.9,4.8,19.9
cow469,4,Jersey,1,0,202,222,184,234,205,223,194,236,38.2,0.0,0.0,0,0,505.4,378.7,11.0,3337,128.1,4.8,21.0
cow469,5,Jersey,1,0,207,240,199,230,209,237,209,225,38.1,0.0,0.0,0,0,503.2,359.4,12.3,3058,45.3,5.6,18.3
cow469,6,Jersey,1,0,188,220,196,225,199,225,206,223,37.9,0.0,0.0,0,0,498.6,339.9,12.0,2798,80.1,3.2,20.6
cow470,1,Jersey,3,0,195,237,191,225,198,224,197,225,38.3,0.0,0.0,1,0,520.3,416.9,11.5,2943,409.3,6.0,20.3
cow470,2,Jersey,3,0,191,235,190,223,198,231,194,233,38.1,0.0,0.0,0,0,498.6,349.1,12.6,2887,86.1,3.9,20.4
cow470,3,Jersey,3,0,192,237,201,228,200,235,200,230,38.2,0.0,0.0,0,0,461.5,341.4,11.3,3227,73.3,4.7,20.6
cow470,4,Jersey,3,0,193,229,202,229,192,224,204,232,38.3,0.0,0.0,0,0,551.2,395.0,11.6,3043,74.5,4.1,17.4
cow470,5,Jersey,3,0,200,225,193,233,190,223,193,232,38.2,0.0,0.0,0,0,550.1,410.9,10.9,2682,126.1,3.6,19.5
cow470,6,Jersey,3,0,209,222,206,235,195,225,202,221,38.3,0.0,0.0,0,0,553.7,408.6,12.6,2911,115.8,4.9,18.8
cow471,1,Jersey,6,0,204,219,201,237,191,230,192,231,38.7,0.0,0.0,0,0,458.4,328.1,11.8,2390,39.7,4.7,17.2
cow471,2,Jersey,6,0,205,227,196,228,199,227,193,234,38.4,0.0,0.0,0,0,532.0,381.3,10.8,2926,59.8,4.4,18.7
cow471,3,Jersey,6,0,202,226,190,239,200,229,198,239,38.4,0.0,0.0,0,0,547.0,392.1,9.7,3001,50.1,4.4,19.0
cow471,4,Jersey,6,0,198,230,198,219,191,220,209,229,38.0,0.0,0.0,0,0,478.8,368.7,12.8,3723,65.3,5.7,23.4
cow471,5,Jersey,6,0,189,224,193,241,184,229,194,235,38.4,0.0,0.0,0,0,520.4,359.2,10.6,3539,280.5,6.3,21.9
cow471,6,Jersey,6,0,192,236,195,232,197,234,196,224,38.2,0.0,0.0,0,0,515.3,413.5,11.6,2586,121.7,5.5,21.1
cow472,1,Jersey,5,0,200,226,196,237,202,228,198,227,38.7,0.0,0.0,0,1,368.7,285.5,16.3,1381,1871.0,8.2,12.2
cow472,2,Jersey,5,0,201,239,199,223,197,239,198,223,38.6,0.0,0.0,0,1,372.0,301.0,14.5,1388,5439.8,6.7,13.5
cow472,3,Jersey,5,0,218,260,227,228,212,226,193,215,39.4,1.0,0.0,0,1,228.4,194.2,15.4,1208,2322.5,8.5,13.6
cow472,4,Jersey,5,0,231,265,229,238,204,229,223,228,39.3,1.0,1.0,1,1,394.8,291.5,12.9,1233,532.9,8.5,11.0
cow472,5,Jersey,5,0,230,264,235,233,194,227,200,223,40.2,1.0,1.0,1,1,258.4,217.3,14.8,1158,7627.6,8.6,15.1
cow472,6,Jersey,5,0,234,276,244,236,193,227,202,235,40.2,1.0,1.0,1,1,334.2,261.1,13.5,2049,1759.0,7.1,12.0
cow473,1,Jersey,3,0,200,237,197,228,199,228,201,228,38.3,0.0,0.0,0,0,558.8,395.8,11.9,2834,16.7,5.2,18.3
cow473,2,Jersey,3,0,200,235,201,225,195,237,195,229,38.5,0.0,0.0,0,0,480.2,338.5,13.9,3136,26.3,5.7,20.6
cow473,3,Jersey,3,0,194,225,195,227,195,221,189,230,38.5,0.0,0.0,0,0,539.7,404.4,11.2,1988,173.1,3.7,19.7
cow473,4,Jersey,3,0,201,225,196,232,191,228,193,226,38.3,0.0,0.0,0,0,515.7,363.3,11.5,3329,26.6,5.0,18.0
cow473,5,Jersey,3,0,196,231,198,243,199,230,202,232,38.5,0.0,0.0,0,0,542.2,377.2,10.4,3474,201.7,3.9,21.4
cow473,6,Jersey,3,0,203,230,197,237,198,237,207,229,38.4,0.0,0.0,0,0,529.2,378.5,12.6,2579,84.0,4.4,18.2
cow474,1,Jersey,6,0,203,228,192,233,198,229,201,220,38.9,0.0,0.0,0,0,567.9,426.6,10.8,2795,130.1,3.7,21.7
cow474,2,Jersey,6,0,192,225,203,223,204,233,202,222,38.5,0.0,0.0,0,0,523.0,385.7,12.7,3181,66.5,4.2,21.2
cow474,3,Jersey,6,0,208,233,197,222,200,235,202,223,38.5,0.0,0.0,0,0,513.3,374.2,9.5,3008,114.0,4.2,20.7
cow474,4,Jersey,6,0,204,224,184,225,193,225,190,223,38.4,0.0,0.0,0,0,563.8,380.5,12.2,3187,98.8,4.8,19.2
cow474,5,Jersey,6,0,209,231,198,232,195,229,195,232,38.2,0.0,0.0,0,0,543.2,373.4,10.7,2885,77.3,5.2,21.5
cow474,6,Jersey,6,0,193,223,195,226,201,229,192,241,38.1,0.0,0.0,0,0,549.3,374.6,12.4,3745,38.1,5.5,21.9
cow475,1,Jersey,2,0,189,224,205,222,198,234,201,235,38.5,0.0,0.0,0,0,493.4,387.6,11.5,2732,101.8,4.0,19.2
cow475,2,Jersey,2,0,191,224,196,227,194,229,199,229,38.5,0.0,0.0,0,0,478.2,364.5,10.9,4077,22.6,4.8,17.6
cow475,3,Jersey,2,0,200,222,201,222,195,235,196,231,38.5,0.0,0.0,0,0,497.3,350.9,11.0,3497,151.2,3.6,20.9
cow475,4,Jersey,2,0,192,236,194,225,203,231,188,235,38.7,0.0,0.0,0,0,495.2,354.9,10.5,3333,91.0,4.4,20.5
cow475,5,Jersey,2,0,199,218,201,224,201,225,192,229,38.6,0.0,0.0,0,0,551.4,384.0,12.5,2584,109.5,4.5,19.9
cow475,6,Jersey,2,0,189,225,193,230,193,230,207,223,38.6,0.0,0.0,0,0,559.0,387.5,10.2,3364,13.0,3.8,20.3
cow476,1,Jersey,2,0,207,228,201,231,197,235,209,231,38.6,0.0,0.0,0,0,513.8,384.6,11.2,3242,36.5,4.9,20.1
cow476,2,Jersey,2,0,198,235,197,220,194,231,200,222,38.5,0.0,0.0,0,0,577.2,409.2,11.9,2152,56.0,4.4,21.6
cow476,3,Jersey,2,0,209,227,202,228,206,233,190,221,38.3,0.0,0.0,0,0,574.7,450.3,13.4,2438,126.5,4.6,20.5
cow476,4,Jersey,2,0,204,234,204,227,205,225,189,232,38.7,0.0,0.0,0,0,529.7,408.3,11.5,3143,41.4,5.5,18.3
cow476,5,Jersey,2,0,188,240,199,234,195,230,193,227,38.5,0.0,0.0,0,0,487.1,383.8,11.2,2947,461.7,4.2,22.7
cow476,6,Jersey,2,0,204,231,197,240,196,225,196,224,38.5,0.0,0.0,0,0,583.0,429.9,11.8,2793,66.2,5.2,20.7
cow477,1,Jersey,3,0,203,233,192,232,188,230,195,231,38.5,0.0,0.0,0,0,517.6,370.9,9.0,3432,39.4,5.7,20.4
cow477,2,Jersey,3,0,192,233,187,230,181,229,192,232,38.7,0.0,0.0,0,0,525.0,393.8,10.1,2646,69.8,5.6,19.8
cow477,3,Jersey,3,0,195,231,188,226,194,227,202,233,38.5,0.0,0.0,0,0,506.4,365.6,11.0,2818,41.2,4.3,19.9
cow477,4,Jersey,3,0,183,231,200,223,185,241,193,228,38.6,0.0,0.0,0,0,484.4,388.0,10.6,2741,35.1,3.7,19.4
cow477,5,Jersey,3,0,197,224,193,225,200,233,192,224,38.6,0.0,0.0,0,0,461.3,352.0,9.6,3204,159.7,3.9,20.5
cow477,6,Jersey,3,0,203,225,200,239,194,233,198,241,38.7,0.0,0.0,0,0,545.3,399.9,12.5,2312,113.2,3.2,19.2
cow478,1,Jersey,4,0,196,225,190,235,191,224,196,226,38.5,0.0,0.0,0,0,488.7,363.5,11.8,2801,113.5,5.0,19.6
cow478,2,Jersey,4,0,199,229,195,241,198,231,192,228,38.4,0.0,0.0,0,0,642.4,484.8,11.7,2311,191.9,5.1,18.5
cow478,3,Jersey,4,0,192,229,201,234,201,227,202,217,38.7,0.0,0.0,0,0,476.6,328.1,10.7,2875,111.2,4.6,19.9
cow478,4,Jersey,4,0,190,231,187,227,188,229,191,234,38.5,0.0,0.0,0,0,469.7,382.9,11.6,3289,38.0,3.4,20.5
cow478,5,Jersey,4,0,182,233,193,220,206,219,212,225,38.4,0.0,0.0,0,0,540.4,388.9,12.1,3296,129.6,4.2,20.6
cow478,6,Jersey,4,0,187,231,199,230,202,229,197,235,38.5,0.0,0.0,0,0,581.2,391.4,11.2,2709,36.5,5.6,19.5
cow479,1,Jersey,5,0,208,228,193,218,188,232,194,236,,,,0,0,522.6,368.0,12.0,3213,57.1,5.0,20.3
cow479,2,Jersey,5,0,202,237,201,235,193,227,206,227,38.5,0.0,0.0,0,0,542.9,364.0,10.5,2926,77.0,5.1,18.4
cow479,3,Jersey,5,0,210,228,196,234,193,224,213,243,38.7,0.0,0.0,0,0,446.3,347.5,11.6,3544,71.8,7.1,19.3
cow479,4,Jersey,5,0,202,223,189,233,193,234,200,235,38.6,0.0,0.0,0,0,492.9,345.1,12.9,2948,23.0,4.8,20.1
cow479,5,Jersey,5,0,205,216,195,231,195,232,199,235,38.4,0.0,0.0,0,0,477.1,357.3,13.0,1811,40.7,2.8,20.5
cow479,6,Jersey,5,0,194,236,202,230,206,237,182,224,38.5,0.0,0.0,0,0,444.2,354.9,13.1,3358,78.2,3.6,21.8
cow480,1,Jersey,2,0,191,242,195,229,205,230,192,224,38.3,0.0,0.0,0,1,299.7,245.7,13.8,1116,1219.7,8.2,15.0
cow480,2,Jersey,2,0,186,223,195,227,194,232,199,224,38.7,0.0,0.0,0,1,205.3,196.3,13.5,1190,4945.3,8.0,8.7
cow480,3,Jersey,2,0,199,214,193,226,211,226,195,219,38.8,0.0,0.0,0,1,242.1,199.8,13.0,1434,5677.0,7.9,9.9
cow480,4,Jersey,2,0,197,226,196,234,196,221,196,231,38.5,0.0,0.0,0,1,273.5,235.1,11.3,730,808.8,7.9,11.0
cow480,5,Jersey,2,0,199,317,174,230,190,223,193,227,39.3,0.0,1.0,1,1,261.7,281.4,11.9,1330,2093.7,7.4,10.7
cow480,6,Jersey,2,0,194,358,156,229,188,224,191,233,40.9,0.0,0.0,0,1,310.9,278.5,13.3,1514,7144.2,8.3,15.8
cow481,1,Jersey,6,0,199,237,205,215,197,228,197,231,39.1,0.0,0.0,0,0,532.2,382.6,11.4,3146,72.4,5.6,17.9
cow481,2,Jersey,6,0,202,214,208,227,194,226,198,224,39.0,0.0,0.0,0,0,555.8,390.4,13.2,2760,60.0,5.9,22.3
cow481,3,Jersey,6,0,188,228,199,218,201,227,197,222,38.7,0.0,0.0,0,0,550.1,397.3,13.1,3397,143.9,5.9,17.5
cow481,4,Jersey,6,0,199,238,199,233,198,228,188,222,38.7,0.0,0.0,0,0,565.6,409.7,10.7,2601,65.7,3.7,20.1
cow481,5,Jersey,6,0,199,235,182,233,202,231,200,233,38.8,0.0,0.0,0,0,519.9,372.4,12.5,2750,191.1,4.5,21.1
cow481,6,Jersey,6,0,191,227,195,242,193,227,200,224,38.8,0.0,0.0,0,0,532.1,396.8,10.9,2946,52.7,4.2,22.7
cow482,1,Jersey,4,0,197,230,199,230,192,240,197,218,38.5,0.0,0.0,0,0,540.5,375.1,12.3,3118,57.2,5.0,20.2
cow482,2,Jersey,4,0,193,222,198,230,190,230,199,221,38.5,0.0,0.0,0,0,525.7,366.1,12.5,2870,137.1,4.4,22.0
cow482,3,Jersey,4,0,201,233,201,236,184,225,187,227,38.8,0.0,0.0,0,0,504.1,377.1,13.0,3491,85.1,4.3,20.3
cow482,4,Jersey,4,0,201,225,209,218,205,220,201,232,38.5,0.0,0.0,0,0,506.7,351.0,10.9,3118,85.6,5.7,19.5
cow482,5,Jersey,4,0,192,223,201,226,208,233,199,226,38.6,0.0,0.0,0,0,487.3,373.5,12.7,3030,21.2,4.6,21.4
cow482,6,Jersey,4,0,203,225,190,230,197,234,195,238,38.7,0.0,0.0,0,0,536.9,389.9,9.3,3104,62.2,4.6,18.4
cow483,1,Jersey,5,0,186,219,194,236,208,218,181,229,38.7,0.0,0.0,0,0,516.2,344.8,13.1,3293,144.3,4.8,17.4
cow483,2,Jersey,5,0,199,223,190,232,207,238,200,225,39.0,0.0,0.0,0,0,493.5,366.1,11.5,3096,46.2,5.0,20.3
cow483,3,Jersey,5,0,192,221,200,231,191,236,200,235,38.8,0.0,0.0,0,0,493.5,333.8,11.5,2276,128.9,5.0,21.6
cow483,4,Jersey,5,0,214,237,202,232,196,236,206,231,38.6,0.0,0.0,0,0,471.6,363.4,9.1,3436,95.6,5.7,17.9
cow483,5,Jersey,5,0,182,238,198,239,192,231,199,232,39.2,0.0,0.0,0,0,559.2,399.0,11.0,3048,69.2,3.5,19.1
cow483,6,Jersey,5,0,201,233,197,233,208,230,185,231,38.8,0.0,0.0,0,0,523.1,415.2,13.1,3274,202.9,4.8,19.6
cow484,1,Jersey,2,0,205,232,196,223,191,229,198,231,38.4,1.0,0.0,0,1,260.5,253.6,13.0,1138,1517.2,7.9,12.2
cow484,2,Jersey,2,0,202,232,195,228,194,220,192,224,38.5,0.0,0.0,0,1,327.3,255.3,14.4,569,1604.9,7.8,10.3
cow484,3,Jersey,2,0,205,225,197,231,199,238,212,230,38.5,0.0,0.0,0,1,272.6,205.2,13.5,388,1683.1,8.6,10.2
cow484,4,Jersey,2,0,178,227,189,237,207,236,195,228,38.7,0.0,1.0,0,1,238.7,207.7,14.8,922,2129.0,9.0,10.2
cow484,5,Jersey,2,0,168,233,196,239,202,213,195,233,39.6,0.0,0.0,0,1,335.8,257.5,13.7,1507,3702.0,7.5,10.5
cow484,6,Jersey,2,0,156,235,202,231,197,230,187,230,39.9,0.0,1.0,1,1,273.5,275.0,12.4,1819,609.0,9.3,13.6
cow485,1,Jersey,1,0,189,229,197,241,195,234,193,223,38.4,0.0,0.0,0,0,503.6,370.0,11.6,3121,144.7,3.4,20.7
cow485,2,Jersey,1,0,197,216,194,226,191,227,187,230,38.4,0.0,0.0,0,0,521.6,397.8,13.4,2579,83.3,5.0,21.3
cow485,3,Jersey,1,0,195,232,191,239,191,235,211,237,38.4,0.0,0.0,0,0,565.7,402.3,12.1,2686,116.5,3.8,19.7
cow485,4,Jersey,1,0,189,232,194,224,196,229,205,236,38.4,0.0,0.0,0,0,520.8,377.2,11.4,3544,414.5,4.0,21.2
cow485,5,Jersey,1,0,200,228,205,238,200,230,205,230,38.3,0.0,0.0,0,0,472.0,350.6,14.2,2476,55.8,4.5,21.4
cow485,6,Jersey,1,0,194,225,195,241,184,225,195,231,38.5,0.0,0.0,0,0,541.8,413.0,12.9,3841,34.1,4.2,20.4
cow486,1,Jersey,3,0,197,233,193,228,197,235,212,229,38.7,0.0,0.0,0,0,500.6,374.0,12.5,3750,90.8,2.5,21.1
cow486,2,Jersey,3,0,201,225,197,238,193,235,200,228,38.9,0.0,0.0,0,0,595.5,406.3,11.9,3854,101.3,5.0,20.4
cow486,3,Jersey,3,0,203,235,200,240,192,237,193,235,38.7,0.0,0.0,0,0,520.0,409.2,12.4,3152,145.0,5.1,20.5
cow486,4,Jersey,3,0,199,228,188,224,191,237,195,250,39.0,0.0,0.0,0,0,430.6,321.1,12.4,2863,54.8,4.4,19.8
cow486,5,Jersey,3,0,195,226,204,230,201,231,199,227,38.6,0.0,0.0,0,0,534.3,380.4,8.9,3143,44.8,4.3,20.8
cow486,6,Jersey,3,0,193,227,192,230,200,226,195,224,38.9,0.0,0.0,0,0,597.8,375.7,12.0,3363,27.5,4.2,20.9
cow487,1,Jersey,6,0,189,237,197,231,186,225,193,237,38.2,0.0,0.0,0,0,583.0,429.2,11.3,2740,30.9,3.1,21.1
cow487,2,Jersey,6,0,208,233,198,239,211,231,193,220,38.6,0.0,0.0,0,0,593.2,425.8,10.9,2560,59.6,3.0,18.3
cow487,3,Jersey,6,0,206,229,193,226,191,227,200,216,38.5,0.0,0.0,0,0,479.2,357.3,11.3,2886,73.3,5.1,21.1
cow487,4,Jersey,6,0,195,233,199,228,193,228,202,227,38.4,0.0,0.0,0,0,556.5,394.6,9.6,2691,330.8,5.4,18.2
cow487,5,Jersey,6,0,193,225,196,234,198,233,201,226,38.6,0.0,0.0,0,0,491.1,352.3,9.3,3496,24.7,5.0,20.5
cow487,6,Jersey,6,0,207,230,212,226,191,227,198,228,38.4,0.0,0.0,0,0,529.0,378.7,13.0,2753,100.1,4.8,21.7
cow488,1,Jersey,2,0,186,239,193,234,192,241,202,224,38.3,0.0,0.0,0,0,469.1,357.8,12.1,3038,48.1,5.1,21.9
cow488,2,Jersey,2,0,195,236,187,225,203,235,205,220,38.4,0.0,0.0,0,0,494.2,376.0,8.6,3393,92.7,5.1,20.8
cow488,3,Jersey,2,0,208,230,192,240,197,230,209,230,38.4,0.0,0.0,0,0,493.0,359.6,10.8,3512,54.2,3.9,21.4
cow488,4,Jersey,2,0,202,230,204,230,198,237,193,225,38.4,0.0,0.0,0,0,555.9,418.6,12.6,3083,162.4,4.7,19.6
cow488,5,Jersey,2,0,195,225,194,221,201,234,185,227,38.4,0.0,0.0,0,0,552.0,397.8,11.2,3154,161.7,4.3,20.5
cow488,6,Jersey,2,0,191,227,205,231,199,225,191,240,38.3,0.0,0.0,0,0,531.1,377.6,13.0,2593,73.5,4.3,18.9
cow489,1,Jersey,5,0,195,222,203,226,205,213,189,221,38.7,0.0,0.0,0,1,241.0,226.2,14.8,1709,6363.4,8.9,16.5
cow489,2,Jersey,5,0,198,235,195,224,200,232,193,230,38.9,0.0,0.0,0,1,282.5,223.1,11.9,1805,3681.6,9.3,10.6
cow489,3,Jersey,5,0,187,231,182,225,190,232,194,228,38.8,0.0,0.0,0,1,265.2,241.3,13.3,552,6129.1,6.1,14.6
cow489,4,Jersey,5,0,190,236,200,228,188,238,198,216,38.6,0.0,0.0,0,1,329.8,248.1,13.0,2005,1927.1,7.8,12.2
cow489,5,Jersey,5,0,231,263,228,231,199,239,200,233,39.1,0.0,0.0,0,1,342.1,264.8,11.8,1020,4296.6,7.8,13.4
cow489,6,Jersey,5,0,230,280,247,229,202,237,194,226,39.9,1.0,0.0,1,1,337.3,244.0,11.8,1538,1074.3,8.9,13.8
cow490,1,Jersey,3,0,189,230,199,223,198,221,194,232,,0.0,0.0,0,0,489.8,358.7,10.5,3031,43.6,3.3,18.9
cow490,2,Jersey,3,0,186,226,186,237,212,229,200,222,38.3,0.0,0.0,0,0,410.4,343.2,10.7,2976,358.1,2.5,18.3
cow490,3,Jersey,3,0,198,236,194,220,196,226,204,235,38.6,0.0,0.0,0,0,449.3,335.5,11.8,2917,37.5,5.2,20.3
cow490,4,Jersey,3,0,203,226,199,234,205,230,200,218,38.4,0.0,0.0,0,0,576.9,425.7,12.8,2603,58.8,5.3,19.3
cow490,5,Jersey,3,0,185,233,199,222,202,222,198,233,38.2,0.0,0.0,0,0,503.9,412.7,12.1,3210,21.4,3.1,19.9
cow490,6,Jersey,3,0,203,228,193,226,195,213,202,231,38.3,0.0,0.0,0,0,490.0,369.3,12.4,2886,44.3,4.4,19.3
cow491,1,Jersey,3,0,197,231,194,224,204,238,194,228,38.7,0.0,0.0,0,0,585.7,405.7,11.2,2476,40.0,5.7,22.3
cow491,2,Jersey,3,0,192,231,189,237,202,221,207,232,38.7,0.0,0.0,0,0,570.6,399.1,12.2,2586,50.0,3.6,22.0
cow491,3,Jersey,3,0,194,228,200,217,198,234,205,221,38.8,0.0,0.0,0,0,521.0,380.6,11.3,2483,97.7,4.6,21.8
cow491,4,Jersey,3,0,208,235,198,231,203,222,204,223,38.5,0.0,0.0,0,0,508.3,361.6,11.0,2790,115.4,4.9,17.3
cow491,5,Jersey,3,0,197,234,205,244,216,237,192,228,38.6,0.0,0.0,0,0,514.7,366.8,13.8,3194,39.6,3.4,18.3
cow491,6,Jersey,3,0,193,222,199,230,195,232,203,228,38.5,0.0,0.0,0,0,529.1,403.2,8.7,2716,46.0,4.0,20.8
cow492,1,Jersey,1,0,199,227,194,219,205,235,206,237,38.4,0.0,0.0,0,0,584.0,436.9,9.3,3390,167.9,3.1,19.6
cow492,2,Jersey,1,0,197,230,194,222,195,226,202,230,38.6,0.0,0.0,0,0,536.9,360.5,12.0,2952,258.0,4.4,19.1
cow492,3,Jersey,1,0,200,226,199,235,205,235,201,230,38.3,0.0,0.0,0,0,549.0,382.7,11.2,2884,189.1,3.9,18.3
cow492,4,Jersey,1,0,207,228,208,232,205,226,194,221,38.3,0.0,0.0,0,0,566.8,399.7,9.8,3007,25.5,4.7,18.7
cow492,5,Jersey,1,0,202,230,199,222,200,235,186,227,38.3,0.0,0.0,0,0,473.2,362.7,10.2,3558,180.6,5.0,22.1
cow492,6,Jersey,1,0,201,234,180,231,187,231,189,232,38.4,0.0,0.0,0,0,550.2,418.7,10.4,2451,285.8,5.6,18.0
cow493,1,Jersey,2,0,198,222,197,236,193,218,202,229,38.2,0.0,0.0,0,0,508.2,421.6,12.6,3663,24.6,6.4,17.2
cow493,2,Jersey,2,0,199,219,191,235,204,228,208,228,38.4,0.0,0.0,0,0,419.4,311.2,13.0,3384,167.8,4.7,18.5
cow493,3,Jersey,2,0,203,233,196,240,196,225,207,239,,,,0,0,434.9,321.4,13.5,2991,92.8,4.2,19.5
cow493,4,Jersey,2,0,201,232,196,221,198,232,198,236,38.5,0.0,0.0,0,0,479.3,366.2,9.6,3473,63.4,4.2,19.7
cow493,5,Jersey,2,0,191,227,198,219,194,225,194,225,38.4,0.0,0.0,0,0,541.2,380.5,9.9,2871,85.5,3.7,20.8
cow493,6,Jersey,2,0,198,237,195,227,194,235,204,226,38.8,0.0,0.0,0,0,524.6,380.2,9.8,3114,107.9,4.9,19.2
cow494,1,Jersey,6,0,195,227,199,228,194,233,195,225,38.6,0.0,0.0,0,0,527.4,377.0,13.0,2783,176.7,4.1,19.4
cow494,2,Jersey,6,0,191,221,193,231,197,227,200,225,38.4,0.0,0.0,0,0,598.0,379.6,12.0,3387,170.5,4.9,20.3
cow494,3,Jersey,6,0,186,229,200,231,197,226,196,219,38.7,0.0,0.0,0,0,469.2,351.8,11.6,2717,28.0,3.8,21.7
cow494,4,Jersey,6,0,193,229,190,228,200,229,198,215,38.3,1.0,0.0,0,0,518.9,376.1,11.8,2979,50.7,4.1,21.9
cow494,5,Jersey,6,0,195,233,208,228,196,229,193,237,38.5,0.0,0.0,0,0,532.2,410.2,11.4,3272,84.7,4.8,19.1
cow494,6,Jersey,6,0,194,238,200,229,195,228,191,217,38.4,0.0,0.0,0,0,490.5,362.4,10.2,3419,235.3,4.4,22.0
cow495,1,Jersey,2,0,206,233,189,230,197,229,202,230,38.5,0.0,0.0,0,0,521.1,358.1,12.1,2672,12.1,3.0,20.0
cow495,2,Jersey,2,0,206,228,193,234,196,235,191,226,38.3,0.0,0.0,0,0,456.0,337.0,11.3,3301,52.1,4.5,20.8
cow495,3,Jersey,2,0,204,225,201,224,202,227,194,227,38.2,0.0,0.0,0,0,576.4,376.2,10.1,2607,27.6,3.9,19.7
cow495,4,Jersey,2,0,191,230,189,235,199,231,201,231,38.3,0.0,0.0,0,0,492.7,341.8,12.2,2140,30.8,5.4,21.2
cow495,5,Jersey,2,0,190,238,200,232,192,231,196,232,38.1,0.0,0.0,0,0,601.3,440.2,11.0,2701,156.9,5.3,20.6
cow495,6,Jersey,2,0,198,225,195,236,200,228,200,230,38.2,0.0,0.0,0,0,518.7,374.8,11.8,3334,55.0,2.7,21.0
cow496,1,Jersey,4,0,206,234,203,239,198,245,205,234,38.4,0.0,0.0,0,0,561.1,421.3,11.4,2995,15.8,5.1,19.3
cow496,2,Jersey,4,0,193,229,200,228,185,235,186,232,38.6,0.0,0.0,0,0,517.9,343.3,12.6,2786,71.2,4.8,20.8
cow496,3,Jersey,4,0,201,237,191,233,203,225,200,218,38.5,0.0,0.0,0,0,518.8,374.9,11.8,3022,324.2,3.3,20.3
cow496,4,Jersey,4,0,195,227,205,227,197,233,197,229,38.4,0.0,0.0,0,0,496.6,357.4,10.4,3009,22.8,5.2,19.1
cow496,5,Jersey,4,0,201,230,205,228,199,224,183,227,38.3,0.0,0.0,0,0,524.8,400.1,11.9,3249,114.8,3.5,17.2
cow496,6,Jersey,4,0,191,237,207,225,207,227,200,236,38.3,0.0,0.0,0,0,532.7,399.7,11.9,2355,234.6,5.4,21.1
cow497,1,Jersey,5,0,209,235,202,229,200,227,193,223,38.6,0.0,0.0,0,0,488.6,372.7,12.1,2959,76.8,4.0,21.8
cow497,2,Jersey,5,0,191,229,195,235,199,239,199,227,38.6,0.0,0.0,0,0,515.0,404.7,12.7,3050,300.9,3.3,17.7
cow497,3,Jersey,5,0,188,234,197,232,207,229,191,220,38.9,0.0,0.0,0,0,495.6,358.7,10.8,2454,50.4,6.2,19.5
cow497,4,Jersey,5,0,191,224,195,228,199,229,196,246,38.8,0.0,0.0,0,0,612.0,459.2,12.3,2448,215.7,3.3,20.6
cow497,5,Jersey,5,0,196,228,197,209,182,219,186,229,38.6,0.0,0.0,0,0,516.4,359.1,9.4,2854,183.2,3.9,19.9
cow497,6,Jersey,5,0,206,227,200,226,203,227,193,234,38.4,0.0,0.0,0,0,581.8,397.6,11.4,3003,77.7,4.0,20.5
cow498,1,Jersey,3,0,200,223,191,234,195,224,184,220,38.8,0.0,0.0,0,1,287.2,263.9,13.2,1305,601.8,7.6,10.4
cow498,2,Jersey,3,0,206,222,194,227,198,226,193,231,38.5,0.0,0.0,0,1,305.4,234.1,15.2,1077,890.0,8.6,12.6
cow498,3,Jersey,3,0,196,236,192,233,203,217,201,228,38.7,0.0,0.0,0,1,242.1,233.6,13.3,1061,301.7,8.0,13.6
cow498,4,Jersey,3,0,197,223,201,228,197,229,202,231,38.8,0.0,0.0,0,1,277.1,246.1,14.2,1142,3220.7,8.8,10.2
cow498,5,Jersey,3,0,267,233,224,234,195,226,194,226,39.3,0.0,0.0,0,1,303.4,279.3,11.4,1419,2924.2,8.3,10.0
cow498,6,Jersey,3,0,308,224,237,228,190,243,194,228,40.3,1.0,0.0,0,1,358.4,292.0,13.1,1798,2126.8,6.7,13.9
cow499,1,Jersey,3,0,197,230,205,224,196,224,201,224,38.8,0.0,0.0,0,0,528.9,386.3,10.5,2112,73.0,4.9,17.7
cow499,2,Jersey,3,0,194,225,208,231,190,226,195,234,38.6,0.0,0.0,0,0,575.3,422.4,14.5,3249,202.9,4.7,19.1
cow499,3,Jersey,3,0,190,230,200,225,204,233,188,225,38.6,0.0,0.0,0,0,545.6,383.4,10.7,2956,97.6,4.0,21.1
cow499,4,Jersey,3,0,201,237,191,226,190,229,194,235,38.5,0.0,0.0,0,0,585.1,406.3,11.6,3210,54.2,6.2,19.4
cow499,5,Jersey,3,0,194,227,200,215,204,233,202,220,38.4,0.0,0.0,0,0,517.6,387.1,11.7,3474,87.9,5.0,19.8
cow499,6,Jersey,3,0,197,226,190,214,201,237,203,228,38.3,0.0,0.0,0,0,615.6,436.8,9.6,2698,326.8,5.3,21.0
cow500,1,Jersey,5,0,192,226,194,220,195,233,201,235,38.4,0.0,0.0,0,0,500.6,361.0,10.9,3378,122.1,5.3,21.0
cow500,2,Jersey,5,0,192,229,202,216,192,221,196,223,38.3,0.0,0.0,0,0,489.3,360.1,12.0,2498,60.7,4.2,20.9
cow500,3,Jersey,5,0,207,229,200,223,195,227,189,224,38.7,0.0,0.0,0,0,471.6,379.7,11.6,3051,77.0,5.0,18.6
cow500,4,Jersey,5,0,193,231,197,223,194,219,203,226,38.2,0.0,0.0,0,0,613.2,428.0,8.7,2903,109.4,4.8,22.7
cow500,5,Jersey,5,0,191,231,194,234,195,231,190,226,38.6,0.0,0.0,0,0,552.8,391.2,10.8,3019,59.4,4.1,22.0
cow500,6,Jersey,5,0,199,224,197,230,193,238,201,232,38.5,0.0,0.0,0,0,506.6,341.2,12.7,2604,55.9,3.5,20.3
cow501,1,Jersey,1,0,199,225,203,236,198,245,200,222,39.0,0.0,0.0,0,0,570.0,409.2,12.2,3175,78.8,4.5,21.5
cow501,2,Jersey,1,0,187,228,203,225,203,226,188,231,38.9,0.0,0.0,0,0,547.5,408.3,13.0,3635,226.8,5.0,20.3
cow501,3,Jersey,1,0,206,229,196,216,194,227,198,236,39.0,0.0,0.0,0,0,598.6,442.2,10.3,2611,137.2,4.5,20.8
cow501,4,Jersey,1,0,201,229,197,235,199,228,202,226,38.9,0.0,0.0,0,0,458.1,344.8,13.0,3076,59.9,4.4,17.6
cow501,5,Jersey,1,0,196,225,191,226,196,227,198,222,38.9,0.0,0.0,0,0,509.4,390.8,11.4,3342,144.8,4.5,20.0
cow501,6,Jersey,1,0,200,227,209,233,196,216,196,239,38.8,0.0,0.0,0,0,501.5,382.1,13.4,2881,79.9,4.3,20.8
cow502,1,Jersey,5,0,207,226,203,225,194,229,200,222,38.7,0.0,0.0,0,0,441.1,352.7,11.5,3544,100.8,5.7,18.5
cow502,2,Jersey,5,0,197,222,195,227,211,232,199,237,38.4,0.0,0.0,0,0,562.4,423.2,9.0,2828,94.6,4.7,21.0
cow502,3,Jersey,5,0,207,234,194,223,203,233,204,233,38.6,0.0,0.0,0,0,509.2,401.8,12.5,2953,18.5,4.1,20.7
cow502,4,Jersey,5,0,198,223,190,232,195,239,201,230,38.5,0.0,0.0,0,0,549.6,394.7,11.0,2603,9.7,3.1,21.5
cow502,5,Jersey,5,0,194,227,204,222,211,234,191,238,38.4,0.0,0.0,0,0,614.4,412.7,11.0,3051,92.9,4.3,20.8
cow502,6,Jersey,5,0,203,223,198,233,192,231,200,227,38.4,0.0,0.0,0,0,505.9,383.5,9.8,3001,44.1,4.0,18.6
cow503,1,Jersey,3,0,196,239,201,229,198,226,204,233,38.6,0.0,0.0,0,0,503.2,383.9,13.4,3254,25.6,4.0,20.8
cow503,2,Jersey,3,0,197,231,208,228,195,228,194,231,38.6,0.0,0.0,0,0,524.7,411.1,10.9,2746,45.0,5.3,20.4
cow503,3,Jersey,3,0,211,230,195,235,204,241,195,236,38.7,0.0,0.0,0,0,559.5,426.8,13.4,2727,150.5,4.6,22.0
cow503,4,Jersey,3,0,199,233,204,231,204,219,197,233,38.5,1.0,0.0,0,0,497.3,401.4,11.0,3185,101.7,3.2,21.5
cow503,5,Jersey,3,0,193,224,208,222,203,234,195,238,38.8,0.0,0.0,0,0,494.8,376.0,10.4,3559,135.4,5.0,21.5
cow503,6,Jersey,3,0,193,225,192,233,201,218,204,228,38.6,0.0,0.0,0,0,562.3,409.5,13.1,3252,108.6,3.2,22.0
cow504,1,Jersey,3,0,198,235,195,238,192,227,185,227,38.8,0.0,0.0,0,1,310.1,239.2,13.4,2039,951.5,8.6,15.8
cow504,2,Jersey,3,0,191,229,198,234,196,233,198,226,38.6,0.0,0.0,0,1,213.2,211.5,13.4,1522,3730.7,7.6,10.6
cow504,3,Jersey,3,0,182,217,195,229,197,217,200,227,39.1,0.0,0.0,0,1,246.0,215.6,12.0,1508,3199.0,8.1,17.3
cow504,4,Jersey,3,0,172,221,202,232,194,238,211,225,39.7,0.0,0.0,0,1,355.0,294.8,13.0,1572,1815.0,8.0,15.5
cow504,5,Jersey,3,0,169,230,202,219,200,231,198,236,39.9,0.0,1.0,0,1,311.1,265.6,14.0,1895,2092.2,7.9,10.2
cow504,6,Jersey,3,0,156,226,194,230,202,229,203,227,40.2,1.0,1.0,1,1,264.5,245.2,11.9,1795,3778.9,8.2,10.1
cow505,1,Jersey,1,0,193,230,200,233,194,226,199,227,38.6,0.0,0.0,0,0,513.2,374.2,10.9,2566,47.3,4.6,21.1
cow505,2,Jersey,1,0,204,231,199,234,194,233,202,224,38.6,0.0,0.0,0,0,520.5,397.1,11.0,3320,168.4,6.0,21.4
cow505,3,Jersey,1,0,193,236,207,223,205,229,201,230,38.5,0.0,0.0,0,0,549.4,348.6,11.6,3106,117.4,4.7,18.2
cow505,4,Jersey,1,0,195,237,198,228,201,243,194,229,38.7,0.0,0.0,0,0,465.7,350.8,13.3,2922,79.6,4.7,20.6
cow505,5,Jersey,1,0,191,229,193,238,187,225,199,226,38.3,0.0,0.0,0,0,486.4,381.5,11.1,2291,228.8,3.9,20.4
cow505,6,Jersey,1,0,199,232,201,234,201,230,201,233,38.6,0.0,0.0,0,0,530.9,420.2,10.7,2384,32.5,4.8,18.8
cow506,1,Jersey,5,0,198,227,198,231,209,225,193,234,38.5,0.0,0.0,0,0,516.0,390.8,14.8,2854,57.8,3.7,18.4
cow506,2,Jersey,5,0,206,237,190,230,188,234,202,215,38.0,0.0,0.0,0,0,542.9,424.1,11.0,2414,49.6,5.4,20.8
cow506,3,Jersey,5,0,188,230,186,224,187,239,203,218,38.5,0.0,0.0,0,0,470.8,353.5,11.3,2862,101.7,3.3,22.7
cow506,4,Jersey,5,0,201,234,202,231,196,230,192,230,38.0,0.0,0.0,0,0,534.3,388.6,11.1,3286,179.8,3.8,21.2
cow506,5,Jersey,5,0,191,234,188,230,195,223,187,235,38.1,0.0,0.0,0,0,563.7,415.7,11.2,2768,40.3,3.2,17.4
cow506,6,Jersey,5,0,198,250,196,230,213,227,192,228,38.1,0.0,0.0,0,0,539.5,391.6,11.6,3033,779.2,4.8,20.7
cow507,1,Jersey,3,0,199,230,200,230,200,231,209,223,38.5,0.0,0.0,0,0,525.6,369.3,12.6,2572,50.3,4.2,20.6
cow507,2,Jersey,3,0,190,227,203,224,199,223,190,223,38.5,0.0,0.0,0,0,516.2,368.4,12.0,3120,101.9,5.0,21.3
cow507,3,Jersey,3,0,200,220,193,226,196,226,209,233,38.3,0.0,0.0,0,0,486.6,339.9,12.8,3203,79.6,3.7,21.7
cow507,4,Jersey,3,0,195,226,210,231,200,227,200,238,38.3,0.0,0.0,0,0,517.1,387.8,12.8,2431,82.0,4.9,20.5
cow507,5,Jersey,3,0,205,225,209,223,187,233,191,221,38.3,0.0,1.0,0,0,570.4,410.4,11.8,2699,45.9,5.0,20.7
cow507,6,Jersey,3,0,201,226,197,245,201,230,204,221,38.4,0.0,0.0,0,0,515.2,370.7,12.0,2493,166.1,4.7,21.0
cow508,1,Jersey,5,0,207,225,203,229,199,230,195,229,38.2,0.0,0.0,0,0,484.4,348.4,12.8,3204,44.0,4.5,21.1
cow508,2,Jersey,5,0,203,226,197,223,199,228,198,238,38.5,0.0,0.0,0,0,500.3,377.3,10.2,3066,23.4,4.6,23.0
cow508,3,Jersey,5,0,192,224,193,222,198,232,209,227,38.7,0.0,0.0,0,0,528.0,398.9,14.5,2980,36.6,3.8,21.7
cow508,4,Jersey,5,0,193,228,191,231,189,229,197,231,38.3,1.0,0.0,0,0,505.1,350.7,10.9,2949,215.6,3.6,22.1
cow508,5,Jersey,5,0,208,235,199,222,198,222,201,226,38.4,0.0,0.0,0,0,539.4,368.5,11.1,3129,188.4,4.9,18.3
cow508,6,Jersey,5,0,202,223,196,237,213,226,198,226,38.7,0.0,0.0,0,0,540.9,409.7,10.0,3137,19.9,4.2,19.6
cow509,1,Jersey,4,0,200,226,204,223,203,238,190,229,38.2,0.0,0.0,0,0,555.6,376.6,10.1,2802,139.4,4.9,19.8
cow509,2,Jersey,4,0,203,223,191,223,201,224,200,231,38.2,0.0,0.0,0,0,576.9,424.0,12.7,2746,20.2,5.7,19.5
cow509,3,Jersey,4,0,205,233,200,227,195,232,194,237,38.4,0.0,0.0,0,0,559.8,433.0,14.2,2976,78.0,4.1,19.0
cow509,4,Jersey,4,0,189,225,188,225,196,233,204,229,38.0,0.0,0.0,0,0,482.6,386.7,10.8,2924,34.5,4.0,21.3
cow509,5,Jersey,4,0,193,223,193,228,204,228,196,229,38.2,0.0,0.0,0,0,483.9,371.6,11.9,3824,147.0,4.2,21.4
cow509,6,Jersey,4,0,198,227,197,223,202,220,202,219,38.3,0.0,0.0,0,0,517.0,390.9,11.8,2846,116.5,4.5,20.8
cow510,1,Jersey,2,0,208,222,192,226,209,230,197,216,38.5,0.0,0.0,0,0,502.0,409.7,12.7,3116,156.3,5.0,22.1
cow510,2,Jersey,2,0,199,241,206,228,192,228,198,232,38.4,0.0,0.0,0,0,474.5,310.7,14.2,3186,64.8,4.5,18.5
cow510,3,Jersey,2,0,197,227,209,229,198,240,206,236,38.4,0.0,0.0,0,0,502.3,361.0,13.3,3560,69.6,6.2,18.6
cow510,4,Jersey,2,0,192,235,208,233,191,230,205,224,38.3,0.0,0.0,0,0,501.0,383.9,11.2,2676,28.2,4.8,19.5
cow510,5,Jersey,2,0,201,232,206,230,195,235,211,226,38.5,0.0,0.0,0,0,493.1,357.8,12.1,3536,39.0,5.1,20.5
cow510,6,Jersey,2,0,200,223,200,233,196,228,190,225,38.6,0.0,0.0,0,0,507.4,394.7,12.3,2941,153.0,4.5,21.7
cow511,1,Jersey,6,0,200,226,205,229,208,232,198,231,38.2,0.0,0.0,0,0,567.1,407.6,11.5,4001,102.4,5.3,22.1
cow511,2,Jersey,6,0,188,217,199,234,194,222,206,227,38.4,0.0,0.0,0,0,528.0,387.2,10.2,3145,85.4,4.3,20.1
cow511,3,Jersey,6,0,196,224,202,246,199,234,198,224,38.5,0.0,0.0,0,0,618.9,434.4,10.5,2508,189.9,4.0,21.4
cow511,4,Jersey,6,0,201,229,200,228,196,236,198,233,38.6,0.0,0.0,0,0,526.8,374.7,12.9,2921,32.4,5.2,18.3
cow511,5,Jersey,6,0,196,228,209,220,203,231,197,225,38.5,0.0,0.0,0,0,508.4,363.2,13.0,3535,130.6,4.5,22.3
cow511,6,Jersey,6,0,196,233,202,234,191,236,189,233,38.6,0.0,0.0,0,0,520.2,385.0,11.3,3033,35.2,4.7,20.3
cow512,1,Jersey,6,0,196,227,199,236,202,239,202,233,38.3,0.0,0.0,0,0,530.3,372.2,11.8,2976,220.5,5.3,20.5
cow512,2,Jersey,6,0,199,220,201,222,191,226,194,229,38.4,0.0,0.0,0,0,537.4,407.6,12.9,3288,115.7,4.6,17.9
cow512,3,Jersey,6,0,208,236,204,234,196,226,188,235,38.3,0.0,0.0,0,0,603.1,441.6,9.5,2862,154.7,4.4,20.8
cow512,4,Jersey,6,0,203,222,207,227,190,218,202,229,38.3,0.0,0.0,0,0,486.2,379.5,11.0,2916,48.9,4.1,22.9
cow512,5,Jersey,6,0,196,231,215,233,205,236,194,230,38.6,0.0,0.0,0,0,554.4,380.3,13.9,2622,358.6,5.3,20.2
cow512,6,Jersey,6,0,209,228,206,211,200,233,190,232,38.4,0.0,0.0,0,0,528.3,354.4,11.9,3692,315.9,4.2,20.5
cow513,1,Jersey,5,0,195,227,206,229,204,224,197,228,38.6,0.0,0.0,0,0,457.2,342.2,10.1,2511,106.9,4.5,20.6
cow513,2,Jersey,5,0,196,230,188,227,201,226,199,225,38.4,0.0,0.0,0,0,550.8,450.7,11.6,3068,178.9,4.7,19.0
cow513,3,Jersey,5,0,201,227,204,229,196,226,195,226,38.2,0.0,0.0,0,0,570.7,433.2,12.7,3192,64.5,4.7,20.3
cow513,4,Jersey,5,0,194,223,204,231,198,215,195,220,38.7,0.0,0.0,0,0,485.7,349.4,8.4,2995,33.1,5.3,19.4
cow513,5,Jersey,5,0,188,231,210,227,203,223,192,234,38.3,0.0,0.0,0,0,519.6,387.4,11.7,2498,137.6,4.4,20.2
cow513,6,Jersey,5,0,202,231,194,226,202,232,213,227,38.6,0.0,0.0,0,0,451.0,351.7,11.1,2600,42.1,5.6,21.8
cow514,1,Jersey,5,0,202,235,196,229,188,224,190,242,38.4,0.0,0.0,0,1,244.6,200.2,11.5,1509,5735.6,7.8,9.0
cow514,2,Jersey,5,0,196,230,193,234,204,229,194,227,38.3,0.0,0.0,0,1,336.9,304.8,13.6,988,4642.5,8.3,9.6
cow514,3,Jersey,5,0,202,214,208,232,202,229,204,225,38.4,0.0,0.0,0,1,276.3,240.8,13.3,471,2411.7,7.9,12.8
cow514,4,Jersey,5,0,201,222,209,225,195,232,200,236,38.4,0.0,0.0,0,1,250.6,226.8,13.5,1455,2305.4,9.7,10.9
cow514,5,Jersey,5,0,186,236,227,225,187,238,195,232,39.3,0.0,1.0,1,1,304.2,260.9,13.1,951,4428.4,7.7,13.0
cow514,6,Jersey,5,0,196,232,233,226,194,234,195,223,40.1,0.0,1.0,1,1,274.1,263.1,12.3,1552,2489.4,7.8,12.8
cow515,1,Jersey,3,0,197,220,188,236,200,229,200,228,38.0,0.0,0.0,0,0,501.2,355.1,9.8,2919,60.1,4.6,21.8
cow515,2,Jersey,3,0,195,228,205,226,197,224,202,222,,0.0,0.0,0,0,549.6,367.0,10.7,2900,27.9,4.3,20.4
cow515,3,Jersey,3,0,198,236,195,228,203,234,188,224,38.2,0.0,0.0,0,0,473.5,357.9,12.5,3021,154.1,4.8,21.5
cow515,4,Jersey,3,0,192,238,212,233,189,223,191,224,37.9,0.0,0.0,0,0,483.8,321.5,11.8,2545,102.3,5.5,19.9
cow515,5,Jersey,3,0,205,230,200,233,190,217,194,227,38.2,0.0,0.0,0,0,526.2,378.3,11.4,2670,533.0,4.6,20.4
cow515,6,Jersey,3,0,187,237,191,228,203,236,195,226,38.3,0.0,0.0,0,0,558.8,424.6,10.3,2896,74.3,4.6,20.9
cow516,1,Jersey,3,0,200,232,190,230,200,227,207,227,38.3,0.0,0.0,0,0,569.5,420.1,11.1,2542,97.9,4.3,19.5
cow516,2,Jersey,3,0,194,231,209,235,189,225,192,215,38.5,0.0,0.0,0,0,493.4,382.8,12.4,3286,99.5,4.1,20.4
cow516,3,Jersey,3,0,191,223,186,225,200,241,189,231,38.5,0.0,0.0,0,0,557.5,413.7,12.1,2877,124.5,4.6,18.5
cow516,4,Jersey,3,0,197,229,197,234,213,225,190,223,38.4,0.0,0.0,0,0,488.6,404.6,10.9,2420,40.7,4.5,17.1
cow516,5,Jersey,3,0,203,219,196,234,187,231,196,239,38.5,0.0,0.0,0,0,593.0,413.2,8.4,2776,75.3,5.4,20.0
cow516,6,Jersey,3,0,195,219,194,235,203,233,192,239,38.6,0.0,1.0,0,0,474.6,360.0,10.7,3040,140.7,3.7,19.2
cow517,1,Jersey,3,0,200,230,196,230,198,238,198,224,38.3,0.0,0.0,0,0,573.1,404.0,10.9,2822,63.1,5.7,21.6
cow517,2,Jersey,3,0,192,224,200,235,201,233,200,230,38.6,0.0,0.0,0,0,493.7,381.5,10.4,3160,137.1,4.4,18.8
cow517,3,Jersey,3,0,196,235,199,233,201,215,212,233,38.3,0.0,0.0,0,0,600.5,427.2,11.0,3230,84.9,4.6,20.9
cow517,4,Jersey,3,0,204,218,198,227,192,223,202,234,38.4,0.0,0.0,0,0,543.7,425.1,12.5,3961,104.8,3.6,20.1
cow517,5,Jersey,3,0,197,215,209,234,204,227,201,221,38.4,0.0,0.0,0,0,479.4,346.1,11.5,3460,175.9,4.9,20.2
cow517,6,Jersey,3,0,190,239,204,231,198,230,202,236,38.5,0.0,0.0,0,0,499.1,392.8,12.7,2345,67.9,3.7,19.6
cow518,1,Jersey,5,0,198,225,200,233,198,235,190,234,38.1,0.0,0.0,0,0,551.2,409.4,9.7,2856,29.1,4.8,18.7
cow518,2,Jersey,5,0,191,238,199,234,194,227,205,227,38.1,0.0,0.0,0,0,562.1,404.7,11.1,2893,66.1,4.7,21.0
cow518,3,Jersey,5,0,195,222,192,225,203,219,198,226,38.0,0.0,0.0,0,0,517.2,388.1,9.2,3230,44.9,4.2,18.8
cow518,4,Jersey,5,0,199,230,198,236,195,220,192,223,38.5,0.0,0.0,0,0,521.8,385.8,11.0,2627,18.3,2.8,21.1
cow518,5,Jersey,5,0,190,225,200,223,186,229,196,224,38.1,0.0,0.0,0,0,550.3,404.6,10.2,2787,73.8,6.2,21.3
cow518,6,Jersey,5,0,203,213,199,220,208,231,198,232,38.3,0.0,0.0,0,0,525.3,379.4,13.0,2502,91.1,3.7,18.6
cow519,1,Jersey,3,0,198,237,198,225,199,224,199,222,38.7,0.0,0.0,0,1,243.3,211.3,14.0,1059,4542.2,8.2,14.6
cow519,2,Jersey,3,0,193,226,191,229,183,228,180,231,38.3,0.0,0.0,0,1,262.5,229.5,14.7,1074,796.6,7.4,9.8
cow519,3,Jersey,3,0,205,226,198,221,200,233,188,233,38.6,0.0,0.0,0,1,304.4,230.3,13.0,1175,2142.8,8.8,12.2
cow519,4,Jersey,3,0,196,307,194,222,197,234,197,227,38.8,1.0,0.0,1,1,343.6,299.3,12.3,825,4952.6,7.7,12.7
cow519,5,Jersey,3,0,202,323,200,236,207,233,197,233,39.2,0.0,0.0,0,1,359.6,271.6,12.2,1693,1255.7,7.4,11.3
cow519,6,Jersey,3,0,193,357,195,225,198,234,201,219,39.4,1.0,0.0,1,1,326.2,269.8,13.8,1489,3073.8,8.5,12.3
cow520,1,Jersey,1,0,202,228,189,238,205,231,202,227,38.4,0.0,0.0,0,0,531.5,398.6,13.7,2420,239.5,3.5,18.9
cow520,2,Jersey,1,0,192,231,193,238,201,233,202,228,38.6,0.0,0.0,0,0,550.0,413.1,12.0,3010,21.9,4.2,20.4
cow520,3,Jersey,1,0,198,234,192,233,197,232,197,240,38.9,0.0,0.0,0,0,493.3,332.1,11.1,2374,95.9,5.1,19.2
cow520,4,Jersey,1,0,206,226,208,232,207,228,199,237,38.5,0.0,0.0,0,0,513.9,374.7,11.3,3537,177.4,5.7,17.0
cow520,5,Jersey,1,0,210,235,190,233,207,226,203,225,38.9,0.0,0.0,0,0,487.0,368.5,11.5,3646,62.3,3.7,18.4
cow520,6,Jersey,1,0,196,223,198,232,199,236,204,225,38.6,0.0,0.0,0,0,470.1,351.0,13.9,2978,207.0,4.0,20.9
cow521,1,Jersey,5,0,200,227,198,228,197,234,202,230,38.2,0.0,0.0,0,0,533.3,412.2,13.0,2659,123.1,4.8,20.7
cow521,2,Jersey,5,0,207,237,196,235,202,233,197,219,38.1,0.0,0.0,0,0,527.4,369.7,11.8,2734,269.7,2.9,21.3
cow521,3,Jersey,5,0,193,232,192,233,195,225,192,225,38.4,0.0,0.0,0,0,547.5,359.6,11.6,2819,118.8,5.6,23.0
cow521,4,Jersey,5,0,210,220,202,220,182,230,203,230,38.3,0.0,0.0,0,0,541.8,407.7,11.9,2957,285.6,3.7,20.1
cow521,5,Jersey,5,0,209,231,191,235,209,228,197,236,38.1,0.0,0.0,0,0,529.7,376.2,12.1,3548,97.7,4.2,20.9
cow521,6,Jersey,5,0,194,244,198,221,204,232,206,227,38.2,0.0,0.0,0,0,542.3,361.7,11.0,3382,30.9,4.7,20.8
cow522,1,Jersey,5,0,196,230,203,228,194,234,199,238,38.7,0.0,0.0,0,0,518.3,376.1,10.5,3388,51.4,4.5,19.5
cow522,2,Jersey,5,0,198,237,204,233,205,222,201,224,38.6,0.0,0.0,0,0,536.5,412.1,12.7,3068,160.5,3.7,19.5
cow522,3,Jersey,5,0,205,238,191,233,195,234,194,226,38.7,0.0,0.0,0,0,491.0,339.8,11.5,2539,158.3,5.9,20.4
cow522,4,Jersey,5,0,193,233,208,220,194,227,198,222,38.5,0.0,0.0,0,0,534.8,430.9,12.6,2692,64.1,2.5,20.9
cow522,5,Jersey,5,0,194,238,192,223,192,232,206,229,38.6,0.0,0.0,0,0,546.7,381.0,13.5,3024,276.2,3.6,19.8
cow522,6,Jersey,5,0,196,230,188,224,204,229,193,235,38.5,0.0,0.0,0,0,493.2,365.5,12.1,2520,62.2,4.0,20.9
cow523,1,Jersey,2,0,192,232,179,234,205,227,198,224,38.5,0.0,0.0,0,1,297.1,234.3,13.9,1422,2895.3,7.2,10.9
cow523,2,Jersey,2,0,193,230,201,231,190,229,202,228,38.6,0.0,0.0,0,1,270.1,240.8,17.3,1622,2831.4,9.0,13.1
cow523,3,Jersey,2,0,222,258,255,217,206,225,195,229,38.9,0.0,0.0,0,1,273.9,240.0,13.7,1518,682.9,6.7,15.8
cow523,4,Jersey,2,0,222,267,273,239,204,232,199,220,39.3,0.0,1.0,0,1,250.0,201.2,12.2,1502,1825.3,9.2,10.3
cow523,5,Jersey,2,0,236,272,280,231,191,224,210,233,39.4,1.0,0.0,0,1,345.6,336.2,13.2,553,9999.0,7.8,12.3
cow523,6,Jersey,2,0,233,286,313,234,214,232,191,219,39.8,1.0,1.0,1,1,337.6,271.7,15.4,1833,948.9,6.9,8.7
cow524,1,Jersey,2,0,194,233,196,228,200,219,192,224,38.7,0.0,0.0,0,0,541.5,384.0,9.9,2373,122.3,2.8,19.8
cow524,2,Jersey,2,0,209,228,205,231,205,227,206,241,38.7,0.0,0.0,0,0,598.9,444.8,10.6,2939,35.8,4.3,18.8
cow524,3,Jersey,2,0,203,232,205,230,195,230,206,227,38.4,0.0,0.0,0,0,512.4,408.1,12.8,3247,41.7,3.9,19.8
cow524,4,Jersey,2,0,204,233,199,221,195,245,204,219,38.8,0.0,0.0,0,0,641.3,473.0,11.2,3143,29.9,4.7,21.1
cow524,5,Jersey,2,0,193,225,199,220,205,226,191,235,38.8,0.0,0.0,0,0,510.9,352.9,11.4,2489,152.2,4.1,19.1
cow524,6,Jersey,2,0,192,232,205,220,205,229,191,222,38.7,0.0,0.0,0,0,530.2,390.0,12.8,2561,43.5,5.3,19.8
cow525,1,Jersey,4,0,196,238,199,224,202,221,193,230,38.1,0.0,0.0,0,0,504.1,336.6,10.6,3115,190.7,4.4,20.4
cow525,2,Jersey,4,0,200,232,198,229,197,226,202,227,38.2,0.0,0.0,0,0,534.9,405.2,9.7,3204,55.0,4.2,19.1
cow525,3,Jersey,4,0,195,234,198,223,195,238,204,229,38.2,0.0,0.0,0,0,553.4,370.6,9.8,2557,86.8,5.3,18.3
cow525,4,Jersey,4,0,197,235,188,229,193,227,200,225,37.8,0.0,0.0,0,0,515.4,362.8,12.2,3157,105.5,4.7,19.1
cow525,5,Jersey,4,0,193,227,205,238,190,224,198,217,38.2,0.0,0.0,0,0,591.1,422.6,11.8,2394,26.0,5.1,22.3
cow525,6,Jersey,4,0,189,224,193,220,204,229,194,226,38.2,0.0,0.0,0,0,529.6,393.7,10.7,3250,91.4,5.4,19.0
cow526,1,Jersey,1,0,202,233,193,228,200,233,204,219,38.4,0.0,0.0,0,0,530.8,381.8,10.1,2646,101.2,4.3,19.7
cow526,2,Jersey,1,0,202,228,196,224,203,231,201,228,38.7,0.0,0.0,0,0,483.6,385.5,11.2,3032,174.6,4.5,20.5
cow526,3,Jersey,1,0,197,237,192,235,195,227,200,233,38.6,0.0,0.0,0,0,536.7,403.1,12.8,2965,40.9,5.2,19.0
cow526,4,Jersey,1,0,208,221,192,239,205,239,194,224,38.5,0.0,0.0,0,0,514.6,388.4,10.5,3464,45.2,2.5,19.4
cow526,5,Jersey,1,0,193,221,194,224,190,230,195,232,38.5,0.0,0.0,0,0,495.7,343.3,10.7,3097,125.3,4.4,19.0
cow526,6,Jersey,1,0,189,227,204,234,197,242,189,236,38.5,0.0,0.0,0,0,488.9,392.0,10.1,2760,210.7,4.3,21.2
cow527,1,Jersey,3,0,208,228,204,232,200,227,197,224,38.8,0.0,0.0,0,0,626.9,429.7,11.1,3144,52.8,4.8,20.1
cow527,2,Jersey,3,0,203,240,198,230,202,224,202,219,38.6,0.0,0.0,0,0,509.5,405.0,11.9,3857,33.8,3.9,18.3
cow527,3,Jersey,3,0,203,235,201,230,195,226,219,227,38.6,0.0,1.0,0,0,461.7,381.4,14.0,3296,63.8,5.4,17.8
cow527,4,Jersey,3,0,191,236,200,230,203,223,200,230,38.7,0.0,0.0,0,0,492.1,372.5,11.8,2976,39.4,3.9,18.4
cow527,5,Jersey,3,0,202,219,193,225,199,215,194,234,38.5,0.0,0.0,0,0,517.9,397.3,11.4,2667,104.6,4.1,18.6
cow527,6,Jersey,3,0,198,233,206,232,195,225,198,225,38.5,0.0,0.0,0,0,541.9,337.6,12.5,2753,37.7,4.0,20.3
cow528,1,Jersey,3,0,191,236,190,230,191,234,194,228,38.2,0.0,0.0,0,1,317.2,264.8,14.3,1572,4370.4,9.0,15.0
cow528,2,Jersey,3,0,195,228,191,223,192,239,195,224,38.4,0.0,0.0,0,1,322.1,291.1,12.8,946,2368.2,6.3,13.5
cow528,3,Jersey,3,0,196,244,206,235,199,228,205,236,38.5,0.0,0.0,0,1,269.2,256.2,16.3,1301,4481.6,9.4,10.2
cow528,4,Jersey,3,0,194,233,197,230,198,244,217,237,38.3,0.0,0.0,0,1,308.6,241.2,13.5,1875,283.0,9.2,11.7
cow528,5,Jersey,3,0,189,317,202,233,200,231,201,240,39.0,0.0,0.0,1,1,260.0,228.7,13.8,1360,483.8,7.5,16.1
cow528,6,Jersey,3,0,201,373,190,225,190,238,206,233,39.5,0.0,1.0,1,1,270.2,194.5,14.2,868,5655.0,8.8,13.0
cow529,1,Jersey,6,0,197,232,195,236,195,225,199,230,38.4,0.0,0.0,0,0,483.3,365.4,11.9,3871,48.3,4.6,17.4
cow529,2,Jersey,6,0,204,225,199,233,191,235,199,229,38.4,1.0,0.0,0,0,472.5,317.6,13.3,3705,28.8,5.8,19.7
cow529,3,Jersey,6,0,188,229,190,230,197,229,208,241,38.2,0.0,0.0,0,0,562.6,425.9,10.8,3200,69.1,5.3,20.1
cow529,4,Jersey,6,0,198,238,196,237,188,232,192,210,38.4,0.0,0.0,0,0,547.5,417.8,12.4,3510,93.9,6.3,18.3
cow529,5,Jersey,6,0,206,231,188,221,190,229,190,225,38.3,0.0,0.0,0,0,559.1,394.9,11.7,2893,71.2,3.3,19.8
cow529,6,Jersey,6,0,203,225,205,222,205,225,199,234,38.2,0.0,0.0,0,0,521.6,390.3,12.7,3290,109.7,4.7,18.8
cow530,1,Jersey,3,0,207,234,195,235,191,238,187,221,38.2,0.0,0.0,0,0,551.1,394.7,11.2,2831,99.9,3.1,18.9
cow530,2,Jersey,3,0,200,234,189,238,201,241,197,238,38.3,0.0,0.0,0,0,449.5,342.1,11.1,2458,96.4,4.1,18.2
cow530,3,Jersey,3,0,193,227,196,231,196,235,201,224,38.3,0.0,0.0,0,0,554.5,380.1,12.4,4037,201.6,6.3,19.5
cow530,4,Jersey,3,0,200,233,193,230,191,230,197,230,38.5,0.0,0.0,0,0,527.1,395.5,11.9,2437,78.7,4.9,21.6
cow530,5,Jersey,3,0,204,217,190,226,196,226,191,230,38.5,0.0,0.0,0,0,545.1,365.5,10.5,3119,77.1,5.3,21.2
cow530,6,Jersey,3,0,200,228,207,221,193,210,196,235,38.3,0.0,0.0,0,0,535.2,356.2,13.1,3114,138.3,4.9,21.3
cow531,1,Jersey,6,0,195,226,208,237,197,232,211,224,38.8,0.0,0.0,0,0,480.5,354.1,12.4,3206,116.4,4.9,17.6
cow531,2,Jersey,6,0,191,237,200,227,201,226,200,227,38.7,0.0,0.0,0,0,460.1,340.2,11.4,2964,42.6,4.1,19.3
cow531,3,Jersey,6,0,202,227,190,229,212,230,186,215,38.7,0.0,0.0,0,0,491.5,367.8,10.9,2968,74.5,3.9,19.3
cow531,4,Jersey,6,0,197,221,205,226,194,223,193,223,38.6,0.0,0.0,0,0,542.6,381.9,11.9,3055,107.5,4.1,19.0
cow531,5,Jersey,6,0,193,224,196,235,187,226,197,225,38.8,0.0,0.0,0,0,547.6,430.5,12.3,3192,53.0,2.5,19.7
cow531,6,Jersey,6,0,191,233,192,231,191,230,197,229,38.6,0.0,0.0,0,0,465.3,350.1,9.6,2999,54.7,4.4,18.7
cow532,1,Jersey,2,0,204,219,200,231,192,218,200,232,38.6,0.0,0.0,0,0,480.8,360.6,12.0,2973,30.4,4.7,20.3
cow532,2,Jersey,2,0,196,221,199,226,188,233,204,225,38.7,0.0,0.0,0,0,491.1,366.2,12.3,2472,10.8,4.0,20.9
cow532,3,Jersey,2,0,188,231,195,240,192,231,190,220,38.3,0.0,0.0,0,0,505.7,389.5,8.7,3805,61.3,4.4,21.8
cow532,4,Jersey,2,0,194,219,186,224,199,222,205,226,,0.0,0.0,0,0,465.5,357.7,11.7,3214,86.7,4.9,21.1
cow532,5,Jersey,2,0,205,227,195,219,204,238,205,239,38.4,0.0,0.0,0,0,463.1,353.8,12.3,3084,37.3,5.2,19.5
cow532,6,Jersey,2,0,192,230,201,224,203,234,211,226,38.6,0.0,0.0,0,0,487.1,373.5,12.2,2750,205.8,3.5,20.0
cow533,1,Jersey,3,0,195,225,199,226,199,225,203,226,39.1,0.0,0.0,0,1,298.5,224.2,14.5,899,858.3,7.4,14.5
cow533,2,Jersey,3,0,203,215,207,302,200,237,192,232,39.1,0.0,1.0,0,1,247.8,194.5,13.1,1644,4162.8,8.6,9.8
cow533,3,Jersey,3,0,198,202,205,332,201,239,213,226,39.4,1.0,1.0,0,1,290.4,250.9,12.3,1236,2796.0,8.5,13.3
cow533,4,Jersey,3,0,211,205,200,342,188,229,198,232,39.6,1.0,0.0,0,1,337.3,276.8,11.3,1548,9999.0,9.1,12.1
cow533,5,Jersey,3,0,198,195,199,369,198,237,194,226,39.3,1.0,1.0,1,1,242.9,234.2,14.8,759,3082.8,9.0,9.7
cow533,6,Jersey,3,0,208,193,199,391,203,228,195,232,39.7,1.0,1.0,1,1,286.7,250.4,14.3,1919,622.0,9.9,15.5
cow534,1,Jersey,3,0,190,229,200,229,207,230,204,226,38.0,0.0,0.0,0,0,561.0,415.1,12.9,3361,164.6,4.3,20.5
cow534,2,Jersey,3,0,202,228,190,227,193,228,190,221,37.9,0.0,0.0,0,0,503.3,347.5,10.6,2968,256.6,5.8,20.1
cow534,3,Jersey,3,0,205,229,198,228,191,232,199,223,37.8,0.0,0.0,0,0,497.1,366.0,12.5,3187,23.4,3.8,20.6
cow534,4,Jersey,3,0,198,239,203,238,196,225,188,227,37.9,0.0,0.0,0,0,566.5,383.8,9.7,3296,123.5,6.4,21.6
cow534,5,Jersey,3,0,198,222,204,231,203,229,202,226,38.2,0.0,0.0,0,0,507.8,379.6,10.5,2465,143.9,4.9,21.7
cow534,6,Jersey,3,0,191,245,209,238,193,227,195,224,38.2,0.0,0.0,0,0,564.2,372.7,11.7,3671,68.6,4.9,19.5
cow535,1,Jersey,4,0,194,237,196,220,192,228,201,225,38.6,0.0,0.0,0,0,537.2,396.6,12.3,3193,14.9,5.3,20.8
cow535,2,Jersey,4,0,201,226,203,238,200,242,198,232,38.7,0.0,0.0,0,0,506.3,345.3,13.5,2718,64.7,3.4,18.6
cow535,3,Jersey,4,0,192,226,201,230,202,234,199,233,38.8,0.0,0.0,0,0,539.2,384.6,11.2,2561,53.2,3.6,22.7
cow535,4,Jersey,4,0,191,230,199,239,196,221,189,238,38.7,0.0,0.0,0,0,532.8,403.8,10.5,3395,228.5,4.6,19.8
cow535,5,Jersey,4,0,188,231,200,230,200,227,188,234,38.7,0.0,0.0,0,0,560.8,408.6,10.4,3084,74.7,4.8,20.5
cow535,6,Jersey,4,0,202,224,209,219,200,229,198,231,38.8,0.0,0.0,0,0,498.1,337.2,10.7,3193,59.7,6.2,20.2
cow536,1,Jersey,5,0,199,223,198,235,203,229,197,228,38.6,0.0,0.0,0,0,521.6,368.9,14.2,3011,53.0,3.7,18.9
cow536,2,Jersey,5,0,201,231,202,220,206,242,197,231,38.4,0.0,0.0,0,0,517.5,351.5,12.4,2599,99.5,5.7,20.9
cow536,3,Jersey,5,0,193,242,205,226,179,231,194,225,38.7,0.0,0.0,0,0,548.2,366.4,12.8,3203,82.6,4.3,19.8
cow536,4,Jersey,5,0,191,234,197,223,200,232,196,228,38.5,0.0,0.0,0,0,479.0,357.5,11.2,2921,46.0,4.3,19.1
cow536,5,Jersey,5,0,189,233,191,231,203,232,202,236,38.1,1.0,0.0,0,0,560.7,414.5,11.5,2991,95.3,4.4,21.0
cow536,6,Jersey,5,0,198,230,201,222,206,232,187,232,38.5,0.0,0.0,0,0,538.7,399.1,12.3,3951,54.1,4.3,20.2
cow537,1,Jersey,5,0,191,220,200,220,213,228,206,228,38.2,0.0,0.0,0,1,242.3,234.2,12.9,1648,247.0,8.4,9.5
cow537,2,Jersey,5,0,202,221,205,226,207,237,197,225,38.3,0.0,0.0,0,1,343.3,283.8,13.2,1671,3418.3,7.7,11.8
cow537,3,Jersey,5,0,196,234,252,225,197,222,195,228,38.6,0.0,0.0,0,1,384.4,303.7,12.7,2388,3166.8,6.9,10.0
cow537,4,Jersey,5,0,194,234,271,220,183,243,199,222,39.1,0.0,1.0,0,1,335.1,259.7,13.0,1454,2343.7,7.8,10.4
cow537,5,Jersey,5,0,202,217,279,227,198,229,192,241,39.7,0.0,0.0,1,1,352.1,281.3,13.6,1348,1396.8,8.4,14.9
cow537,6,Jersey,5,0,188,232,308,231,191,238,194,222,40.4,1.0,1.0,1,1,298.4,233.3,12.5,1028,1882.7,6.9,14.3
cow538,1,Jersey,5,0,205,229,192,239,198,225,195,233,38.5,0.0,0.0,0,0,453.5,324.9,11.8,2819,139.9,5.0,20.7
cow538,2,Jersey,5,0,190,238,203,242,197,229,185,227,38.7,0.0,0.0,0,0,446.2,337.3,11.8,2181,51.3,5.4,18.3
cow538,3,Jersey,5,0,204,232,205,235,196,223,203,228,38.6,0.0,0.0,0,0,530.2,384.0,11.3,3316,143.8,5.7,20.0
cow538,4,Jersey,5,0,200,234,206,229,197,229,190,218,38.7,0.0,0.0,0,0,496.3,421.0,10.5,2493,28.7,4.8,19.8
cow538,5,Jersey,5,0,194,232,192,226,198,225,202,228,38.5,0.0,0.0,0,0,483.4,333.8,11.6,3361,89.2,3.1,20.5
cow538,6,Jersey,5,0,194,228,199,231,193,235,204,218,38.7,0.0,0.0,0,0,517.5,376.2,10.9,2983,80.9,5.0,22.3
cow539,1,Jersey,4,0,202,227,202,224,199,224,194,237,38.7,0.0,0.0,0,0,544.6,369.1,11.6,3051,158.8,5.3,20.1
cow539,2,Jersey,4,0,203,225,201,231,197,225,207,225,38.5,0.0,0.0,0,0,461.9,338.2,12.8,2983,42.1,3.9,20.8
cow539,3,Jersey,4,0,203,231,208,241,197,226,198,228,38.7,0.0,0.0,0,0,502.0,363.0,10.0,3554,45.4,4.4,20.6
cow539,4,Jersey,4,0,191,223,199,237,194,233,202,232,38.7,0.0,0.0,0,0,580.4,431.4,14.1,3484,30.3,4.9,20.5
cow539,5,Jersey,4,0,196,227,203,227,191,234,193,220,38.4,0.0,0.0,0,0,477.0,346.1,11.4,2988,53.7,5.9,21.7
cow539,6,Jersey,4,0,188,216,201,230,211,226,206,232,38.4,0.0,0.0,0,0,554.8,397.4,12.0,2640,94.8,4.3,19.1
cow540,1,Jersey,2,0,196,231,193,223,187,230,197,222,38.2,0.0,0.0,0,0,500.6,360.6,10.6,3370,22.9,5.2,18.6
cow540,2,Jersey,2,0,198,229,202,221,184,238,200,225,38.1,0.0,0.0,0,0,541.8,367.9,12.9,2610,58.5,4.8,18.0
cow540,3,Jersey,2,0,200,228,190,227,190,232,213,232,38.6,0.0,0.0,0,0,563.9,394.6,11.3,2378,121.1,4.7,20.3
cow540,4,Jersey,2,0,200,227,189,218,212,226,197,217,38.3,0.0,0.0,0,0,549.7,390.9,11.0,3199,74.0,5.6,19.1
cow540,5,Jersey,2,0,202,230,203,226,206,247,204,228,38.4,0.0,0.0,0,0,556.4,403.1,10.8,3487,83.7,3.8,20.2
cow540,6,Jersey,2,0,198,222,199,229,193,230,199,232,38.1,0.0,0.0,0,0,473.9,362.4,11.2,2838,28.1,4.7,20.4
cow541,1,Jersey,1,0,202,226,205,236,206,220,197,231,38.4,0.0,0.0,0,1,339.5,277.5,14.0,1462,1840.7,8.0,11.3
cow541,2,Jersey,1,0,200,225,192,228,206,232,199,234,38.6,0.0,0.0,0,1,260.9,230.0,13.7,1134,2041.9,6.8,11.5
cow541,3,Jersey,1,0,208,294,181,230,210,224,194,229,38.8,0.0,0.0,0,1,305.4,230.3,13.5,1589,1748.6,9.0,11.6
cow541,4,Jersey,1,0,195,317,174,221,201,224,201,230,39.1,0.0,0.0,0,1,305.3,270.9,12.6,1738,2256.7,8.7,13.3
cow541,5,Jersey,1,0,201,341,165,228,193,212,208,220,39.8,1.0,1.0,1,1,314.4,254.1,12.6,1195,1555.3,8.0,12.9
cow541,6,Jersey,1,0,194,362,153,242,195,237,206,228,40.1,1.0,1.0,1,1,308.5,276.5,12.9,889,1381.6,7.8,9.8
cow542,1,Jersey,3,0,199,229,196,234,204,235,197,233,38.6,0.0,0.0,0,0,486.2,383.4,12.1,2417,38.7,4.5,19.2
cow542,2,Jersey,3,0,198,227,192,238,202,224,193,230,38.5,0.0,0.0,0,0,466.0,344.2,12.3,3370,155.7,5.1,21.4
cow542,3,Jersey,3,0,196,225,200,236,198,228,192,220,38.5,0.0,0.0,0,0,554.9,382.5,12.5,2545,34.0,4.5,21.8
cow542,4,Jersey,3,0,200,219,190,227,195,243,186,227,38.6,0.0,0.0,0,0,527.4,384.2,11.5,3149,88.6,4.0,19.2
cow542,5,Jersey,3,0,194,227,183,234,210,229,198,234,38.6,0.0,0.0,0,0,566.0,413.9,12.0,3311,277.9,4.1,20.3
cow542,6,Jersey,3,0,202,218,199,226,205,234,196,231,38.6,0.0,0.0,0,0,518.2,373.2,11.3,2799,170.0,4.5,17.1
cow543,1,Jersey,4,0,205,230,195,219,196,226,199,228,38.9,0.0,0.0,0,0,463.8,336.1,9.4,2934,112.9,3.8,20.8
cow543,2,Jersey,4,0,204,227,195,234,207,232,211,228,38.7,1.0,0.0,0,0,558.6,413.3,11.2,3400,94.4,4.8,19.8
cow543,3,Jersey,4,0,213,234,200,246,195,217,192,225,38.6,0.0,0.0,0,0,505.2,380.1,11.0,2677,72.7,3.9,22.3
cow543,4,Jersey,4,0,190,232,186,224,203,238,203,227,38.8,0.0,0.0,0,0,533.7,382.0,10.3,2636,42.6,3.7,18.0
cow543,5,Jersey,4,0,208,224,201,227,200,221,207,221,38.9,0.0,0.0,0,0,494.1,334.7,10.8,2906,66.7,7.1,20.3
cow543,6,Jersey,4,0,206,223,196,230,204,222,201,236,38.7,0.0,0.0,0,0,585.8,427.7,11.7,3511,118.2,6.1,19.6
cow544,1,Jersey,2,0,200,240,196,233,192,225,196,216,37.9,0.0,0.0,0,0,484.9,345.2,10.1,3644,104.0,4.6,22.3
cow544,2,Jersey,2,0,199,227,213,239,196,229,203,222,38.2,0.0,0.0,0,0,506.5,375.8,10.6,2960,137.0,5.2,21.1
cow544,3,Jersey,2,0,191,223,194,235,188,232,198,224,38.1,0.0,0.0,0,0,524.3,385.3,13.4,2715,184.5,5.3,20.0
cow544,4,Jersey,2,0,203,229,193,228,192,231,195,233,38.0,0.0,0.0,0,0,476.3,319.8,9.6,3426,71.2,4.4,20.7
cow544,5,Jersey,2,0,190,231,192,224,194,233,196,224,38.3,0.0,0.0,0,0,533.2,389.4,11.3,2332,90.7,4.7,20.5
cow544,6,Jersey,2,0,199,228,205,223,205,231,186,232,38.4,0.0,0.0,0,0,584.5,427.9,10.1,3099,21.4,4.3,20.7
cow545,1,Jersey,6,0,202,235,202,226,195,223,193,233,38.8,0.0,0.0,0,0,500.4,379.7,10.6,2982,377.4,5.5,20.9
cow545,2,Jersey,6,0,203,230,203,228,199,222,196,225,38.9,0.0,0.0,0,0,535.8,391.6,11.3,3518,59.7,5.5,18.2
cow545,3,Jersey,6,0,197,227,196,223,201,233,194,223,38.8,0.0,0.0,0,0,410.0,278.4,10.3,3558,124.6,5.7,20.4
cow545,4,Jersey,6,0,198,234,195,231,186,226,191,241,39.0,0.0,0.0,0,0,518.4,402.1,12.2,2623,59.7,4.7,21.0
cow545,5,Jersey,6,0,198,231,197,228,200,233,192,226,39.2,0.0,0.0,0,0,507.5,379.9,13.1,3067,58.7,6.2,18.9
cow545,6,Jersey,6,0,202,233,197,233,200,234,197,221,38.5,0.0,0.0,0,0,487.3,338.7,12.5,2772,67.4,4.4,21.0
cow546,1,Jersey,2,0,199,226,186,238,200,223,191,245,38.3,0.0,0.0,0,0,563.3,391.8,12.7,2883,33.6,6.1,18.0
cow546,2,Jersey,2,0,192,233,216,239,180,234,207,232,38.3,0.0,0.0,0,0,507.0,376.3,9.8,3247,14.3,4.1,19.7
cow546,3,Jersey,2,0,194,236,197,234,208,228,193,236,38.6,0.0,0.0,0,0,512.9,388.0,11.2,2866,177.0,3.5,20.1
cow546,4,Jersey,2,0,200,225,202,235,194,229,194,232,38.1,0.0,0.0,0,0,504.9,362.2,12.1,3078,115.8,6.1,20.7
cow546,5,Jersey,2,0,195,241,197,231,213,240,201,211,38.0,0.0,0.0,0,0,443.3,348.9,12.5,3383,42.2,5.0,21.7
cow546,6,Jersey,2,0,199,230,191,217,198,236,181,222,,0.0,0.0,0,0,474.7,320.6,13.6,3606,108.5,4.9,19.6
cow547,1,Jersey,2,0,198,237,194,225,194,229,193,226,38.7,0.0,0.0,0,0,558.4,384.3,12.8,3115,140.3,4.2,19.2
cow547,2,Jersey,2,0,186,220,203,226,192,230,200,232,39.0,0.0,0.0,0,0,435.6,292.2,12.6,3047,49.2,3.8,21.6
cow547,3,Jersey,2,0,197,235,203,237,193,224,214,236,38.9,0.0,0.0,0,0,489.3,345.5,14.7,2557,105.6,3.9,21.3
cow547,4,Jersey,2,0,202,234,188,232,194,225,197,226,38.8,0.0,0.0,0,0,504.0,397.6,11.6,3634,159.2,4.6,20.3
cow547,5,Jersey,2,0,197,226,203,239,206,226,208,238,38.7,0.0,0.0,0,0,589.7,458.9,11.2,3198,29.4,4.4,22.3
cow547,6,Jersey,2,0,199,239,198,233,195,228,189,224,38.7,0.0,0.0,0,0,550.7,402.7,11.7,3054,114.8,2.9,17.9
cow548,1,Jersey,4,0,194,220,203,223,193,228,196,235,38.6,0.0,0.0,0,0,497.7,355.1,10.4,3034,102.2,5.9,22.9
cow548,2,Jersey,4,0,193,233,192,229,194,226,211,226,38.8,0.0,0.0,0,0,572.2,407.3,11.6,3144,291.2,4.2,20.3
cow548,3,Jersey,4,0,197,233,193,229,198,229,197,234,38.9,0.0,0.0,0,0,490.4,370.7,9.4,3309,116.7,5.5,21.5
cow548,4,Jersey,4,0,203,225,201,219,203,232,194,229,38.6,0.0,0.0,0,0,560.4,376.1,10.9,3358,59.8,3.9,20.5
cow548,5,Jersey,4,0,199,229,191,242,205,225,187,234,38.8,0.0,0.0,0,0,465.6,337.1,11.4,3644,64.8,4.6,20.3
cow548,6,Jersey,4,0,201,230,194,242,198,233,198,226,38.7,0.0,0.0,0,0,562.9,431.6,12.6,3097,321.4,5.3,17.4
cow549,1,Jersey,5,0,201,226,195,231,197,234,192,223,38.8,0.0,0.0,0,0,503.8,351.4,12.8,3702,62.2,5.2,19.2
cow549,2,Jersey,5,0,200,230,199,237,208,223,199,231,38.8,0.0,0.0,0,0,478.9,341.8,10.3,3423,119.1,4.3,21.0
cow549,3,Jersey,5,0,188,230,208,235,198,232,198,229,38.5,0.0,0.0,0,0,511.3,375.0,14.0,2976,67.4,4.9,20.6
cow549,4,Jersey,5,0,192,224,190,228,200,225,187,227,38.7,0.0,0.0,0,0,531.1,391.8,11.7,2333,167.6,5.0,21.2
cow549,5,Jersey,5,0,194,229,192,227,188,222,190,235,38.8,0.0,0.0,0,0,500.2,356.9,11.8,3034,173.5,4.4,18.9
cow549,6,Jersey,5,0,191,229,199,233,187,232,201,215,38.7,0.0,0.0,0,0,542.2,394.7,9.6,3623,78.2,3.6,20.3
cow550,1,Jersey,1,0,200,224,210,239,204,236,196,227,38.6,0.0,0.0,0,0,496.7,377.0,10.8,2690,60.0,4.0,20.9
cow550,2,Jersey,1,0,198,236,195,229,193,236,197,222,38.6,0.0,0.0,0,0,544.8,430.2,12.8,3033,59.0,4.2,21.2
cow550,3,Jersey,1,0,196,237,200,227,190,229,195,227,38.5,0.0,0.0,0,0,537.7,388.3,11.7,3066,24.1,4.5,20.8
cow550,4,Jersey,1,0,193,227,191,241,205,218,200,245,38.7,0.0,0.0,0,0,517.6,377.8,11.6,3377,85.1,5.8,18.6
cow550,5,Jersey,1,0,203,230,197,224,205,229,190,230,38.7,0.0,0.0,0,0,502.3,396.9,11.8,2845,84.0,5.2,19.5
cow550,6,Jersey,1,0,192,229,205,239,196,247,194,230,38.7,0.0,0.0,0,0,526.1,373.8,9.8,2652,45.2,3.8,20.4
cow551,1,Jersey,4,0,190,240,191,224,201,232,200,214,38.5,1.0,0.0,0,0,542.0,369.4,11.4,3228,22.4,6.0,20.2
cow551,2,Jersey,4,0,195,220,198,234,204,228,205,219,38.5,0.0,0.0,0,0,602.5,434.0,13.2,2703,91.6,4.4,21.1
cow551,3,Jersey,4,0,188,236,198,235,197,228,194,229,38.4,0.0,0.0,0,0,557.6,421.9,12.8,2266,100.0,5.0,18.4
cow551,4,Jersey,4,0,191,231,194,225,200,231,203,234,38.4,0.0,0.0,0,0,559.0,409.9,11.3,3736,104.3,3.7,18.2
cow551,5,Jersey,4,0,198,233,196,233,205,239,204,224,,,,0,0,643.5,452.4,13.4,3371,40.1,4.1,20.6
cow551,6,Jersey,4,0,194,231,192,217,196,234,193,233,38.7,0.0,0.0,0,0,540.6,366.3,10.0,3753,104.5,5.3,18.9
cow552,1,Jersey,2,0,194,237,200,228,193,226,203,225,38.6,0.0,0.0,0,1,314.4,265.6,12.3,1650,1727.8,7.3,12.9
cow552,2,Jersey,2,0,191,228,193,230,199,227,184,216,38.5,0.0,0.0,0,1,323.2,294.1,15.7,1572,4004.7,8.0,10.6
cow552,3,Jersey,2,0,206,223,226,223,208,232,201,235,38.8,1.0,0.0,1,1,254.6,208.6,14.2,1448,909.5,8.4,9.7
cow552,4,Jersey,2,0,202,233,225,242,213,230,207,222,39.1,1.0,1.0,1,1,277.2,239.9,13.2,1226,5041.6,7.2,14.4
cow552,5,Jersey,2,0,197,228,237,239,194,228,191,227,39.4,1.0,1.0,1,1,274.8,235.9,13.4,1505,6737.4,6.6,12.2
cow552,6,Jersey,2,0,199,226,237,232,196,226,204,229,40.0,1.0,1.0,0,1,320.9,258.0,12.5,1079,2190.9,8.7,9.4
cow553,1,Jersey,2,0,200,234,187,227,200,232,191,225,38.4,0.0,0.0,0,0,513.0,380.3,11.8,2572,105.0,6.8,17.5
cow553,2,Jersey,2,0,194,233,193,235,200,240,197,236,38.6,0.0,0.0,0,0,525.5,391.3,11.7,2867,136.5,4.9,20.5
cow553,3,Jersey,2,0,202,225,197,234,200,218,191,229,38.4,0.0,0.0,0,0,563.5,413.9,11.5,3517,39.1,5.0,21.0
cow553,4,Jersey,2,0,199,236,204,236,190,224,207,223,38.2,0.0,0.0,0,0,554.5,383.1,10.1,2507,56.8,3.8,20.8
cow553,5,Jersey,2,0,214,221,194,227,198,228,204,233,38.4,0.0,0.0,0,0,513.5,346.5,11.8,2513,90.2,5.7,19.8
cow553,6,Jersey,2,0,185,229,194,231,199,234,198,224,38.5,0.0,0.0,0,0,493.2,368.6,10.9,3237,322.2,4.2,20.7
cow554,1,Jersey,6,0,205,231,196,238,194,240,201,222,38.8,0.0,0.0,0,0,565.4,398.1,10.3,2834,34.8,5.4,18.9
cow554,2,Jersey,6,0,209,236,203,227,197,233,201,237,38.9,0.0,0.0,0,0,551.0,431.7,13.0,3194,246.2,5.0,21.3
cow554,3,Jersey,6,0,201,238,180,221,201,227,193,221,38.9,0.0,0.0,0,0,455.7,375.4,14.1,3396,69.5,5.0,17.2
cow554,4,Jersey,6,0,197,229,197,233,201,223,196,240,39.0,0.0,0.0,0,0,507.5,408.3,13.8,3185,77.6,5.0,18.4
cow554,5,Jersey,6,0,202,236,201,228,194,232,202,237,39.0,0.0,0.0,0,0,526.6,367.1,12.3,2747,184.3,4.9,21.1
cow554,6,Jersey,6,0,190,223,212,229,200,218,203,230,39.1,0.0,0.0,0,0,551.2,408.9,11.2,3513,320.9,4.7,20.5
cow555,1,Jersey,3,0,194,239,196,234,199,225,198,231,38.8,0.0,0.0,0,0,556.4,417.5,11.4,3297,106.4,5.3,17.4
cow555,2,Jersey,3,0,200,230,207,231,200,230,198,238,38.7,0.0,0.0,0,0,531.4,400.5,12.0,3011,177.6,3.9,20.5
cow555,3,Jersey,3,0,198,228,197,231,202,240,196,218,38.9,0.0,0.0,1,0,543.4,387.7,11.0,2991,42.1,4.3,17.4
cow555,4,Jersey,3,0,213,238,194,229,202,237,189,233,39.0,0.0,0.0,0,0,522.6,404.6,13.1,3150,55.1,5.7,21.6
cow555,5,Jersey,3,0,196,226,194,237,200,227,194,230,38.7,0.0,0.0,0,0,493.0,363.8,9.1,2875,31.2,4.6,20.7
cow555,6,Jersey,3,0,197,218,190,229,200,231,207,215,39.1,0.0,0.0,0,0,509.5,376.0,11.1,2348,55.6,4.2,21.8
cow556,1,Jersey,4,0,199,223,182,237,195,219,197,235,38.2,0.0,0.0,0,0,520.8,352.8,12.5,3300,117.4,5.3,19.6
cow556,2,Jersey,4,0,201,224,200,225,210,222,193,227,38.3,0.0,0.0,0,0,518.6,390.8,10.5,3276,92.0,5.2,17.8
cow556,3,Jersey,4,0,202,227,200,234,189,223,188,229,38.2,0.0,0.0,0,0,444.6,330.1,11.2,2080,261.9,3.5,19.2
cow556,4,Jersey,4,0,201,229,198,221,202,235,196,224,38.1,0.0,0.0,0,0,504.1,378.8,12.2,3204,328.4,5.1,19.0
cow556,5,Jersey,4,0,204,227,203,245,194,217,190,235,38.3,0.0,0.0,0,0,522.2,385.6,13.3,3703,72.3,4.6,20.5
cow556,6,Jersey,4,0,195,243,207,227,204,223,203,216,38.2,0.0,0.0,0,0,508.7,376.5,9.9,2549,49.7,5.1,17.8
cow557,1,Jersey,2,0,193,234,199,234,196,233,201,232,38.6,0.0,0.0,0,0,510.1,373.3,9.9,2971,177.0,4.5,19.3
cow557,2,Jersey,2,0,192,232,198,235,204,251,193,233,38.7,0.0,0.0,0,0,539.5,405.9,10.4,2927,190.2,4.9,18.3
cow557,3,Jersey,2,0,198,229,197,237,191,225,196,224,38.8,0.0,0.0,0,0,476.8,350.5,9.7,3664,107.7,3.0,19.5
cow557,4,Jersey,2,0,204,230,188,231,190,218,202,236,38.7,0.0,0.0,0,0,454.9,314.7,9.7,3448,129.3,3.8,22.3
cow557,5,Jersey,2,0,211,224,199,235,194,228,193,229,39.1,0.0,0.0,0,0,506.1,381.9,10.3,2649,116.1,5.1,20.3
cow557,6,Jersey,2,0,194,228,206,226,202,238,204,222,38.7,0.0,0.0,0,0,550.6,383.8,13.0,3137,40.1,6.6,20.1
cow558,1,Jersey,4,0,193,228,198,236,197,226,204,236,38.6,0.0,0.0,0,1,362.5,271.7,13.1,2221,747.3,8.3,15.0
cow558,2,Jersey,4,0,189,221,201,231,199,220,203,230,38.4,0.0,0.0,0,1,326.3,255.4,13.5,1050,1915.1,7.4,10.7
cow558,3,Jersey,4,0,197,220,256,240,199,218,204,224,38.6,0.0,1.0,1,1,236.3,224.9,12.4,1296,1697.0,8.1,10.8
cow558,4,Jersey,4,0,196,223,264,239,197,220,200,217,39.4,1.0,1.0,0,1,285.7,247.7,14.3,1505,2494.2,7.3,8.4
cow558,5,Jersey,4,0,198,235,302,239,197,222,196,225,39.9,1.0,1.0,1,1,305.3,222.8,15.8,1056,1795.0,9.0,14.2
cow558,6,Jersey,4,0,189,228,308,235,198,219,200,231,40.0,1.0,1.0,1,1,302.1,252.4,12.4,2005,505.7,8.0,15.1
cow559,1,Jersey,4,0,194,223,203,230,183,227,198,228,38.3,0.0,0.0,0,0,541.6,414.0,13.6,2811,18.5,5.3,18.0
cow559,2,Jersey,4,0,194,225,195,228,207,229,190,228,38.3,0.0,0.0,0,0,483.3,349.9,11.9,2444,132.2,4.4,20.6
cow559,3,Jersey,4,0,200,223,191,231,202,226,201,218,38.4,0.0,0.0,0,0,522.6,378.6,11.5,2790,50.3,5.4,19.5
cow559,4,Jersey,4,0,203,222,198,220,194,223,202,231,37.9,0.0,0.0,0,0,536.8,408.9,12.0,3261,67.7,3.2,19.0
cow559,5,Jersey,4,0,201,233,198,231,194,231,194,211,38.3,0.0,0.0,0,0,553.0,414.1,12.0,2681,54.0,4.5,20.2
cow559,6,Jersey,4,0,195,239,208,228,206,225,187,228,38.2,0.0,0.0,0,0,487.8,379.1,13.7,3121,42.3,4.9,20.4
cow560,1,Jersey,1,0,196,225,196,228,200,234,200,230,38.4,0.0,0.0,0,0,506.2,321.8,12.1,3225,41.5,4.3,21.2
cow560,2,Jersey,1,0,201,235,204,239,200,232,199,238,38.3,0.0,0.0,0,0,411.8,346.3,12.1,2516,160.7,4.8,19.7
cow560,3,Jersey,1,0,201,232,199,227,195,222,197,221,38.3,0.0,0.0,0,0,495.1,376.5,11.0,2775,67.3,4.8,18.8
cow560,4,Jersey,1,0,195,216,205,224,197,235,201,220,38.4,0.0,0.0,0,0,499.0,411.7,12.5,3140,123.1,5.3,19.0
cow560,5,Jersey,1,0,192,231,199,240,198,226,193,225,38.3,0.0,0.0,0,0,479.2,341.4,10.4,3281,135.1,5.0,19.9
cow560,6,Jersey,1,0,196,231,190,232,197,228,207,227,38.3,0.0,0.0,0,0,526.6,352.2,11.6,2784,98.8,4.8,20.8
cow561,1,Jersey,6,0,196,235,202,233,200,234,216,240,38.1,0.0,0.0,0,0,517.8,378.8,15.0,3061,138.2,5.2,19.6
cow561,2,Jersey,6,0,186,231,190,237,199,235,197,229,38.5,0.0,0.0,0,0,429.6,320.8,8.5,2886,80.2,3.4,20.8
cow561,3,Jersey,6,0,214,239,202,236,205,230,199,230,38.1,0.0,0.0,0,0,528.6,396.9,11.8,3291,203.8,3.9,18.9
cow561,4,Jersey,6,0,184,233,202,229,190,221,208,236,38.4,0.0,0.0,0,0,482.9,377.1,11.8,3208,140.3,3.4,17.3
cow561,5,Jersey,6,0,198,228,210,236,201,227,201,234,38.6,0.0,0.0,0,0,539.4,390.1,11.2,2851,153.8,4.9,21.4
cow561,6,Jersey,6,0,195,236,191,227,201,236,202,237,38.1,0.0,0.0,0,0,468.7,344.9,11.3,3191,41.5,4.8,20.5
cow562,1,Jersey,2,0,195,221,194,223,204,223,200,235,38.6,0.0,0.0,0,0,521.2,390.1,11.6,2835,95.3,5.6,18.9
cow562,2,Jersey,2,0,206,236,199,225,197,234,206,227,38.2,0.0,0.0,0,0,508.7,368.6,11.2,3183,22.4,4.8,21.1
cow562,3,Jersey,2,0,206,230,194,228,199,227,191,226,38.5,0.0,0.0,0,0,532.1,381.2,11.8,3189,209.1,4.0,22.4
cow562,4,Jersey,2,0,185,248,195,224,197,237,205,235,38.3,0.0,0.0,0,0,525.0,401.7,10.9,3948,51.6,4.6,19.6
cow562,5,Jersey,2,0,191,234,196,236,205,232,197,238,38.2,0.0,0.0,0,0,509.8,396.6,13.9,2865,56.8,3.0,20.5
cow562,6,Jersey,2,0,198,230,187,241,194,221,199,231,38.3,0.0,0.0,0,0,458.5,362.6,11.2,2943,30.9,4.2,21.3
cow563,1,Jersey,6,0,196,230,198,241,199,230,193,234,38.4,0.0,0.0,0,0,460.9,341.5,12.2,2741,77.5,2.6,19.5
cow563,2,Jersey,6,0,201,229,191,236,199,228,202,223,38.5,0.0,0.0,0,0,496.6,327.5,10.7,2587,66.0,4.8,23.5
cow563,3,Jersey,6,0,200,230,200,237,200,233,185,226,38.4,0.0,0.0,0,0,519.7,377.1,12.6,2817,279.8,4.3,21.1
cow563,4,Jersey,6,0,210,229,204,227,202,238,199,232,38.6,0.0,0.0,0,0,495.7,351.8,12.4,3266,143.8,4.4,19.7
cow563,5,Jersey,6,0,210,225,191,231,197,222,192,235,38.6,0.0,0.0,1,0,545.0,392.7,12.0,3295,55.7,3.8,20.3
cow563,6,Jersey,6,0,197,232,198,221,194,225,197,234,38.6,0.0,0.0,0,0,508.8,361.2,10.3,3118,25.1,4.0,19.4
cow564,1,Jersey,5,0,190,222,196,238,200,230,210,231,38.9,0.0,0.0,0,0,481.4,356.5,10.6,2882,16.4,5.1,19.8
cow564,2,Jersey,5,0,196,220,198,223,194,223,210,231,38.8,0.0,0.0,0,0,508.9,354.6,13.5,2803,39.1,3.4,18.5
cow564,3,Jersey,5,0,197,226,197,225,186,221,202,221,39.0,0.0,0.0,0,0,529.0,362.4,10.6,2633,31.7,4.9,19.6
cow564,4,Jersey,5,0,191,233,205,222,190,226,202,233,38.8,0.0,0.0,0,0,533.0,409.8,12.3,2777,101.1,3.9,20.8
cow564,5,Jersey,5,0,197,237,193,223,203,221,199,228,38.9,0.0,0.0,0,0,595.1,407.6,10.4,2482,71.9,3.2,20.6
cow564,6,Jersey,5,0,199,218,193,220,184,220,197,233,38.8,0.0,0.0,0,0,493.2,364.0,12.7,3543,80.4,5.5,20.5
cow565,1,Jersey,1,0,201,228,193,232,205,225,194,233,38.8,0.0,0.0,0,0,517.1,395.4,10.7,3735,41.2,5.6,19.7
cow565,2,Jersey,1,0,203,235,192,241,200,222,194,230,38.6,0.0,0.0,0,0,537.0,406.7,10.3,2226,88.2,4.1,23.1
cow565,3,Jersey,1,0,191,224,195,232,190,233,206,224,38.8,0.0,0.0,0,0,519.1,393.7,10.6,3116,29.8,4.1,22.0
cow565,4,Jersey,1,0,185,230,197,234,211,232,205,239,38.6,0.0,0.0,0,0,500.0,373.4,10.8,3109,74.7,4.3,19.9
cow565,5,Jersey,1,0,199,233,203,229,202,235,196,227,38.6,0.0,0.0,0,0,458.0,355.8,12.0,3084,141.0,3.9,21.6
cow565,6,Jersey,1,0,197,232,194,226,196,234,196,228,38.9,0.0,0.0,0,0,499.6,392.5,11.6,2763,61.7,4.0,18.1
cow566,1,Jersey,3,0,196,228,188,229,213,235,189,219,38.2,0.0,0.0,0,0,477.1,361.9,10.2,3409,107.9,4.9,19.6
cow566,2,Jersey,3,0,211,232,189,232,191,231,202,225,38.6,0.0,0.0,0,0,450.9,305.5,11.5,3164,20.3,6.2,18.6
cow566,3,Jersey,3,0,196,225,201,234,183,238,196,230,38.3,0.0,0.0,0,0,488.2,351.4,10.1,3414,19.2,4.2,18.9
cow566,4,Jersey,3,0,203,229,196,229,200,229,200,230,38.4,0.0,0.0,0,0,478.1,367.4,12.3,2705,99.6,5.3,20.3
cow566,5,Jersey,3,0,197,227,194,228,198,233,202,238,38.3,0.0,0.0,0,0,543.4,382.7,12.5,2447,163.7,4.8,19.5
cow566,6,Jersey,3,0,204,222,205,230,193,236,201,229,38.4,0.0,0.0,0,0,544.0,423.6,11.5,3174,67.4,3.2,18.8
cow567,1,Jersey,4,0,199,211,198,224,201,226,201,218,38.5,0.0,0.0,0,0,483.8,357.2,11.8,2615,349.6,4.5,19.3
cow567,2,Jersey,4,0,196,238,205,232,191,223,204,227,38.1,0.0,0.0,0,0,509.6,375.3,13.6,3422,29.3,4.4,18.5
cow567,3,Jersey,4,0,197,231,197,218,198,231,199,228,38.1,0.0,0.0,0,0,445.7,355.6,11.3,2149,49.7,5.7,19.8
cow567,4,Jersey,4,0,195,233,194,248,203,227,195,227,38.0,0.0,0.0,0,0,500.2,364.8,10.4,2813,87.5,5.7,20.8
cow567,5,Jersey,4,0,194,238,201,228,196,234,209,229,38.0,0.0,0.0,0,0,536.0,392.7,12.2,2754,109.5,4.8,20.2
cow567,6,Jersey,4,0,204,240,194,226,201,222,200,233,38.0,0.0,0.0,0,0,553.0,416.0,10.1,2867,53.1,5.5,21.2
cow568,1,Jersey,5,0,199,228,192,239,201,234,197,222,38.5,0.0,0.0,0,1,266.5,211.4,13.2,1404,849.7,7.9,14.5
cow568,2,Jersey,5,0,190,227,209,231,192,227,191,228,38.3,0.0,0.0,0,1,337.1,275.1,12.8,1458,3289.2,8.9,14.5
cow568,3,Jersey,5,0,223,231,219,250,197,239,203,227,38.5,0.0,0.0,0,1,234.4,233.5,12.7,1556,2221.4,8.1,16.5
cow568,4,Jersey,5,0,230,225,222,267,197,230,204,229,39.0,1.0,1.0,1,1,245.1,226.2,13.2,1602,1511.4,8.9,9.9
cow568,5,Jersey,5,0,229,223,234,273,195,226,196,221,39.4,1.0,1.0,1,1,323.4,298.4,14.6,1231,2982.5,9.0,12.2
cow568,6,Jersey,5,0,228,234,232,271,199,233,205,227,39.9,1.0,1.0,1,1,361.8,266.7,14.8,2143,1787.6,8.6,13.1
cow569,1,Jersey,4,0,207,231,203,230,214,233,204,230,38.5,0.0,0.0,0,0,539.7,361.4,12.6,3555,72.1,3.9,20.4
cow569,2,Jersey,4,0,196,236,204,238,202,230,192,234,38.6,0.0,0.0,0,0,518.4,392.9,11.9,2875,70.3,4.2,18.3
cow569,3,Jersey,4,0,190,230,203,229,192,229,194,222,38.9,0.0,0.0,0,0,432.2,342.9,11.2,2945,45.0,5.1,19.4
cow569,4,Jersey,4,0,197,226,200,236,194,226,196,220,38.9,0.0,0.0,0,0,439.1,328.0,8.7,2867,42.0,5.2,21.2
cow569,5,Jersey,4,0,198,225,185,233,188,232,201,226,38.4,0.0,0.0,0,0,525.2,390.3,11.9,3145,55.2,4.6,21.0
cow569,6,Jersey,4,0,199,227,196,221,194,224,203,228,38.7,0.0,0.0,0,0,505.7,384.8,8.8,2611,81.2,4.3,19.0
cow570,1,Jersey,6,0,198,228,196,232,193,224,207,219,38.6,0.0,0.0,0,0,475.8,338.8,9.2,2684,21.8,4.7,20.6
cow570,2,Jersey,6,0,204,222,204,248,206,229,197,230,38.6,0.0,0.0,0,0,522.6,368.8,11.3,2133,152.6,4.3,21.0
cow570,3,Jersey,6,0,197,234,202,224,196,222,205,227,38.5,0.0,0.0,0,0,524.6,386.2,11.8,2841,80.5,4.3,17.7
cow570,4,Jersey,6,0,202,223,189,222,192,223,193,226,38.5,0.0,0.0,0,0,557.8,418.9,11.0,3426,38.1,6.1,16.8
cow570,5,Jersey,6,0,200,223,198,225,204,231,205,238,38.5,0.0,0.0,0,0,525.5,362.3,13.3,2939,242.6,4.1,19.6
cow570,6,Jersey,6,0,204,223,197,238,198,232,207,219,38.6,0.0,0.0,0,0,569.1,405.9,12.1,2962,81.8,4.9,21.1
cow571,1,Jersey,6,0,210,222,197,229,204,227,208,232,38.4,0.0,0.0,0,0,520.3,375.8,11.2,3111,31.6,4.6,20.0
cow571,2,Jersey,6,0,185,218,197,244,201,234,193,225,38.3,0.0,0.0,0,0,515.4,384.8,13.2,2599,235.2,3.5,18.9
cow571,3,Jersey,6,0,185,230,197,230,206,230,193,234,38.6,0.0,0.0,0,0,562.6,405.4,13.4,3010,202.5,3.5,20.1
cow571,4,Jersey,6,0,192,227,194,233,195,230,212,228,38.3,0.0,0.0,0,0,480.9,346.7,12.1,3356,42.4,4.4,19.3
cow571,5,Jersey,6,0,213,238,197,235,208,226,199,225,38.7,0.0,0.0,0,0,632.6,470.0,10.6,3123,63.5,2.9,17.3
cow571,6,Jersey,6,0,197,224,192,236,202,234,194,237,38.5,0.0,0.0,0,0,535.0,379.3,10.8,3391,57.9,6.0,18.9
cow572,1,Jersey,2,0,194,235,200,230,189,227,204,235,38.9,0.0,0.0,0,0,535.2,383.9,9.8,3506,21.5,4.2,21.3
cow572,2,Jersey,2,0,197,236,195,224,203,221,208,227,38.8,0.0,0.0,0,0,541.0,364.0,11.4,3265,99.4,4.1,20.3
cow572,3,Jersey,2,0,196,222,193,227,198,228,192,229,39.0,0.0,0.0,0,0,595.1,412.2,10.2,2715,142.4,5.5,18.0
cow572,4,Jersey,2,0,204,221,195,226,197,225,206,226,38.5,0.0,0.0,0,0,551.7,408.3,11.1,2862,125.0,4.4,21.7
cow572,5,Jersey,2,0,191,238,193,226,193,225,191,212,38.6,0.0,0.0,0,0,455.8,347.2,11.8,3773,81.3,5.0,19.0
cow572,6,Jersey,2,0,188,228,203,230,190,230,194,210,38.7,0.0,0.0,0,0,576.1,424.5,9.1,3126,152.3,4.0,19.5
cow573,1,Jersey,1,0,207,242,197,233,197,233,202,231,38.1,0.0,0.0,0,1,281.4,256.7,12.0,1372,799.2,8.0,15.5
cow573,2,Jersey,1,0,193,237,206,218,211,224,197,227,38.3,0.0,0.0,0,1,299.3,295.2,12.9,956,8637.7,8.8,10.6
cow573,3,Jersey,1,0,200,222,199,235,198,238,190,227,38.1,0.0,0.0,0,1,243.8,210.8,13.4,1263,1071.0,7.3,10.6
cow573,4,Jersey,1,0,198,227,203,240,201,236,184,232,38.4,0.0,0.0,0,1,316.0,238.5,12.9,1587,1171.2,8.4,8.0
cow573,5,Jersey,1,0,274,232,228,223,190,227,188,223,39.2,0.0,1.0,0,1,268.9,220.5,13.2,1306,1255.1,6.1,12.9
cow573,6,Jersey,1,0,309,221,244,221,197,223,199,226,39.7,1.0,0.0,0,1,299.0,244.7,12.7,1092,1183.4,9.0,8.1
cow574,1,Jersey,6,0,199,236,196,227,195,214,197,219,38.4,0.0,0.0,0,0,508.6,355.6,9.8,2885,69.5,4.1,20.4
cow574,2,Jersey,6,0,193,222,203,229,197,239,204,229,38.4,0.0,0.0,0,0,597.0,427.9,10.9,3477,67.7,4.4,21.1
cow574,3,Jersey,6,0,206,236,195,228,192,220,213,236,38.6,0.0,0.0,0,0,599.3,450.1,11.2,3267,86.9,4.4,19.1
cow574,4,Jersey,6,0,200,227,197,231,195,229,197,228,38.9,0.0,0.0,0,0,521.9,408.8,11.1,3214,45.1,3.7,19.0
cow574,5,Jersey,6,0,209,228,198,233,196,225,197,223,38.4,0.0,0.0,0,0,522.6,390.6,11.6,3176,89.1,3.7,19.6
cow574,6,Jersey,6,0,207,239,199,228,197,230,201,224,38.5,0.0,0.0,0,0,505.1,409.6,12.0,2527,37.4,4.9,21.2
cow575,1,Jersey,1,0,206,232,194,232,211,233,191,227,38.4,0.0,0.0,0,0,564.2,400.1,12.3,3109,131.7,5.0,19.2
cow575,2,Jersey,1,0,198,228,194,222,202,228,189,224,38.8,0.0,0.0,0,0,506.8,342.7,10.7,3427,130.6,3.8,19.2
cow575,3,Jersey,1,0,201,226,197,220,194,235,198,227,38.6,0.0,0.0,0,0,503.1,388.8,9.6,2896,79.1,4.9,19.0
cow575,4,Jersey,1,0,204,222,200,231,203,225,200,212,38.6,0.0,0.0,0,0,559.1,370.4,13.0,3391,50.7,4.9,20.7
cow575,5,Jersey,1,0,192,229,191,223,199,242,202,233,38.7,0.0,0.0,0,0,498.5,353.5,12.0,3218,98.5,4.2,19.3
cow575,6,Jersey,1,0,201,232,202,225,195,242,182,222,38.4,0.0,0.0,0,0,518.5,388.5,10.4,3331,43.0,3.5,19.5
cow576,1,Jersey,2,0,194,236,196,220,205,238,198,234,38.2,0.0,0.0,0,0,456.7,340.2,11.8,3020,81.4,4.5,19.7
cow576,2,Jersey,2,0,193,220,198,228,195,232,210,220,38.4,0.0,0.0,0,0,548.2,393.5,12.8,3355,71.5,4.8,18.7
cow576,3,Jersey,2,0,196,228,194,225,202,223,184,228,38.3,0.0,0.0,0,0,597.6,405.3,13.6,2414,488.6,4.5,21.6
cow576,4,Jersey,2,0,203,228,203,226,189,232,203,224,38.2,0.0,0.0,0,0,548.8,397.1,11.8,3013,34.0,4.0,20.5
cow576,5,Jersey,2,0,188,226,209,229,206,221,190,226,38.5,0.0,0.0,0,0,578.5,433.1,12.8,3285,12.6,4.9,18.4
cow576,6,Jersey,2,0,199,243,195,227,213,238,202,219,38.2,0.0,0.0,0,0,486.2,360.1,10.0,3119,51.1,5.5,17.9
cow577,1,Jersey,1,0,182,245,191,220,191,235,207,223,38.5,0.0,0.0,0,1,304.5,245.7,13.5,1738,500.7,7.4,9.9
cow577,2,Jersey,1,0,190,232,192,232,200,220,202,225,38.6,0.0,0.0,0,1,257.3,209.9,13.1,1237,1110.9,7.8,12.0
cow577,3,Jersey,1,0,199,238,201,228,214,234,191,225,38.3,0.0,0.0,0,1,285.9,235.0,13.9,1081,701.2,10.2,14.3
cow577,4,Jersey,1,0,205,223,205,234,203,226,188,229,38.6,0.0,0.0,0,1,325.9,280.6,15.4,644,962.6,8.2,10.5
cow577,5,Jersey,1,0,225,268,268,234,195,226,204,231,39.6,0.0,0.0,0,1,299.1,263.6,13.8,1191,845.8,7.0,12.6
cow577,6,Jersey,1,0,237,271,311,226,196,233,194,230,40.7,1.0,0.0,1,1,238.5,206.7,12.4,1507,4335.4,7.6,10.5
cow578,1,Jersey,1,0,198,233,198,229,201,233,200,231,38.5,0.0,0.0,0,0,467.4,308.6,10.0,3304,76.8,3.9,20.2
cow578,2,Jersey,1,0,194,217,194,226,199,235,203,234,38.4,0.0,0.0,0,0,464.8,354.4,13.5,2440,167.0,4.8,20.5
cow578,3,Jersey,1,0,199,227,189,222,179,230,196,234,38.6,0.0,0.0,0,0,539.7,375.6,12.1,3470,81.7,4.7,18.4
cow578,4,Jersey,1,0,193,231,200,238,197,226,193,232,38.3,0.0,0.0,0,0,602.6,441.9,12.0,2610,150.9,4.0,17.9
cow578,5,Jersey,1,0,189,225,201,237,192,218,206,241,38.4,0.0,0.0,0,0,574.5,399.1,11.1,2952,64.5,6.0,21.4
cow578,6,Jersey,1,0,178,224,194,223,204,233,199,232,38.5,0.0,0.0,0,0,444.2,316.7,11.8,2772,239.0,4.6,19.5
cow579,1,Jersey,1,0,202,229,203,225,209,231,199,228,38.3,0.0,0.0,0,0,576.8,416.9,10.3,3167,110.0,4.1,19.1
cow579,2,Jersey,1,0,199,226,190,225,207,226,199,230,38.0,0.0,0.0,0,0,557.5,444.9,12.0,3038,46.4,3.5,20.9
cow579,3,Jersey,1,0,201,232,198,227,198,233,203,233,38.2,0.0,0.0,0,0,458.2,356.4,10.1,3271,121.8,3.8,19.9
cow579,4,Jersey,1,0,196,220,192,245,191,228,198,221,37.8,0.0,0.0,0,0,507.9,375.2,11.1,3738,80.9,3.5,19.8
cow579,5,Jersey,1,0,198,234,197,232,195,224,191,229,38.0,0.0,0.0,0,0,563.8,412.8,10.7,3159,69.1,4.3,18.2
cow579,6,Jersey,1,0,186,229,203,225,204,234,204,232,38.3,0.0,0.0,0,0,542.0,361.7,7.6,2769,84.9,3.8,19.7
cow580,1,Jersey,6,0,196,236,202,219,200,222,195,225,38.5,0.0,0.0,0,0,467.6,328.4,11.1,3184,133.5,5.1,22.7
cow580,2,Jersey,6,0,199,230,193,219,199,235,205,227,38.3,0.0,0.0,0,0,544.4,349.5,10.4,3778,18.4,4.0,18.7
cow580,3,Jersey,6,0,196,240,188,232,195,226,202,237,38.8,0.0,0.0,0,0,434.5,359.8,11.2,3263,62.3,5.2,20.7
cow580,4,Jersey,6,0,197,232,194,223,195,220,196,224,38.1,0.0,0.0,0,0,511.1,402.1,11.5,3378,127.3,4.9,22.8
cow580,5,Jersey,6,0,202,225,190,232,202,221,196,237,38.6,0.0,0.0,0,0,565.5,414.4,13.6,2363,94.3,5.0,20.6
cow580,6,Jersey,6,0,194,236,186,230,196,230,193,221,38.7,0.0,0.0,0,0,520.7,382.9,11.9,3155,36.5,5.2,19.6
cow581,1,Jersey,1,0,196,231,192,231,204,224,198,237,38.9,0.0,0.0,0,0,500.0,340.1,11.9,2893,15.5,6.1,18.3
cow581,2,Jersey,1,0,197,213,195,226,205,242,202,228,38.6,0.0,0.0,0,0,555.6,397.4,12.1,2728,257.2,3.8,19.5
cow581,3,Jersey,1,0,199,229,197,228,200,236,207,232,38.7,0.0,0.0,0,0,559.0,435.7,12.5,2991,69.8,5.2,20.5
cow581,4,Jersey,1,0,189,234,192,225,197,225,202,223,39.0,0.0,0.0,0,0,572.4,413.8,12.0,3043,226.1,4.8,19.5
cow581,5,Jersey,1,0,208,223,208,240,191,225,204,228,38.4,0.0,0.0,0,0,555.0,390.8,11.8,2750,137.6,5.4,21.5
cow581,6,Jersey,1,0,201,232,195,223,183,232,192,229,38.7,0.0,0.0,0,0,563.3,374.3,12.4,3075,45.9,4.6,19.5
cow582,1,Jersey,1,0,194,227,192,231,199,226,184,225,38.5,0.0,0.0,0,1,324.3,297.4,10.6,1231,265.8,8.9,14.0
cow582,2,Jersey,1,0,201,294,196,237,198,228,200,228,39.2,0.0,0.0,0,1,305.6,260.1,16.0,1581,1374.8,7.0,11.4
cow582,3,Jersey,1,0,201,316,193,218,199,239,198,220,39.5,1.0,1.0,0,1,298.6,225.5,15.4,1391,1936.3,7.2,12.0
cow582,4,Jersey,1,0,199,337,199,235,192,233,185,226,39.8,1.0,1.0,1,1,285.5,232.7,13.8,1450,2869.0,7.5,13.0
cow582,5,Jersey,1,0,195,351,203,230,189,224,209,231,40.0,1.0,1.0,1,1,246.5,202.9,11.8,1692,815.1,7.9,14.1
cow582,6,Jersey,1,0,203,363,190,228,193,237,190,218,40.5,1.0,1.0,1,1,256.8,229.7,15.0,1522,2303.0,8.0,12.5
cow583,1,Jersey,4,0,190,216,200,221,199,228,200,225,38.8,0.0,0.0,0,0,508.7,377.0,10.7,2998,89.8,3.9,22.1
cow583,2,Jersey,4,0,202,228,203,230,202,216,203,226,39.2,0.0,0.0,0,0,529.7,376.7,12.1,2165,157.0,3.7,20.1
cow583,3,Jersey,4,0,196,237,202,226,204,231,199,233,39.1,0.0,0.0,0,0,577.6,428.6,10.0,3205,64.3,4.0,21.2
cow583,4,Jersey,4,0,193,217,195,225,206,231,197,236,38.9,0.0,0.0,0,0,518.3,380.4,14.2,2635,107.9,3.1,18.7
cow583,5,Jersey,4,0,205,217,203,233,179,233,195,232,38.9,0.0,0.0,0,0,560.1,423.2,9.8,2966,96.9,4.3,18.4
cow583,6,Jersey,4,0,193,219,205,230,193,225,196,228,38.9,0.0,0.0,0,0,563.2,399.5,11.6,3148,145.4,4.5,19.9
cow584,1,Jersey,1,0,195,229,186,226,202,229,203,220,38.3,0.0,0.0,0,0,510.7,429.3,9.0,3533,45.1,4.9,19.2
cow584,2,Jersey,1,0,193,225,195,226,196,232,213,225,38.5,0.0,0.0,0,0,543.8,384.1,11.5,3737,9.5,4.6,17.7
cow584,3,Jersey,1,0,197,230,194,228,198,224,200,230,38.1,0.0,0.0,0,0,510.3,357.9,11.0,2632,67.4,5.9,22.4
cow584,4,Jersey,1,0,202,233,194,237,199,228,205,219,38.4,0.0,0.0,0,0,572.9,393.3,12.9,2474,67.7,5.1,20.9
cow584,5,Jersey,1,0,200,232,197,225,197,233,197,233,38.7,0.0,0.0,0,0,545.4,391.5,11.0,3130,35.7,5.1,20.9
cow584,6,Jersey,1,0,200,234,192,228,197,231,208,217,38.4,0.0,0.0,0,0,472.4,320.5,12.9,3097,28.0,4.8,19.2
cow585,1,Jersey,3,0,201,239,202,224,192,228,194,224,38.2,0.0,0.0,0,1,301.5,264.2,12.3,819,1255.6,8.4,9.6
cow585,2,Jersey,3,0,204,227,203,235,192,229,189,224,38.6,0.0,0.0,0,1,360.9,260.3,13.2,1293,1818.8,7.8,9.5
cow585,3,Jersey,3,0,209,218,195,226,201,228,186,227,39.2,0.0,0.0,0,1,287.8,253.6,13.2,1539,2154.8,8.1,11.9
cow585,4,Jersey,3,0,200,198,198,228,190,229,196,237,39.6,1.0,0.0,0,1,312.9,241.4,14.1,808,316.3,9.5,13.8
cow585,5,Jersey,3,0,209,192,194,223,199,219,195,222,40.1,1.0,1.0,0,1,316.8,261.2,13.9,902,485.6,7.9,8.2
cow585,6,Jersey,3,0,208,189,203,226,203,231,197,237,40.5,1.0,1.0,1,1,253.5,241.0,14.4,1042,4958.4,6.9,7.6
cow586,1,Jersey,2,0,204,218,195,231,195,237,201,233,38.1,0.0,0.0,0,0,540.4,433.7,11.8,2915,69.7,5.1,21.1
cow586,2,Jersey,2,0,199,229,199,228,199,230,199,226,38.2,0.0,0.0,0,0,464.2,327.1,12.3,3278,79.3,5.2,19.3
cow586,3,Jersey,2,0,200,232,202,236,190,234,185,227,38.2,0.0,0.0,0,0,495.0,362.3,10.4,2869,31.6,4.6,19.3
cow586,4,Jersey,2,0,210,227,192,226,191,219,188,227,38.1,0.0,0.0,0,0,563.0,392.8,12.0,3022,79.2,3.0,21.7
cow586,5,Jersey,2,0,185,229,182,220,193,229,198,224,38.2,0.0,0.0,0,0,534.3,372.9,13.4,3898,61.3,5.5,21.2
cow586,6,Jersey,2,0,193,237,189,219,185,227,206,228,38.3,0.0,0.0,0,0,507.8,359.8,9.5,2617,51.8,4.7,21.3
cow587,1,Jersey,1,0,198,224,208,230,200,224,190,231,38.7,0.0,0.0,0,0,537.9,405.5,12.1,2739,28.9,4.3,22.3
cow587,2,Jersey,1,0,190,227,200,238,199,226,195,229,38.5,0.0,0.0,0,0,517.6,369.8,12.3,3271,43.6,5.5,20.5
cow587,3,Jersey,1,0,192,228,190,221,190,225,199,234,38.5,0.0,0.0,0,0,520.5,420.8,13.3,3395,310.2,2.9,19.4
cow587,4,Jersey,1,0,201,236,200,226,210,233,192,227,38.5,0.0,0.0,0,0,546.3,403.3,12.4,3166,62.4,4.6,20.2
cow587,5,Jersey,1,0,192,231,190,231,196,222,201,230,38.3,0.0,0.0,0,0,490.9,344.4,11.6,3724,137.1,4.1,18.9
cow587,6,Jersey,1,0,194,224,205,229,199,228,200,235,38.4,0.0,0.0,0,0,521.6,374.4,12.0,3127,69.4,5.7,21.4
cow588,1,Jersey,6,0,205,227,196,232,196,224,203,226,38.4,0.0,0.0,0,0,507.5,358.1,10.6,2210,64.0,4.7,20.9
cow588,2,Jersey,6,0,190,233,189,216,201,220,197,234,38.5,0.0,0.0,0,0,456.6,356.3,11.0,3039,51.2,3.8,17.8
cow588,3,Jersey,6,0,191,231,199,234,201,220,190,219,38.4,0.0,0.0,0,0,483.2,328.4,9.9,2772,201.2,5.4,21.4
cow588,4,Jersey,6,0,196,234,193,227,203,232,201,223,38.3,0.0,0.0,0,0,582.7,393.5,13.3,3554,102.8,2.5,19.7
cow588,5,Jersey,6,0,197,222,191,227,202,233,195,224,38.4,0.0,0.0,0,0,535.4,378.6,12.0,3386,46.0,4.9,19.2
cow588,6,Jersey,6,0,205,221,201,233,214,238,211,238,38.4,0.0,0.0,0,0,467.1,360.5,10.4,2364,60.5,3.5,20.4
cow589,1,Jersey,4,0,207,228,196,214,195,228,206,226,38.8,0.0,0.0,0,0,458.4,365.2,11.8,3540,167.0,4.1,19.2
cow589,2,Jersey,4,0,192,228,208,234,195,231,200,222,39.0,0.0,0.0,0,0,515.5,402.2,12.9,3376,11.2,4.3,22.1
cow589,3,Jersey,4,0,197,226,193,224,189,236,195,223,38.8,0.0,0.0,0,0,582.4,427.0,12.7,2870,98.4,5.2,18.8
cow589,4,Jersey,4,0,198,230,198,216,194,236,189,234,39.0,0.0,0.0,0,0,512.5,374.0,10.4,2969,115.2,6.3,20.2
cow589,5,Jersey,4,0,200,233,203,234,197,231,200,229,38.9,0.0,0.0,0,0,572.3,425.7,7.7,3557,47.3,3.1,20.0
cow589,6,Jersey,4,0,200,232,200,233,190,231,190,224,38.8,0.0,0.0,0,0,534.1,367.8,12.0,2211,88.4,4.9,18.8
cow590,1,Jersey,5,0,191,228,196,227,203,224,198,226,38.4,0.0,0.0,0,1,313.9,233.1,12.4,1478,2990.9,9.8,15.9
cow590,2,Jersey,5,0,211,245,194,229,194,230,194,225,38.4,0.0,0.0,0,1,241.6,230.8,14.2,1737,739.8,7.5,8.3
cow590,3,Jersey,5,0,218,228,209,226,203,232,195,224,38.5,0.0,0.0,0,1,332.5,259.4,14.6,1265,3932.6,7.5,15.7
cow590,4,Jersey,5,0,224,220,193,235,201,226,204,224,38.7,1.0,0.0,1,1,281.6,245.8,14.8,1559,2535.5,8.2,8.7
cow590,5,Jersey,5,0,231,225,195,224,194,232,199,223,39.5,0.0,1.0,1,1,329.5,277.9,15.6,1341,1763.8,8.7,10.0
cow590,6,Jersey,5,0,237,221,191,225,199,229,201,230,39.2,1.0,1.0,0,1,262.4,239.9,15.0,986,2171.3,8.5,8.5
cow591,1,Jersey,5,0,189,238,194,227,204,227,206,211,38.4,0.0,0.0,0,0,527.1,401.1,13.6,2676,129.5,4.2,19.3
cow591,2,Jersey,5,0,202,225,190,232,197,254,184,222,38.5,0.0,0.0,0,0,534.1,403.4,13.2,3285,393.4,3.9,18.0
cow591,3,Jersey,5,0,194,221,201,236,200,223,194,240,38.4,0.0,1.0,0,0,513.8,379.8,13.3,2746,121.1,5.6,16.4
cow591,4,Jersey,5,0,194,228,190,223,190,223,200,240,38.7,0.0,1.0,0,0,536.2,381.8,11.5,2390,139.1,3.9,20.3
cow591,5,Jersey,5,0,196,227,202,223,196,236,209,229,38.1,0.0,0.0,0,0,509.3,375.5,10.0,3049,90.8,3.0,19.0
cow591,6,Jersey,5,0,194,233,193,230,187,222,195,227,38.4,0.0,0.0,0,0,494.0,353.7,14.5,2795,295.5,3.3,22.0
cow592,1,Jersey,2,0,209,219,185,235,198,225,196,232,38.3,0.0,0.0,0,0,584.2,415.0,11.6,2520,28.9,4.0,18.6
cow592,2,Jersey,2,0,186,225,200,228,199,236,198,224,38.6,0.0,0.0,0,0,562.0,452.3,13.0,3029,23.9,5.7,19.9
cow592,3,Jersey,2,0,192,212,195,225,197,232,203,235,38.5,0.0,0.0,0,0,489.6,365.0,10.8,3307,88.3,3.5,20.0
cow592,4,Jersey,2,0,198,233,189,224,198,228,199,232,38.5,0.0,0.0,0,0,542.7,401.7,12.7,3008,125.3,5.7,18.7
cow592,5,Jersey,2,0,196,246,201,227,198,247,202,230,38.3,0.0,0.0,0,0,490.3,349.5,8.6,2574,13.4,5.5,19.4
cow592,6,Jersey,2,0,202,229,204,228,197,233,196,220,38.2,0.0,0.0,0,0,472.6,369.9,11.0,3193,79.2,4.7,21.0
cow593,1,Jersey,3,0,193,239,199,238,192,229,190,237,38.7,0.0,0.0,0,0,561.4,418.5,11.4,3414,70.1,2.5,20.3
cow593,2,Jersey,3,0,204,238,197,237,199,232,191,223,38.6,0.0,0.0,0,0,451.8,352.9,12.1,3885,132.8,3.6,20.5
cow593,3,Jersey,3,0,187,231,197,226,188,228,196,228,38.7,0.0,0.0,0,0,557.1,406.1,12.8,3577,106.8,4.0,20.2
cow593,4,Jersey,3,0,199,220,201,232,199,226,202,238,38.8,0.0,0.0,0,0,509.9,392.6,10.2,2598,22.8,5.9,20.3
cow593,5,Jersey,3,0,192,223,199,231,184,225,199,230,38.5,0.0,0.0,0,0,511.5,397.8,12.3,3343,37.7,4.0,20.2
cow593,6,Jersey,3,0,214,229,191,227,204,226,196,237,38.7,0.0,0.0,0,0,536.4,394.9,13.0,3103,45.5,3.9,21.4
cow594,1,Jersey,1,0,188,222,196,229,206,236,199,231,38.3,0.0,0.0,0,0,543.2,391.9,14.3,2539,132.3,4.7,20.3
cow594,2,Jersey,1,0,197,233,189,240,194,228,206,227,38.3,0.0,0.0,0,0,486.9,376.3,12.3,3114,102.9,3.4,18.5
cow594,3,Jersey,1,0,196,230,190,232,198,225,206,222,38.4,0.0,0.0,0,0,548.7,381.0,10.9,3767,51.7,4.5,21.3
cow594,4,Jersey,1,0,196,230,202,223,199,228,189,232,38.4,0.0,0.0,0,0,524.5,369.8,10.0,3478,87.8,3.9,19.4
cow594,5,Jersey,1,0,194,230,209,231,194,238,196,228,38.7,0.0,0.0,0,0,469.8,348.9,13.7,2595,38.2,6.7,20.6
cow594,6,Jersey,1,0,208,236,196,232,211,239,195,236,38.5,0.0,0.0,0,0,513.2,344.6,12.4,3005,327.3,3.8,17.8
cow595,1,Jersey,2,0,192,232,199,230,210,235,201,229,38.4,0.0,0.0,0,0,575.3,428.0,11.5,3197,118.1,6.0,20.3
cow595,2,Jersey,2,0,189,231,200,223,198,233,201,229,38.8,0.0,0.0,0,0,587.1,402.9,9.6,2308,136.7,3.6,20.1
cow595,3,Jersey,2,0,190,227,195,230,195,233,188,226,38.6,0.0,0.0,0,0,548.7,388.7,10.4,2322,205.6,4.7,19.7
cow595,4,Jersey,2,0,198,230,198,224,198,230,196,231,38.6,0.0,0.0,0,0,472.4,347.6,12.3,3062,160.3,4.9,21.9
cow595,5,Jersey,2,0,205,225,195,231,206,234,199,228,38.5,0.0,0.0,0,0,539.6,392.5,11.9,3067,81.2,4.6,20.7
cow595,6,Jersey,2,0,198,224,193,223,202,226,190,227,38.3,0.0,0.0,0,0,554.0,394.2,9.2,2264,69.9,4.6,22.4
cow596,1,Jersey,3,0,195,232,202,218,199,233,190,231,38.3,0.0,0.0,0,0,549.0,396.2,12.3,3155,193.4,5.2,18.8
cow596,2,Jersey,3,0,192,238,192,227,200,237,191,241,38.2,0.0,0.0,0,0,551.4,397.8,9.6,3435,80.9,4.8,18.9
cow596,3,Jersey,3,0,194,222,199,235,200,225,187,227,38.0,0.0,0.0,0,0,534.5,380.7,13.1,2913,47.3,4.4,17.0
cow596,4,Jersey,3,0,192,227,204,231,192,232,208,239,38.7,0.0,0.0,0,0,517.1,364.3,11.8,3024,309.0,4.0,20.2
cow596,5,Jersey,3,0,204,230,202,225,199,239,203,237,38.3,0.0,0.0,0,0,495.7,384.9,10.9,3229,41.6,4.4,18.4
cow596,6,Jersey,3,0,192,220,194,231,195,218,199,221,37.9,0.0,0.0,0,0,444.1,296.6,12.7,3176,24.0,4.4,18.3
cow597,1,Jersey,3,0,193,227,207,236,195,225,197,228,38.3,0.0,0.0,0,0,533.6,384.4,11.9,2333,157.7,4.3,17.5
cow597,2,Jersey,3,0,195,226,199,236,194,230,181,229,38.3,0.0,0.0,0,0,527.4,376.0,13.1,2638,47.9,4.6,19.2
cow597,3,Jersey,3,0,193,230,197,219,199,238,189,225,38.3,0.0,0.0,0,0,542.3,400.9,11.6,2842,107.3,3.4,19.6
cow597,4,Jersey,3,0,202,232,198,228,200,218,207,233,38.4,0.0,0.0,0,0,466.5,321.7,11.7,2656,278.7,3.7,20.0
cow597,5,Jersey,3,0,202,222,198,234,198,230,204,227,38.8,0.0,0.0,0,0,545.8,386.5,11.2,3587,30.7,5.2,22.0
cow597,6,Jersey,3,0,200,229,198,221,208,232,195,224,38.4,0.0,0.0,0,0,602.2,427.5,11.8,3254,77.2,2.7,21.6
cow598,1,Jersey,5,0,198,233,190,228,199,236,198,225,38.8,0.0,0.0,0,1,298.1,276.1,15.5,856,6594.7,9.0,14.1
cow598,2,Jersey,5,0,188,295,200,227,197,226,188,233,39.1,0.0,1.0,1,1,292.5,259.5,12.9,1214,3456.7,7.6,9.8
cow598,3,Jersey,5,0,202,310,194,217,190,219,185,231,39.4,1.0,0.0,0,1,307.4,241.1,14.3,1752,1726.1,9.3,16.1
cow598,4,Jersey,5,0,195,329,197,226,200,232,209,237,39.9,1.0,1.0,0,1,376.3,295.0,12.4,1042,9999.0,9.0,12.3
cow598,5,Jersey,5,0,195,336,194,232,201,223,197,230,39.9,1.0,1.0,1,1,254.1,246.4,11.0,1641,1847.7,7.7,16.1
cow598,6,Jersey,5,0,177,357,204,235,191,236,195,235,40.3,1.0,1.0,1,1,303.1,238.3,13.7,1853,2747.3,7.8,12.3
cow599,1,Jersey,4,0,201,236,200,227,211,228,194,230,38.6,0.0,0.0,0,0,488.0,359.4,11.9,3486,248.2,5.8,21.6
cow599,2,Jersey,4,0,191,234,183,223,191,225,202,235,38.6,0.0,0.0,0,0,498.1,366.7,11.4,3072,156.4,5.5,20.4
cow599,3,Jersey,4,0,208,227,201,225,186,229,198,231,38.9,0.0,0.0,0,0,518.0,371.9,9.7,3500,197.9,5.3,20.4
cow599,4,Jersey,4,0,195,236,189,229,194,227,203,240,38.4,0.0,0.0,0,0,573.9,460.9,11.9,2791,42.7,5.4,20.2
cow599,5,Jersey,4,0,192,223,197,235,195,224,203,221,38.5,0.0,1.0,0,0,592.0,415.8,11.8,3994,185.5,3.6,19.3
cow599,6,Jersey,4,0,191,229,203,227,200,220,192,222,38.7,0.0,0.0,0,0,537.9,398.9,10.4,3096,89.3,4.7,18.0
cow600,1,Jersey,5,0,203,226,195,225,194,221,199,233,38.2,0.0,1.0,0,0,504.9,357.2,9.9,3459,47.5,3.9,20.0
cow600,2,Jersey,5,0,204,224,199,231,190,233,189,224,37.9,0.0,0.0,0,0,619.7,449.3,11.2,2855,92.6,3.6,21.6
cow600,3,Jersey,5,0,198,224,199,227,193,235,200,228,38.2,0.0,0.0,0,0,502.9,385.4,12.3,3200,90.6,4.6,19.3
cow600,4,Jersey,5,0,199,233,208,237,205,231,201,216,38.3,1.0,0.0,0,0,497.2,355.7,12.0,3217,288.7,4.2,17.6
cow600,5,Jersey,5,0,203,234,191,222,199,235,197,215,38.2,0.0,0.0,0,0,449.0,336.4,10.4,2628,103.4,4.4,19.8
cow600,6,Jersey,5,0,200,224,207,223,191,241,202,227,38.3,0.0,0.0,0,0,575.8,397.4,11.7,2617,46.3,4.1,20.7
cow601,1,Jersey,5,0,199,226,197,233,185,227,206,228,38.8,0.0,0.0,0,0,558.7,382.6,12.6,2918,39.5,3.5,18.1
cow601,2,Jersey,5,0,205,238,182,241,207,221,203,234,38.6,0.0,0.0,0,0,616.7,456.7,10.1,3442,76.9,5.9,20.4
cow601,3,Jersey,5,0,199,240,199,232,204,225,193,233,38.6,0.0,0.0,0,0,464.4,336.7,11.6,2267,31.3,4.6,19.4
cow601,4,Jersey,5,0,204,239,204,227,198,226,206,229,38.6,0.0,0.0,0,0,578.3,371.6,13.1,2855,48.5,3.3,19.8
cow601,5,Jersey,5,0,198,229,189,226,199,234,200,224,38.7,0.0,0.0,0,0,522.8,413.5,10.0,3524,67.1,4.6,20.1
cow601,6,Jersey,5,0,196,234,195,228,197,221,199,229,38.5,0.0,0.0,0,0,552.2,384.9,12.9,2507,59.4,5.7,18.5
cow602,1,Jersey,6,0,182,223,192,229,194,227,204,225,38.0,0.0,0.0,0,1,229.1,211.0,15.4,1802,3584.4,8.8,13.5
cow602,2,Jersey,6,0,187,220,252,295,200,229,195,218,38.7,0.0,1.0,1,1,353.7,319.8,13.2,849,1100.9,7.6,17.5
cow602,3,Jersey,6,0,197,209,264,314,182,234,196,235,39.2,1.0,1.0,0,1,326.5,271.3,13.1,933,272.6,7.6,13.8
cow602,4,Jersey,6,0,208,200,275,323,190,223,207,226,39.5,1.0,1.0,1,1,293.4,251.1,14.7,1241,512.8,7.2,15.3
cow602,5,Jersey,6,0,209,198,294,346,190,240,205,221,39.7,1.0,1.0,1,1,320.8,248.4,13.3,2049,1966.8,7.4,12.0
cow602,6,Jersey,6,0,195,189,308,362,194,233,194,239,40.4,1.0,1.0,1,1,264.4,207.2,10.7,1044,1243.4,7.5,13.6
cow603,1,Jersey,4,0,196,227,196,233,196,233,210,235,38.5,0.0,0.0,0,0,496.8,363.1,11.4,2307,33.8,3.3,17.4
cow603,2,Jersey,4,0,196,226,192,236,191,240,188,226,38.6,0.0,0.0,0,0,501.5,375.4,12.1,2439,307.3,4.1,22.0
cow603,3,Jersey,4,0,201,225,202,234,193,227,198,223,38.3,0.0,0.0,0,0,445.9,341.0,12.4,3373,140.8,4.8,15.9
cow603,4,Jersey,4,0,200,223,201,235,199,237,207,227,38.3,0.0,0.0,0,0,554.5,392.0,10.4,2458,76.3,4.2,21.2
cow603,5,Jersey,4,0,203,228,197,230,202,238,188,226,38.3,0.0,0.0,0,0,567.7,409.0,11.2,3475,93.3,4.7,18.1
cow603,6,Jersey,4,0,202,231,197,234,198,232,205,232,38.7,0.0,0.0,0,0,491.9,330.1,12.7,3028,66.1,5.8,21.0
cow604,1,Jersey,2,0,212,224,200,228,194,239,197,233,38.5,0.0,0.0,0,0,533.9,396.6,11.4,2987,33.4,6.0,20.7
cow604,2,Jersey,2,0,199,225,203,236,187,229,185,211,38.5,0.0,0.0,0,0,509.4,376.5,9.7,3119,161.9,4.4,19.5
cow604,3,Jersey,2,0,188,240,196,230,199,238,194,236,38.3,0.0,0.0,0,0,533.1,423.4,13.0,2680,143.0,5.2,20.0
cow604,4,Jersey,2,0,195,235,193,223,193,228,202,227,38.2,0.0,0.0,0,0,494.9,365.1,11.2,3055,20.3,4.4,19.9
cow604,5,Jersey,2,0,197,224,184,230,198,223,193,222,38.1,0.0,0.0,0,0,484.7,341.8,12.8,2523,92.9,4.1,19.1
cow604,6,Jersey,2,0,199,225,195,228,211,221,203,239,38.3,0.0,0.0,0,0,562.1,404.3,9.8,3540,100.2,3.6,21.4
cow605,1,Jersey,6,0,193,232,200,231,205,227,199,231,38.5,0.0,0.0,0,0,517.4,372.6,11.4,2589,63.6,4.6,19.0
cow605,2,Jersey,6,0,208,218,199,229,200,234,194,231,38.4,0.0,0.0,0,0,600.9,436.4,12.1,3176,338.2,5.4,18.7
cow605,3,Jersey,6,0,202,227,195,231,199,235,199,233,38.4,0.0,0.0,0,0,521.9,381.6,11.4,2586,313.8,3.5,20.3
cow605,4,Jersey,6,0,202,236,187,238,197,227,202,227,38.4,0.0,0.0,0,0,483.0,335.1,10.1,2787,61.2,4.3,19.1
cow605,5,Jersey,6,0,200,212,212,243,204,225,201,223,38.4,0.0,1.0,0,0,569.1,380.0,8.6,2850,68.1,4.2,18.7
cow605,6,Jersey,6,0,207,240,197,236,199,235,186,229,38.3,0.0,0.0,0,0,545.2,399.9,13.3,4193,62.8,4.7,19.9
cow606,1,Jersey,3,0,193,233,185,225,188,233,200,232,38.7,0.0,0.0,0,0,549.1,422.3,11.8,2994,52.1,4.7,19.6
cow606,2,Jersey,3,0,197,230,192,226,202,228,194,227,38.5,0.0,0.0,0,0,567.6,410.0,12.9,2671,42.1,4.9,21.5
cow606,3,Jersey,3,0,195,220,188,227,192,227,186,218,38.5,0.0,0.0,0,0,493.9,379.0,12.6,2822,112.7,6.0,20.3
cow606,4,Jersey,3,0,205,222,203,234,202,221,204,228,38.8,0.0,0.0,0,0,514.9,395.2,12.2,2398,307.9,3.8,18.0
cow606,5,Jersey,3,0,205,227,195,215,196,228,199,219,38.6,0.0,0.0,0,0,513.1,380.7,11.1,2935,231.8,3.8,20.1
cow606,6,Jersey,3,0,195,217,207,215,199,228,200,234,38.5,0.0,0.0,0,0,468.4,334.4,12.1,3740,137.0,4.7,18.1
cow607,1,Jersey,3,0,197,232,212,223,197,235,200,230,38.2,0.0,0.0,0,1,284.5,252.2,15.2,1434,286.8,9.2,12.7
cow607,2,Jersey,3,0,193,230,202,229,191,226,206,235,38.2,0.0,0.0,0,1,348.5,308.8,13.6,1661,444.0,6.8,9.6
cow607,3,Jersey,3,0,206,258,193,228,192,237,200,219,39.0,1.0,0.0,1,1,304.5,270.2,15.8,936,4703.9,8.3,10.4
cow607,4,Jersey,3,0,199,262,199,237,206,234,199,227,39.4,0.0,1.0,1,1,241.2,236.2,11.7,1219,7358.4,7.8,10.0
cow607,5,Jersey,3,0,188,269,207,224,192,225,203,234,40.1,1.0,0.0,0,1,232.8,209.3,11.6,1382,3117.5,8.7,11.8
cow607,6,Jersey,3,0,195,279,196,227,195,226,193,216,40.5,1.0,1.0,0,1,361.6,291.3,14.7,1010,1559.7,8.5,15.6
cow608,1,Jersey,6,0,188,236,194,222,202,220,200,222,38.3,0.0,0.0,0,0,516.4,375.7,10.5,3160,202.2,4.5,18.1
cow608,2,Jersey,6,0,194,230,195,245,192,222,208,227,38.2,0.0,0.0,0,0,494.1,363.5,14.0,3246,133.7,4.9,22.1
cow608,3,Jersey,6,0,196,232,199,237,190,231,185,228,38.2,0.0,0.0,0,0,509.0,394.4,13.1,3217,174.3,4.0,21.6
cow608,4,Jersey,6,0,200,236,195,227,198,229,199,222,38.8,0.0,0.0,0,0,460.9,302.3,13.4,2940,22.0,5.1,21.0
cow608,5,Jersey,6,0,202,236,192,238,201,233,197,240,38.4,0.0,0.0,0,0,576.9,414.7,12.6,3436,100.7,5.6,21.5
cow608,6,Jersey,6,0,197,232,198,238,203,239,197,220,38.3,0.0,0.0,0,0,504.3,369.1,10.4,2897,270.6,4.6,20.9
cow609,1,Jersey,1,0,191,236,195,229,204,231,197,223,38.8,0.0,0.0,0,0,574.7,388.1,9.5,2860,114.3,4.2,19.8
cow609,2,Jersey,1,0,196,225,191,230,201,219,192,233,38.9,0.0,0.0,0,0,522.1,393.3,13.3,3577,152.9,4.4,19.0
cow609,3,Jersey,1,0,202,235,197,230,191,229,196,225,39.0,0.0,0.0,0,0,577.2,401.3,9.7,2557,81.5,5.1,20.2
cow609,4,Jersey,1,0,201,235,196,233,188,226,197,225,39.1,0.0,0.0,0,0,530.3,379.7,13.4,2319,85.5,4.5,19.9
cow609,5,Jersey,1,0,202,219,195,221,193,235,200,221,38.9,0.0,0.0,0,0,554.1,433.8,12.3,2653,209.3,3.5,19.1
cow609,6,Jersey,1,0,187,225,192,219,198,226,195,231,38.4,0.0,0.0,0,0,548.8,415.4,11.4,3155,50.0,5.3,19.9
cow610,1,Jersey,2,0,190,214,200,228,204,223,197,229,38.8,0.0,0.0,0,0,544.9,405.3,12.0,3513,46.7,3.7,18.0
cow610,2,Jersey,2,0,196,224,195,231,192,227,202,226,38.7,0.0,0.0,0,0,533.9,395.2,12.1,2736,57.1,4.8,18.8
cow610,3,Jersey,2,0,202,236,197,226,193,213,197,223,38.7,0.0,0.0,0,0,510.7,371.4,11.3,3726,80.7,3.0,19.4
cow610,4,Jersey,2,0,203,226,186,232,196,223,196,225,38.6,0.0,0.0,0,0,596.6,462.0,13.2,3011,26.1,4.6,19.4
cow610,5,Jersey,2,0,200,234,205,225,198,226,196,229,38.6,0.0,0.0,0,0,483.7,372.7,13.2,2954,131.6,4.4,19.4
cow610,6,Jersey,2,0,203,234,201,221,187,230,200,232,38.6,0.0,0.0,1,0,520.2,366.6,11.7,2660,70.9,2.9,18.1
cow611,1,Jersey,5,0,203,228,190,231,195,225,188,238,38.2,0.0,0.0,0,0,520.6,355.2,10.8,3781,143.3,4.8,20.4
cow611,2,Jersey,5,0,197,231,196,232,201,239,191,231,,0.0,0.0,0,0,536.1,399.9,13.1,2940,18.4,3.6,22.3
cow611,3,Jersey,5,0,186,225,201,226,199,214,197,230,38.0,0.0,0.0,0,0,502.8,368.7,9.1,2467,143.6,4.6,22.4
cow611,4,Jersey,5,0,200,227,201,227,203,221,197,232,38.0,0.0,0.0,0,0,532.6,361.8,12.0,3983,200.0,4.2,19.2
cow611,5,Jersey,5,0,196,228,188,235,204,235,195,220,38.1,0.0,0.0,0,0,513.2,383.7,12.4,3157,107.5,3.3,19.8
cow611,6,Jersey,5,0,197,222,206,219,207,221,197,228,37.7,0.0,0.0,0,0,456.7,337.2,10.5,3320,81.1,3.7,17.9
cow612,1,Jersey,3,0,200,230,194,230,194,231,205,230,38.6,0.0,0.0,0,0,520.4,389.8,12.7,3673,144.4,3.7,21.0
cow612,2,Jersey,3,0,197,226,196,232,206,224,203,235,38.6,0.0,0.0,0,0,476.0,361.5,11.5,3246,191.2,5.3,19.7
cow612,3,Jersey,3,0,209,229,207,234,194,240,189,225,38.4,0.0,0.0,0,0,450.6,327.4,10.8,3390,114.0,5.2,21.1
cow612,4,Jersey,3,0,201,223,199,230,185,234,189,218,38.6,0.0,0.0,0,0,525.5,394.7,12.7,3022,120.0,6.3,19.6
cow612,5,Jersey,3,0,213,226,189,234,202,228,195,235,38.6,0.0,0.0,0,0,539.5,382.7,10.2,3293,249.5,4.1,20.2
cow612,6,Jersey,3,0,201,232,200,233,198,225,193,225,39.0,0.0,0.0,0,0,541.1,384.8,12.5,2986,134.4,4.1,20.7
cow613,1,Jersey,2,0,197,229,195,231,211,226,201,221,38.2,0.0,0.0,0,0,542.7,384.0,9.1,2992,45.7,4.6,19.8
cow613,2,Jersey,2,0,202,228,202,234,215,232,197,232,38.4,0.0,0.0,0,0,442.7,354.0,11.8,3048,190.5,4.2,19.2
cow613,3,Jersey,2,0,201,237,193,231,208,226,184,229,38.6,0.0,0.0,0,0,465.6,342.3,11.6,2841,72.9,4.0,18.3
cow613,4,Jersey,2,0,199,233,216,227,194,233,193,227,38.5,0.0,0.0,0,0,598.9,452.1,10.9,3202,81.3,4.5,19.7
cow613,5,Jersey,2,0,206,218,188,230,204,240,198,237,38.7,0.0,0.0,0,0,478.1,387.0,12.0,3201,85.5,5.1,20.0
cow613,6,Jersey,2,0,199,227,208,228,200,226,195,223,38.4,0.0,0.0,0,0,544.4,381.4,11.4,3328,155.1,2.8,18.8
cow614,1,Jersey,4,0,202,220,211,239,197,225,197,225,38.8,0.0,0.0,0,0,492.5,310.9,12.8,3256,265.9,4.0,19.3
cow614,2,Jersey,4,0,197,228,201,228,195,225,199,228,38.6,0.0,0.0,0,0,523.2,400.7,12.2,3800,80.8,3.4,19.1
cow614,3,Jersey,4,0,194,229,199,236,201,228,196,233,38.5,0.0,0.0,0,0,494.7,358.6,12.0,3421,262.7,4.4,19.5
cow614,4,Jersey,4,0,195,221,203,223,211,232,195,228,38.5,0.0,0.0,0,0,542.5,377.9,11.9,2917,89.0,4.8,18.6
cow614,5,Jersey,4,0,195,228,196,230,196,237,197,224,38.6,0.0,0.0,0,0,525.5,372.7,10.9,3181,209.2,5.4,20.7
cow614,6,Jersey,4,0,202,217,201,231,202,234,201,221,38.5,0.0,0.0,0,0,502.1,361.8,11.1,3565,91.1,4.2,20.7
cow615,1,Jersey,6,0,204,225,206,219,192,219,187,230,38.3,0.0,0.0,0,0,478.0,378.1,11.8,2620,56.5,4.6,22.3
cow615,2,Jersey,6,0,198,239,189,228,199,214,206,227,38.7,0.0,0.0,0,0,530.7,389.3,11.3,3806,299.7,3.2,20.7
cow615,3,Jersey,6,0,202,224,193,236,199,243,195,224,38.4,0.0,0.0,0,0,471.5,374.0,12.8,2690,52.9,3.8,21.0
cow615,4,Jersey,6,0,205,229,198,223,192,227,202,240,38.3,0.0,0.0,0,0,537.1,399.2,11.6,3360,50.5,4.7,19.2
cow615,5,Jersey,6,0,203,240,201,235,197,218,194,235,38.5,0.0,0.0,0,0,625.1,437.5,12.0,3003,33.4,3.4,20.2
cow615,6,Jersey,6,0,198,233,199,243,202,229,196,230,38.3,0.0,0.0,0,0,574.0,405.4,9.8,2980,190.6,5.5,20.1
cow616,1,Jersey,4,0,196,218,194,229,189,224,199,230,38.7,0.0,0.0,0,1,323.7,282.3,14.6,779,6702.0,8.4,14.1
cow616,2,Jersey,4,0,198,233,207,227,197,227,197,235,38.5,0.0,0.0,0,1,291.6,267.7,12.8,1663,2695.2,7.3,12.0
cow616,3,Jersey,4,0,197,227,195,233,195,233,195,226,38.6,0.0,0.0,0,1,217.4,226.4,12.2,785,902.9,6.8,13.6
cow616,4,Jersey,4,0,192,225,188,226,187,219,199,233,39.1,0.0,0.0,0,1,242.1,218.6,15.5,723,1984.4,7.4,10.3
cow616,5,Jersey,4,0,268,236,229,229,191,232,204,235,39.6,0.0,0.0,0,1,346.3,288.9,14.3,1764,1563.4,7.3,13.9
cow616,6,Jersey,4,0,309,239,237,234,207,229,199,224,40.6,0.0,1.0,1,1,263.4,246.6,14.7,2016,869.6,7.0,12.1
cow617,1,Jersey,1,0,192,230,202,236,198,234,193,222,38.4,0.0,0.0,0,0,492.0,356.3,12.0,2733,56.7,3.4,19.5
cow617,2,Jersey,1,0,191,230,196,228,188,224,206,223,38.6,0.0,0.0,0,0,513.4,355.6,11.4,3401,112.6,4.3,19.4
cow617,3,Jersey,1,0,197,235,198,235,199,220,189,225,38.4,0.0,0.0,0,0,477.5,340.0,11.2,3319,52.3,5.1,20.5
cow617,4,Jersey,1,0,186,237,204,237,185,225,192,221,38.5,0.0,0.0,0,0,470.9,346.2,12.4,2963,97.2,3.9,19.9
cow617,5,Jersey,1,0,209,229,199,230,194,238,203,238,38.5,0.0,0.0,0,0,518.0,390.7,12.9,3534,23.3,4.9,21.1
cow617,6,Jersey,1,0,202,232,190,234,198,217,196,234,38.6,0.0,0.0,0,0,484.3,381.3,11.4,2935,253.4,4.2,17.9
cow618,1,Jersey,1,0,199,230,199,228,188,232,197,230,38.6,0.0,0.0,0,0,490.4,337.8,14.0,3207,60.6,5.0,20.6
cow618,2,Jersey,1,0,211,221,204,232,214,225,196,223,38.6,0.0,0.0,0,0,488.8,350.5,11.3,2498,144.9,3.9,19.6
cow618,3,Jersey,1,0,209,241,202,225,187,221,200,238,38.5,0.0,0.0,0,0,540.9,386.1,9.8,2516,90.5,4.7,19.4
cow618,4,Jersey,1,0,206,225,205,228,197,231,192,232,38.7,0.0,0.0,0,0,510.7,388.7,9.4,3468,104.9,4.6,20.5
cow618,5,Jersey,1,0,196,223,192,235,200,229,192,233,38.5,0.0,0.0,0,0,512.9,366.2,9.5,3220,36.3,5.6,20.2
cow618,6,Jersey,1,0,205,227,192,229,205,227,188,232,39.1,0.0,0.0,0,0,543.9,386.6,11.0,2943,47.0,4.9,19.7
cow619,1,Jersey,5,0,202,227,194,229,205,226,202,232,38.5,0.0,0.0,0,0,514.3,351.2,11.2,3763,47.7,4.7,19.9
cow619,2,Jersey,5,0,199,232,189,235,204,236,198,229,38.3,0.0,0.0,0,0,508.9,382.0,12.3,3759,80.8,3.3,21.0
cow619,3,Jersey,5,0,197,228,199,230,188,228,185,229,38.5,0.0,0.0,0,0,538.8,388.4,11.5,3176,198.5,4.1,18.8
cow619,4,Jersey,5,0,199,234,209,229,200,238,197,229,38.4,0.0,0.0,0,0,546.7,384.3,12.5,2418,107.1,3.9,17.6
cow619,5,Jersey,5,0,199,231,198,228,199,237,195,219,38.3,0.0,0.0,0,0,514.1,371.8,11.6,2955,42.6,3.8,21.0
cow619,6,Jersey,5,0,200,223,202,234,190,232,203,224,38.5,0.0,0.0,0,0,523.2,402.2,11.5,2667,84.4,4.5,18.9
cow620,1,Jersey,4,0,207,227,194,233,200,229,200,224,38.2,0.0,0.0,0,0,488.7,343.1,10.8,3036,75.1,4.7,18.3
cow620,2,Jersey,4,0,195,226,198,230,198,236,197,227,37.8,0.0,0.0,0,0,485.6,344.2,13.2,2625,62.3,4.7,20.5
cow620,3,Jersey,4,0,183,236,212,224,205,223,188,223,38.0,0.0,0.0,0,0,550.8,421.0,9.7,2522,78.6,5.5,18.7
cow620,4,Jersey,4,0,194,226,198,228,208,232,197,237,38.1,0.0,0.0,0,0,537.8,392.0,11.9,2095,134.6,4.9,20.9
cow620,5,Jersey,4,0,205,235,202,224,197,230,196,229,37.9,0.0,0.0,0,0,538.2,403.0,11.3,3067,48.3,3.5,20.1
cow620,6,Jersey,4,0,198,236,206,220,206,223,202,231,37.7,0.0,0.0,0,0,531.2,394.0,12.4,2080,62.6,4.7,18.9
cow621,1,Jersey,5,0,189,230,205,228,206,223,204,237,38.3,0.0,0.0,0,0,521.8,380.5,11.5,2872,156.5,5.0,20.8
cow621,2,Jersey,5,0,202,216,195,225,194,216,204,231,38.4,0.0,0.0,0,0,547.9,390.4,11.5,3278,109.8,5.5,19.1
cow621,3,Jersey,5,0,190,232,191,232,191,231,203,232,38.3,0.0,0.0,0,0,557.4,417.4,11.2,2711,192.2,4.4,17.7
cow621,4,Jersey,5,0,203,230,192,240,201,222,199,226,38.1,0.0,0.0,0,0,556.4,422.8,13.2,2566,214.2,4.4,20.1
cow621,5,Jersey,5,0,183,242,193,217,195,221,182,230,38.5,0.0,0.0,0,0,516.0,397.1,11.5,2973,31.0,5.4,20.1
cow621,6,Jersey,5,0,196,228,196,231,195,228,196,225,38.3,0.0,0.0,0,0,575.5,391.9,13.9,2669,96.9,4.6,17.5
cow622,1,Jersey,1,0,196,230,193,234,191,223,195,217,38.4,0.0,0.0,0,1,304.1,284.0,13.8,1374,1325.0,6.7,14.6
cow622,2,Jersey,1,0,205,228,199,230,203,240,199,227,38.4,0.0,0.0,0,1,320.3,263.7,13.5,887,759.4,6.5,11.3
cow622,3,Jersey,1,0,191,227,201,235,210,221,217,232,38.3,0.0,0.0,0,1,306.3,248.2,13.3,1258,1056.3,9.5,8.9
cow622,4,Jersey,1,0,186,229,202,220,200,237,204,230,38.6,0.0,0.0,0,1,304.9,257.9,14.2,1161,1565.8,6.6,13.2
cow622,5,Jersey,1,0,172,237,193,232,202,220,195,233,39.4,0.0,0.0,0,1,265.6,252.3,12.8,1295,1573.7,7.9,15.0
cow622,6,Jersey,1,0,159,228,186,229,196,240,194,227,40.4,0.0,1.0,1,1,323.1,281.6,13.7,1954,1223.5,8.7,12.8
cow623,1,Jersey,1,0,195,230,211,230,191,232,200,229,39.3,0.0,0.0,0,0,633.8,443.7,11.5,3080,78.7,3.1,19.6
cow623,2,Jersey,1,0,186,222,195,228,196,229,195,241,38.9,0.0,0.0,0,0,505.0,386.1,11.9,3202,430.5,3.6,20.8
cow623,3,Jersey,1,0,198,225,199,238,198,237,212,226,39.1,0.0,0.0,0,0,522.8,384.2,11.9,2750,24.1,3.5,19.7
cow623,4,Jersey,1,0,195,226,195,221,196,237,200,227,38.9,0.0,0.0,0,0,502.2,359.0,12.0,3089,174.2,5.9,19.4
cow623,5,Jersey,1,0,196,233,183,239,199,234,203,246,39.1,0.0,0.0,0,0,500.5,355.5,11.6,2890,78.4,6.1,18.2
cow623,6,Jersey,1,0,201,236,202,223,198,239,196,229,39.0,0.0,0.0,0,0,581.8,424.5,13.4,3012,58.7,3.9,21.2
cow624,1,Jersey,4,0,196,226,196,240,206,235,193,241,38.5,0.0,0.0,0,0,493.1,362.4,12.0,3260,19.7,5.0,22.6
cow624,2,Jersey,4,0,191,228,205,239,194,236,195,231,38.5,0.0,0.0,0,0,501.0,343.9,14.6,2800,134.5,4.7,21.2
cow624,3,Jersey,4,0,197,229,206,243,201,242,200,231,38.6,0.0,0.0,0,0,456.5,357.1,11.6,2841,29.4,4.3,16.2
cow624,4,Jersey,4,0,194,224,194,223,206,232,193,228,38.5,0.0,0.0,0,0,489.7,353.2,12.7,2805,140.7,3.2,21.7
cow624,5,Jersey,4,0,191,233,197,225,197,235,203,224,38.8,0.0,0.0,0,0,451.7,367.7,10.6,2798,264.5,6.3,20.1
cow624,6,Jersey,4,0,190,227,197,241,201,230,201,227,38.6,0.0,0.0,0,0,545.3,369.9,13.2,3069,32.7,3.0,22.5
cow625,1,Jersey,4,0,192,223,198,228,203,225,199,229,38.3,0.0,0.0,0,0,632.0,443.9,10.7,2854,178.0,4.7,18.7
cow625,2,Jersey,4,0,200,224,192,239,193,233,206,222,38.4,0.0,0.0,0,0,505.3,358.6,12.0,3599,80.8,4.0,19.5
cow625,3,Jersey,4,0,197,236,203,225,201,233,200,235,38.4,0.0,0.0,0,0,453.3,322.4,11.2,4072,18.7,5.3,20.6
cow625,4,Jersey,4,0,204,231,198,227,200,217,187,228,38.1,0.0,0.0,0,0,556.0,392.8,12.0,2773,34.6,5.2,20.0
cow625,5,Jersey,4,0,198,226,199,235,198,234,183,218,38.3,0.0,0.0,0,0,490.9,394.4,11.2,3118,89.8,3.7,19.5
cow625,6,Jersey,4,0,204,235,210,239,194,230,190,222,38.4,0.0,0.0,0,0,572.0,413.8,10.6,3415,104.8,3.9,21.1
cow626,1,Jersey,4,0,203,210,203,242,200,220,195,225,38.2,0.0,0.0,0,0,508.7,359.0,11.2,2894,26.7,3.3,21.0
cow626,2,Jersey,4,0,206,213,192,232,205,231,199,237,38.5,0.0,0.0,0,0,494.7,331.9,13.3,2602,81.2,4.7,19.5
cow626,3,Jersey,4,0,194,227,204,228,191,229,188,235,38.1,0.0,0.0,0,0,512.9,344.7,12.1,3695,140.3,5.1,21.5
cow626,4,Jersey,4,0,194,229,203,234,182,232,206,223,38.2,0.0,0.0,0,0,550.3,388.5,10.0,3274,158.3,4.1,18.9
cow626,5,Jersey,4,0,194,237,195,237,201,229,183,239,38.3,0.0,0.0,0,0,510.9,363.1,12.8,3127,59.7,4.3,20.0
cow626,6,Jersey,4,0,213,224,204,237,207,225,194,222,38.3,0.0,0.0,0,0,500.1,364.0,10.4,3580,107.5,6.0,23.1
cow627,1,Jersey,2,0,194,231,204,235,202,238,204,232,38.1,0.0,0.0,0,0,512.0,334.3,12.4,3308,166.6,5.2,19.8
cow627,2,Jersey,2,0,195,229,193,214,202,223,202,219,38.3,0.0,0.0,0,0,469.1,347.8,12.2,2981,143.1,5.6,18.3
cow627,3,Jersey,2,0,192,228,192,236,199,235,191,223,38.3,0.0,0.0,0,0,535.9,408.0,12.2,2609,147.0,2.7,20.7
cow627,4,Jersey,2,0,213,228,199,229,204,221,200,227,38.3,0.0,0.0,0,0,448.5,366.3,13.7,2803,85.9,4.9,20.3
cow627,5,Jersey,2,0,198,232,202,235,194,227,202,226,38.3,0.0,0.0,0,0,502.2,335.2,10.5,3482,74.4,4.7,19.5
cow627,6,Jersey,2,0,196,228,196,234,198,225,197,225,38.4,0.0,0.0,0,0,550.4,383.8,12.2,3273,95.9,3.5,21.2
cow628,1,Jersey,3,0,196,231,193,236,205,222,195,222,38.3,0.0,0.0,0,0,532.1,371.9,13.0,2925,46.9,3.7,19.1
cow628,2,Jersey,3,0,207,235,195,226,195,225,194,226,38.2,0.0,0.0,0,0,543.6,396.8,10.7,3707,171.2,4.3,19.3
cow628,3,Jersey,3,0,200,242,185,237,191,238,187,236,38.4,0.0,0.0,0,0,517.4,356.5,10.6,2937,27.6,3.4,18.3
cow628,4,Jersey,3,0,198,230,200,222,197,231,201,217,38.4,0.0,0.0,0,0,566.8,438.4,11.2,3395,56.1,3.9,19.2
cow628,5,Jersey,3,0,204,228,206,226,198,229,192,230,38.5,0.0,0.0,0,0,557.0,403.0,11.9,3088,77.5,4.1,19.9
cow628,6,Jersey,3,0,195,226,198,227,192,235,202,227,38.5,0.0,0.0,0,0,537.8,388.5,9.8,3773,109.9,5.0,18.7
cow629,1,Jersey,3,0,198,221,195,218,207,229,201,233,38.3,0.0,0.0,0,0,557.1,430.9,12.2,3301,125.1,3.9,21.1
cow629,2,Jersey,3,0,194,230,203,226,196,225,197,233,38.3,0.0,0.0,0,0,550.0,397.7,9.8,3018,222.2,4.1,19.9
cow629,3,Jersey,3,0,202,223,208,238,208,225,191,235,38.2,0.0,0.0,0,0,502.4,376.7,13.1,2928,83.8,5.3,18.6
cow629,4,Jersey,3,0,209,223,204,232,191,237,190,233,38.4,0.0,0.0,0,0,466.2,334.2,12.1,2994,48.4,3.1,18.6
cow629,5,Jersey,3,0,205,228,196,227,209,232,193,239,38.1,0.0,0.0,0,0,536.8,365.4,13.8,2710,71.9,4.7,18.8
cow629,6,Jersey,3,0,200,220,195,225,198,227,197,230,38.4,0.0,0.0,0,0,541.8,382.1,12.3,2453,63.7,4.8,20.0
cow630,1,Jersey,4,0,200,237,185,229,200,227,193,229,38.5,0.0,0.0,0,0,563.6,445.5,11.1,3123,113.8,4.8,20.1
cow630,2,Jersey,4,0,197,222,207,228,205,243,182,214,38.5,0.0,0.0,0,0,482.5,368.9,10.5,2787,38.0,4.1,21.3
cow630,3,Jersey,4,0,193,227,204,228,201,232,207,229,38.5,0.0,0.0,0,0,483.7,363.2,11.8,2786,70.4,3.6,22.0
cow630,4,Jersey,4,0,208,226,201,230,203,230,196,235,38.7,0.0,0.0,0,0,538.4,373.5,11.5,2964,243.7,5.7,19.6
cow630,5,Jersey,4,0,206,235,191,228,197,234,198,237,38.5,0.0,0.0,0,0,517.2,394.7,12.9,3021,89.9,3.8,20.2
cow630,6,Jersey,4,0,200,228,200,243,200,229,201,230,38.5,0.0,0.0,0,0,444.6,310.3,10.4,3003,38.4,3.6,21.9
cow631,1,Jersey,6,0,200,224,194,227,198,223,204,230,38.5,1.0,0.0,0,0,535.0,360.8,13.9,3695,62.8,4.5,21.7
cow631,2,Jersey,6,0,187,223,191,225,202,239,198,226,38.6,0.0,0.0,0,0,445.9,325.5,13.0,3265,17.0,3.9,20.5
cow631,3,Jersey,6,0,193,226,203,228,195,236,195,241,38.4,0.0,0.0,0,0,482.2,392.5,11.3,3843,76.3,5.3,19.8
cow631,4,Jersey,6,0,203,238,192,240,201,225,200,232,38.0,0.0,0.0,0,0,574.1,446.6,13.7,2824,247.9,4.3,19.2
cow631,5,Jersey,6,0,199,228,193,234,207,226,199,227,38.7,0.0,0.0,0,0,593.0,415.7,10.6,3313,35.0,5.4,19.4
cow631,6,Jersey,6,0,194,240,202,234,199,222,202,227,38.7,0.0,0.0,0,0,471.4,338.7,11.7,2847,29.1,4.9,18.8
cow632,1,Jersey,5,0,204,233,198,232,189,219,200,225,38.5,0.0,0.0,0,1,281.8,217.6,12.0,1076,1178.6,7.7,15.2
cow632,2,Jersey,5,0,198,225,197,230,199,235,191,233,38.4,0.0,0.0,0,1,296.7,257.4,15.7,2158,4192.4,8.9,14.0
cow632,3,Jersey,5,0,181,227,201,232,189,226,200,225,38.3,0.0,0.0,0,1,366.2,300.7,11.5,993,7881.8,7.5,10.4
cow632,4,Jersey,5,0,226,260,207,262,188,237,196,231,38.9,0.0,0.0,0,1,275.3,257.4,11.8,407,2863.3,7.7,15.0
cow632,5,Jersey,5,0,224,263,205,266,194,235,195,237,39.5,0.0,0.0,1,1,275.9,259.9,12.7,1017,707.8,8.4,10.8
cow632,6,Jersey,5,0,236,281,198,278,195,232,199,231,40.0,1.0,1.0,1,1,356.9,288.6,15.1,497,1959.8,8.2,11.7
cow633,1,Jersey,6,0,202,222,197,225,203,231,193,234,38.2,0.0,0.0,0,0,505.0,381.0,12.6,2619,273.4,4.0,19.8
cow633,2,Jersey,6,0,193,223,197,234,203,234,187,238,38.4,0.0,0.0,0,0,548.9,384.7,11.6,2657,64.1,3.3,21.5
cow633,3,Jersey,6,0,193,234,195,229,202,231,194,224,38.3,0.0,0.0,0,0,460.9,354.2,12.7,3014,87.5,4.5,18.6
cow633,4,Jersey,6,0,196,231,202,229,203,222,200,229,38.4,0.0,0.0,0,0,513.2,366.8,11.4,2180,93.8,3.9,22.3
cow633,5,Jersey,6,0,192,236,197,232,199,228,203,227,38.6,0.0,0.0,0,0,453.6,348.4,12.0,3478,27.3,4.5,19.6
cow633,6,Jersey,6,0,188,222,200,229,205,225,196,230,38.6,0.0,0.0,0,0,477.8,361.5,13.5,2250,158.3,4.2,20.8
cow634,1,Jersey,3,0,197,230,191,227,202,234,191,224,38.7,0.0,0.0,0,0,553.6,401.4,11.2,2949,143.3,3.9,17.6
cow634,2,Jersey,3,0,193,234,193,229,197,234,203,226,38.8,0.0,0.0,0,0,518.0,393.1,10.6,2870,20.0,4.3,21.5
cow634,3,Jersey,3,0,205,223,198,231,197,230,201,235,39.0,0.0,0.0,0,0,507.2,344.1,12.1,3330,31.7,4.4,19.0
cow634,4,Jersey,3,0,192,233,194,224,195,222,194,230,38.8,0.0,0.0,0,0,490.1,342.9,12.4,3141,40.7,5.1,18.9
cow634,5,Jersey,3,0,187,228,195,220,207,236,199,234,38.8,0.0,0.0,0,0,511.2,369.8,11.6,3475,133.2,4.8,19.0
cow634,6,Jersey,3,0,189,230,209,227,199,229,200,229,38.5,0.0,0.0,0,0,532.0,361.2,12.7,2855,47.3,6.2,19.2
cow635,1,Jersey,1,0,190,239,189,229,204,220,197,217,38.1,0.0,0.0,0,0,559.3,396.3,11.3,2814,104.8,4.6,18.9
cow635,2,Jersey,1,0,196,226,198,232,195,229,200,224,38.3,0.0,0.0,0,0,415.0,310.3,11.7,3165,70.1,4.0,17.7
cow635,3,Jersey,1,0,190,223,190,233,198,233,201,229,38.1,0.0,0.0,0,0,486.7,383.6,11.9,3412,83.4,4.4,20.4
cow635,4,Jersey,1,0,201,229,203,232,201,230,202,230,38.1,0.0,0.0,0,0,526.4,386.4,11.8,3330,111.9,5.0,20.9
cow635,5,Jersey,1,0,200,228,191,223,204,229,209,225,38.4,0.0,0.0,0,0,516.0,396.2,13.4,3129,95.9,5.3,20.4
cow635,6,Jersey,1,0,195,235,203,222,188,222,192,231,38.3,0.0,0.0,0,0,536.1,395.1,11.9,3093,78.4,5.6,20.5
cow636,1,Jersey,6,0,200,233,201,235,199,230,204,240,39.0,0.0,0.0,0,0,530.7,376.8,11.1,2985,99.6,3.7,19.6
cow636,2,Jersey,6,0,196,222,205,227,195,230,193,224,38.8,0.0,0.0,0,0,507.8,375.1,12.1,3164,92.3,5.5,22.0
cow636,3,Jersey,6,0,200,231,195,243,198,237,196,210,38.8,0.0,0.0,0,0,498.9,380.5,12.7,3814,68.7,4.5,20.5
cow636,4,Jersey,6,0,209,238,199,232,196,236,199,233,39.2,0.0,0.0,0,0,510.2,395.6,12.4,2903,59.0,3.8,20.4
cow636,5,Jersey,6,0,202,224,196,230,200,225,202,230,38.8,0.0,0.0,0,0,565.9,405.2,12.4,2854,291.2,4.3,19.3
cow636,6,Jersey,6,0,190,223,202,221,190,242,191,226,38.7,0.0,0.0,0,0,490.7,332.8,9.7,2824,58.5,5.5,21.0
cow637,1,Jersey,6,0,194,225,198,227,186,241,188,231,38.2,0.0,0.0,0,1,292.5,222.6,10.5,1456,6004.1,8.4,10.1
cow637,2,Jersey,6,0,197,222,201,259,198,224,195,218,38.6,1.0,0.0,0,1,302.3,253.5,15.0,451,1148.7,7.0,15.5
cow637,3,Jersey,6,0,188,221,197,256,198,222,199,237,39.2,0.0,0.0,0,1,357.4,250.4,14.0,1246,3833.2,7.0,10.4
cow637,4,Jersey,6,0,211,225,195,265,190,239,199,236,39.3,1.0,1.0,1,1,283.0,280.1,13.5,1652,8400.7,7.0,9.5
cow637,5,Jersey,6,0,190,230,200,271,195,227,194,222,39.3,1.0,1.0,1,1,333.4,288.8,14.3,1090,1520.1,7.4,12.4
cow637,6,Jersey,6,0,188,231,199,275,197,226,202,227,39.6,1.0,1.0,1,1,344.3,273.1,15.8,1375,1165.2,8.1,8.8
cow638,1,Jersey,1,0,197,226,202,238,202,238,195,224,38.8,0.0,0.0,0,0,517.4,358.5,13.2,3844,59.1,3.6,21.1
cow638,2,Jersey,1,0,210,231,205,226,206,231,192,222,38.6,0.0,0.0,0,0,511.6,393.4,12.7,3133,78.4,4.2,20.9
cow638,3,Jersey,1,0,192,236,190,228,190,237,193,232,38.6,0.0,0.0,0,0,506.8,352.1,10.4,2104,99.2,5.6,20.1
cow638,4,Jersey,1,0,197,230,190,227,199,225,196,223,38.9,0.0,0.0,0,0,509.8,355.5,10.6,2436,77.3,5.8,21.7
cow638,5,Jersey,1,0,202,220,193,218,191,226,205,224,38.3,0.0,0.0,0,0,554.2,386.7,8.6,2900,59.4,5.7,18.7
cow638,6,Jersey,1,0,197,227,200,236,200,233,203,223,38.6,0.0,0.0,0,0,529.2,387.6,12.3,2678,306.5,3.1,21.5
cow639,1,Jersey,4,0,203,231,200,232,203,227,199,219,38.9,0.0,0.0,0,0,529.4,396.8,12.8,3041,69.2,5.8,21.1
cow639,2,Jersey,4,0,205,231,204,236,203,222,195,237,38.6,0.0,0.0,0,0,475.0,374.5,12.9,2882,51.8,4.6,18.8
cow639,3,Jersey,4,0,199,239,194,235,200,231,195,233,38.6,0.0,0.0,0,0,481.3,375.6,12.3,3466,141.0,4.6,20.4
cow639,4,Jersey,4,0,203,233,194,241,200,230,204,225,38.8,0.0,0.0,0,0,605.7,431.5,11.3,2563,142.5,5.3,19.6
cow639,5,Jersey,4,0,197,235,202,230,206,232,201,233,38.6,0.0,0.0,0,0,512.9,394.1,10.8,2917,210.7,5.1,17.6
cow639,6,Jersey,4,0,197,227,197,243,195,236,199,227,38.6,0.0,0.0,0,0,489.0,349.3,10.5,3087,300.9,3.0,21.8
cow640,1,Jersey,2,0,197,227,203,236,200,226,194,221,38.4,0.0,0.0,0,0,577.2,381.6,11.3,3136,100.9,4.0,20.8
cow640,2,Jersey,2,0,200,226,207,215,189,226,197,232,38.4,0.0,0.0,0,0,531.3,374.7,10.3,3059,65.1,4.2,18.3
cow640,3,Jersey,2,0,199,231,198,233,202,236,195,225,38.4,0.0,0.0,0,0,543.1,379.4,13.6,2035,21.3,3.4,18.5
cow640,4,Jersey,2,0,204,226,200,228,192,230,195,233,38.5,0.0,0.0,0,0,514.5,365.3,9.9,3033,41.6,5.3,21.5
cow640,5,Jersey,2,0,198,228,194,224,200,222,201,224,38.1,0.0,0.0,0,0,507.3,355.1,11.3,2940,91.7,5.7,20.0
cow640,6,Jersey,2,0,203,235,200,235,199,227,191,233,38.4,0.0,0.0,0,0,513.2,367.6,9.2,3346,35.1,4.5,21.4
cow641,1,Jersey,5,0,194,237,199,225,197,219,197,221,38.3,0.0,0.0,0,1,239.7,233.0,13.9,1589,556.2,8.2,13.6
cow641,2,Jersey,5,0,196,235,198,237,198,232,202,233,38.4,0.0,0.0,0,1,291.5,283.8,13.5,1396,2104.0,8.0,13.4
cow641,3,Jersey,5,0,193,231,195,220,193,224,208,238,38.2,0.0,0.0,0,1,306.8,231.0,13.1,1425,3731.3,8.1,9.9
cow641,4,Jersey,5,0,201,233,193,229,193,219,199,232,38.3,0.0,0.0,0,1,369.0,276.2,12.4,1841,1635.8,8.9,9.9
cow641,5,Jersey,5,0,209,230,202,318,189,235,202,230,39.7,0.0,1.0,0,1,298.4,242.8,13.5,1760,4110.3,6.6,13.4
cow641,6,Jersey,5,0,200,216,195,350,202,236,204,237,40.6,0.0,1.0,0,1,201.6,212.8,12.8,1410,3279.5,8.4,10.5
cow642,1,Jersey,1,0,198,236,195,224,194,222,197,225,38.6,1.0,0.0,0,0,516.2,374.1,11.3,3858,175.7,4.5,19.5
cow642,2,Jersey,1,0,190,226,202,230,192,228,200,228,,0.0,0.0,0,0,629.6,432.7,13.8,2749,356.5,3.9,20.0
cow642,3,Jersey,1,0,196,224,188,226,194,219,188,229,38.7,0.0,0.0,0,0,554.7,413.7,11.7,2526,483.3,4.1,20.6
cow642,4,Jersey,1,0,203,232,195,226,199,232,194,224,38.6,0.0,0.0,0,0,487.6,377.8,12.1,2996,131.7,6.0,18.4
cow642,5,Jersey,1,0,213,219,199,232,195,222,192,232,38.6,0.0,0.0,0,0,543.6,393.8,10.9,2850,57.8,3.4,22.2
cow642,6,Jersey,1,0,205,230,196,240,186,228,197,230,38.3,0.0,0.0,0,0,490.3,347.5,10.6,2014,82.9,4.4,19.6
cow643,1,Jersey,3,0,207,231,200,233,206,237,193,230,38.6,0.0,0.0,0,0,465.8,352.4,11.5,2739,235.5,5.8,19.3
cow643,2,Jersey,3,0,205,238,193,227,196,237,204,214,38.7,0.0,0.0,0,0,506.1,367.4,14.5,3137,42.9,3.5,19.0
cow643,3,Jersey,3,0,196,219,198,230,193,229,196,230,38.4,0.0,0.0,0,0,523.7,377.9,11.2,2977,215.9,4.1,19.8
cow643,4,Jersey,3,0,200,226,191,224,208,220,216,224,38.5,0.0,0.0,0,0,445.1,325.8,11.9,2689,70.6,4.5,19.8
cow643,5,Jersey,3,0,197,225,195,228,190,239,194,234,38.6,0.0,0.0,0,0,474.0,369.1,10.5,3017,92.9,4.8,18.2
cow643,6,Jersey,3,0,200,223,205,220,193,230,196,224,38.7,0.0,0.0,0,0,520.4,384.7,8.2,3049,45.5,4.4,19.7
cow644,1,Jersey,3,0,188,219,197,234,204,245,202,230,38.5,0.0,0.0,0,0,503.7,388.8,10.6,3286,31.8,3.8,21.5
cow644,2,Jersey,3,0,201,221,197,231,197,228,190,225,38.6,0.0,0.0,0,0,535.8,413.5,14.4,2743,65.5,4.9,20.7
cow644,3,Jersey,3,0,202,226,184,227,201,232,203,230,38.6,0.0,0.0,0,0,471.4,359.1,12.2,3350,195.4,4.4,19.1
cow644,4,Jersey,3,0,210,224,207,222,195,224,202,220,38.7,0.0,0.0,1,0,548.6,388.0,13.5,2564,48.9,5.0,20.3
cow644,5,Jersey,3,0,196,225,195,238,202,228,191,219,38.8,0.0,0.0,0,0,472.6,370.3,11.1,2799,242.0,5.2,18.0
cow644,6,Jersey,3,0,190,233,202,227,205,226,196,236,38.8,0.0,0.0,0,0,585.7,427.8,8.7,3680,53.5,3.3,17.7
cow645,1,Jersey,6,0,201,221,207,226,198,229,200,229,38.8,0.0,0.0,0,0,451.4,385.7,10.2,2590,38.0,5.3,20.2
cow645,2,Jersey,6,0,197,229,195,237,197,240,188,224,38.7,0.0,0.0,0,0,476.3,359.4,12.0,2736,94.6,4.3,21.1
cow645,3,Jersey,6,0,214,231,199,231,187,219,200,227,38.6,0.0,0.0,0,0,536.7,402.6,11.8,2499,127.0,5.2,19.4
cow645,4,Jersey,6,0,198,237,200,231,199,222,183,225,38.5,0.0,0.0,0,0,586.6,425.2,11.5,2669,90.5,4.9,19.2
cow645,5,Jersey,6,0,202,236,186,217,202,228,210,235,38.6,0.0,0.0,0,0,532.6,385.8,10.9,3055,88.2,6.0,21.1
cow645,6,Jersey,6,0,190,236,191,232,207,223,195,225,38.7,0.0,0.0,0,0,542.5,388.9,12.6,3283,240.4,4.5,21.6
cow646,1,Jersey,2,0,191,237,198,231,201,227,202,226,38.6,0.0,0.0,0,1,295.7,260.7,12.9,1293,2153.9,7.7,9.7
cow646,2,Jersey,2,0,215,232,199,230,202,237,199,234,38.5,0.0,0.0,0,1,253.9,239.7,13.9,1170,1365.7,7.6,16.1
cow646,3,Jersey,2,0,197,227,197,230,200,218,202,223,38.9,0.0,0.0,0,1,275.4,264.0,13.7,803,800.7,7.2,16.2
cow646,4,Jersey,2,0,264,307,189,225,191,220,210,229,38.9,1.0,0.0,1,1,246.5,231.5,13.1,1009,5568.9,8.6,13.1
cow646,5,Jersey,2,0,286,334,209,237,193,230,196,227,39.4,0.0,1.0,0,1,243.9,216.0,12.4,682,1415.8,7.1,14.7
cow646,6,Jersey,2,0,310,359,198,229,196,231,203,237,39.7,1.0,1.0,1,1,311.1,258.8,13.0,1595,1531.7,8.6,12.1
cow647,1,Jersey,1,0,195,233,195,230,198,229,193,230,38.5,0.0,0.0,0,0,475.1,329.2,13.7,3322,164.3,4.3,20.7
cow647,2,Jersey,1,0,188,227,191,228,189,235,195,231,38.2,0.0,0.0,0,0,532.8,417.6,12.8,2984,328.3,3.1,19.6
cow647,3,Jersey,1,0,199,236,191,226,209,231,200,227,38.7,0.0,0.0,0,0,467.9,339.0,12.7,3177,94.5,5.7,21.2
cow647,4,Jersey,1,0,201,232,201,230,192,224,194,238,38.4,0.0,0.0,0,0,531.9,404.5,10.6,3350,72.3,2.5,17.5
cow647,5,Jersey,1,0,202,228,200,221,195,225,209,225,38.6,0.0,0.0,0,0,500.5,373.2,9.8,3040,79.1,4.4,20.9
cow647,6,Jersey,1,0,201,230,203,240,193,230,195,224,38.6,0.0,0.0,0,0,576.3,419.2,12.8,3557,58.0,4.7,21.6
cow648,1,Jersey,4,0,199,230,208,233,186,237,195,222,38.5,0.0,0.0,0,0,532.9,385.7,12.6,2590,62.1,2.7,19.7
cow648,2,Jersey,4,0,183,225,177,231,200,231,199,225,38.4,0.0,0.0,0,0,569.4,395.5,11.7,2861,62.4,4.9,18.6
cow648,3,Jersey,4,0,195,233,187,229,196,235,205,229,38.5,0.0,0.0,0,0,489.8,344.4,11.1,2813,149.0,4.0,17.2
cow648,4,Jersey,4,0,207,224,187,225,203,217,199,222,38.6,0.0,0.0,0,0,522.2,412.5,9.7,3259,74.7,4.3,18.5
cow648,5,Jersey,4,0,201,219,201,235,195,228,197,241,38.7,0.0,0.0,0,0,480.8,358.5,12.5,2426,203.1,5.6,18.7
cow648,6,Jersey,4,0,198,219,201,238,206,216,193,231,38.6,0.0,0.0,0,0,503.5,390.3,12.9,3579,73.3,4.6,17.8
cow649,1,Jersey,2,0,195,232,200,228,184,222,197,231,38.6,0.0,0.0,0,0,509.5,398.6,10.7,3225,61.6,4.2,20.5
cow649,2,Jersey,2,0,198,227,212,229,212,229,205,237,38.6,0.0,0.0,0,0,491.0,355.2,10.6,3700,192.0,4.4,18.6
cow649,3,Jersey,2,0,205,218,203,234,201,224,185,226,38.7,0.0,0.0,0,0,471.4,358.5,13.0,2984,80.6,5.9,19.4
cow649,4,Jersey,2,0,194,234,186,235,195,231,191,232,38.7,0.0,0.0,0,0,463.5,346.9,10.7,2780,72.8,4.8,18.2
cow649,5,Jersey,2,0,186,239,187,223,195,233,203,239,38.8,0.0,0.0,0,0,426.4,303.0,13.6,3263,81.3,3.8,17.9
cow649,6,Jersey,2,0,203,232,199,227,188,228,199,220,38.6,0.0,0.0,0,0,477.7,351.3,11.4,3412,218.8,4.1,20.8
cow650,1,Jersey,3,0,199,232,197,223,204,230,197,229,38.5,0.0,0.0,0,0,545.1,405.6,11.0,2714,98.1,3.5,18.4
cow650,2,Jersey,3,0,204,222,201,223,205,232,186,232,38.5,0.0,0.0,0,0,456.1,332.7,11.6,2201,188.3,4.1,19.3
cow650,3,Jersey,3,0,209,230,199,229,199,224,191,229,38.4,0.0,0.0,0,0,465.3,341.3,11.0,2269,67.5,5.8,19.8
cow650,4,Jersey,3,0,192,214,193,237,200,238,194,233,38.6,0.0,0.0,0,0,591.6,419.9,12.9,3105,168.6,4.4,19.9
cow650,5,Jersey,3,0,194,248,202,227,192,243,187,224,38.4,0.0,0.0,0,0,494.5,402.7,12.6,3616,93.6,3.4,20.8
cow650,6,Jersey,3,0,197,227,195,226,200,228,189,228,38.7,0.0,0.0,0,0,532.8,354.7,12.8,2480,146.1,4.8,19.1
cow651,1,Jersey,1,0,195,235,202,235,193,243,202,223,39.2,0.0,0.0,0,1,320.7,279.4,13.7,1191,4348.4,7.7,16.1
cow651,2,Jersey,1,0,199,233,201,226,205,237,201,234,,,,0,1,321.5,266.3,13.0,1161,934.2,8.4,10.2
cow651,3,Jersey,1,0,195,238,196,212,198,226,189,224,38.9,0.0,0.0,0,1,234.1,206.9,13.5,2068,2114.4,7.8,9.3
cow651,4,Jersey,1,0,208,208,276,233,208,228,206,233,39.4,1.0,0.0,0,1,285.8,244.5,13.0,2203,4315.4,9.2,9.5
cow651,5,Jersey,1,0,200,198,309,224,198,245,200,227,39.6,1.0,1.0,0,1,230.3,228.2,15.3,1470,4906.5,7.3,11.0
cow651,6,Jersey,1,0,194,194,341,225,194,220,191,240,40.0,1.0,1.0,1,1,392.9,326.8,14.7,1659,5479.0,7.1,15.6
cow652,1,Jersey,4,0,194,238,194,237,196,225,194,247,38.6,0.0,0.0,0,0,456.2,345.1,11.4,3348,85.4,5.3,18.1
cow652,2,Jersey,4,0,203,231,198,244,193,235,200,221,38.7,0.0,0.0,0,0,478.1,374.5,10.4,2488,230.2,2.9,20.2
cow652,3,Jersey,4,0,201,230,196,227,186,233,209,236,38.5,0.0,0.0,0,0,478.4,377.9,13.3,3279,50.4,4.4,23.0
cow652,4,Jersey,4,0,201,214,218,239,188,229,207,222,38.8,0.0,0.0,0,0,460.1,358.8,11.7,2592,28.3,5.1,19.2
cow652,5,Jersey,4,0,193,239,193,228,196,227,195,223,38.6,0.0,0.0,0,0,574.1,402.6,11.3,2931,65.6,2.7,21.7
cow652,6,Jersey,4,0,198,228,203,227,188,234,191,226,38.9,0.0,0.0,0,0,616.9,447.0,13.4,3456,181.4,4.6,19.6
cow653,1,Jersey,3,0,201,235,193,226,201,230,195,226,38.4,0.0,0.0,0,0,501.0,377.6,10.9,3032,37.5,3.3,20.5
cow653,2,Jersey,3,0,194,234,193,219,194,228,196,243,38.3,0.0,0.0,0,0,467.2,333.6,11.1,3441,28.8,3.0,18.9
cow653,3,Jersey,3,0,204,231,203,225,208,236,201,228,38.2,0.0,0.0,0,0,430.5,298.1,11.2,3520,24.2,3.6,19.7
cow653,4,Jersey,3,0,202,223,194,244,195,244,212,235,38.3,0.0,0.0,0,0,510.2,337.7,9.9,2297,132.1,4.4,18.0
cow653,5,Jersey,3,0,203,227,193,228,199,209,191,227,38.5,0.0,0.0,0,0,507.3,373.7,11.9,2129,29.2,3.9,20.3
cow653,6,Jersey,3,0,199,235,200,227,207,233,201,230,38.3,0.0,0.0,0,0,493.9,369.7,10.6,3465,116.1,5.4,18.3
cow654,1,Jersey,4,0,196,241,206,237,198,226,196,225,39.0,0.0,0.0,0,0,528.9,364.0,10.8,3481,63.3,4.6,22.8
cow654,2,Jersey,4,0,195,228,198,239,204,245,187,221,38.9,0.0,0.0,0,0,535.8,408.3,10.7,3103,46.6,4.1,21.0
cow654,3,Jersey,4,0,189,227,199,229,187,228,200,237,39.0,0.0,0.0,0,0,532.9,390.5,10.8,3157,39.8,3.5,19.7
cow654,4,Jersey,4,0,192,229,204,227,193,235,192,230,38.9,0.0,0.0,0,0,507.4,396.7,10.5,3357,91.6,4.7,18.0
cow654,5,Jersey,4,0,196,226,194,222,191,231,197,241,38.6,0.0,0.0,0,0,475.9,360.2,11.8,3350,47.2,6.1,20.7
cow654,6,Jersey,4,0,188,231,197,225,209,231,197,231,38.4,0.0,0.0,0,0,546.6,376.8,11.3,2878,79.2,3.9,18.9
cow655,1,Jersey,3,0,204,225,190,232,199,233,205,236,38.1,0.0,0.0,0,1,295.5,263.5,13.6,1682,2757.4,7.5,10.6
cow655,2,Jersey,3,0,221,229,245,227,192,225,198,232,38.7,0.0,1.0,1,1,330.5,288.4,16.3,1161,3269.1,7.2,12.7
cow655,3,Jersey,3,0,222,231,259,227,194,228,200,231,38.8,1.0,0.0,0,1,326.6,264.1,13.3,1397,4236.5,8.9,8.5
cow655,4,Jersey,3,0,226,215,271,236,200,226,196,231,39.3,1.0,1.0,0,1,238.1,194.9,14.2,1380,2278.5,8.7,10.0
cow655,5,Jersey,3,0,229,233,293,228,196,225,199,231,39.6,1.0,1.0,1,1,237.6,222.4,14.4,956,856.0,7.6,11.1
cow655,6,Jersey,3,0,236,240,300,233,198,229,200,226,40.1,1.0,1.0,1,1,264.8,218.9,13.4,1003,2904.1,7.5,9.4
cow656,1,Jersey,2,0,200,220,215,229,187,240,199,227,38.4,0.0,0.0,0,0,477.7,374.8,11.8,3894,125.0,3.7,19.7
cow656,2,Jersey,2,0,195,220,198,227,195,236,205,233,38.5,0.0,0.0,0,0,550.2,390.8,11.5,2643,70.1,4.3,21.9
cow656,3,Jersey,2,0,192,227,202,233,192,230,191,224,38.6,0.0,0.0,0,0,534.1,419.5,11.7,3148,65.1,5.3,18.2
cow656,4,Jersey,2,0,199,228,199,229,194,234,186,227,38.6,0.0,0.0,0,0,564.0,368.1,10.8,3232,439.1,4.5,19.1
cow656,5,Jersey,2,0,194,219,195,235,207,231,194,237,38.4,0.0,0.0,0,0,535.9,391.9,10.9,2978,32.5,5.5,21.8
cow656,6,Jersey,2,0,191,226,196,225,201,243,192,231,38.6,0.0,0.0,0,0,528.3,410.7,11.5,3269,111.7,3.9,20.0
cow657,1,Jersey,2,0,198,225,191,232,195,238,209,213,39.0,0.0,0.0,0,0,568.0,392.8,9.1,3132,163.6,2.6,19.9
cow657,2,Jersey,2,0,195,235,202,241,196,242,196,232,38.8,0.0,0.0,0,0,538.8,388.4,13.3,2652,62.8,6.6,20.9
cow657,3,Jersey,2,0,194,228,192,237,202,226,189,242,38.7,0.0,0.0,0,0,522.7,374.4,14.1,3215,70.7,4.7,20.3
cow657,4,Jersey,2,0,195,232,199,226,202,233,199,235,38.7,0.0,0.0,0,0,579.2,403.2,11.7,2782,60.2,5.1,21.3
cow657,5,Jersey,2,0,192,231,202,216,203,244,211,222,38.9,0.0,0.0,0,0,524.6,387.2,12.3,3696,79.4,3.9,17.0
cow657,6,Jersey,2,0,188,237,190,223,206,232,193,235,39.1,0.0,0.0,0,0,507.8,349.4,12.8,3172,147.9,3.4,19.4
cow658,1,Jersey,3,0,200,243,199,236,201,218,201,241,38.5,0.0,0.0,0,0,486.5,357.9,9.9,2720,69.3,4.6,19.0
cow658,2,Jersey,3,0,192,230,197,236,198,226,197,230,38.4,0.0,0.0,0,0,548.1,406.2,12.6,3137,681.0,2.9,20.9
cow658,3,Jersey,3,0,197,224,194,238,192,220,190,229,38.4,0.0,0.0,0,0,569.5,405.8,11.0,2630,58.1,4.3,20.3
cow658,4,Jersey,3,0,206,236,194,232,185,232,198,226,38.5,0.0,0.0,0,0,518.0,360.8,14.2,3103,205.7,5.3,18.9
cow658,5,Jersey,3,0,209,230,194,223,189,225,192,220,38.4,0.0,0.0,0,0,572.3,429.9,11.3,2910,115.7,4.9,17.8
cow658,6,Jersey,3,0,198,220,204,226,196,232,197,222,38.3,0.0,0.0,0,0,441.2,345.9,12.6,2669,85.6,4.7,19.7
cow659,1,Jersey,5,0,194,233,190,224,198,235,197,231,38.1,0.0,0.0,0,1,292.8,234.9,13.3,964,6527.8,9.4,12.0
cow659,2,Jersey,5,0,202,229,207,226,206,224,196,223,38.1,0.0,0.0,0,1,293.4,230.7,16.1,2274,549.5,8.3,10.6
cow659,3,Jersey,5,0,196,294,196,218,197,215,192,224,38.6,0.0,1.0,1,1,265.9,220.4,12.9,1337,2810.7,6.5,13.6
cow659,4,Jersey,5,0,196,311,199,206,213,229,207,243,39.0,1.0,1.0,0,1,390.4,322.0,14.9,1127,1120.1,7.9,11.6
cow659,5,Jersey,5,0,190,331,195,189,197,232,205,230,39.9,1.0,0.0,1,1,292.4,258.4,14.3,1058,1404.1,9.5,13.8
cow659,6,Jersey,5,0,194,361,200,182,200,232,193,237,40.0,1.0,1.0,0,1,278.7,259.4,14.0,1488,1351.9,7.8,13.1
cow660,1,Jersey,3,0,203,229,203,237,194,232,195,224,38.3,0.0,0.0,0,0,521.0,374.8,11.8,2745,40.8,6.0,20.7
cow660,2,Jersey,3,0,202,236,195,222,200,239,195,236,38.6,0.0,0.0,0,0,439.9,315.3,10.7,2562,25.4,5.3,18.4
cow660,3,Jersey,3,0,200,230,202,237,201,232,194,231,38.6,0.0,0.0,0,0,489.6,378.3,8.4,2987,103.9,4.2,18.8
cow660,4,Jersey,3,0,202,231,194,221,192,242,210,227,38.7,0.0,0.0,0,0,559.3,393.6,12.8,2984,75.9,3.6,20.7
cow660,5,Jersey,3,0,189,228,205,223,189,221,192,229,38.3,0.0,0.0,0,0,494.8,368.3,10.9,2833,64.5,4.8,21.4
cow660,6,Jersey,3,0,197,224,211,227,195,229,197,228,38.4,0.0,0.0,0,0,486.8,332.2,12.9,2643,134.2,5.5,19.1
cow661,1,Jersey,3,0,203,225,190,223,196,227,203,226,38.7,0.0,0.0,0,0,572.4,401.2,11.9,2844,108.5,3.2,19.9
cow661,2,Jersey,3,0,208,227,194,231,207,234,196,233,38.7,0.0,1.0,0,0,573.6,430.3,12.9,2812,66.1,4.6,21.8
cow661,3,Jersey,3,0,189,235,198,228,202,225,209,235,39.0,0.0,0.0,0,0,540.7,379.5,12.5,2757,653.5,2.9,22.7
cow661,4,Jersey,3,0,191,230,188,230,199,232,197,232,39.0,0.0,0.0,0,0,501.8,383.7,8.5,3111,160.5,4.2,20.1
cow661,5,Jersey,3,0,205,245,210,224,196,228,209,241,38.9,0.0,0.0,0,0,510.4,332.3,12.2,3890,430.0,3.2,18.9
cow661,6,Jersey,3,0,197,237,194,236,190,225,208,233,38.8,0.0,0.0,0,0,487.8,350.6,11.1,3533,59.6,4.9,17.3
cow662,1,Jersey,1,0,192,233,192,231,193,233,205,228,38.6,0.0,0.0,0,0,480.2,353.0,12.9,3777,94.4,3.9,17.9
cow662,2,Jersey,1,0,193,237,192,225,189,229,198,227,38.5,0.0,0.0,0,0,478.2,386.3,12.2,2773,33.8,5.4,17.8
cow662,3,Jersey,1,0,191,224,194,233,185,230,198,231,38.4,0.0,0.0,0,0,495.3,344.1,12.2,3670,63.2,4.1,20.5
cow662,4,Jersey,1,0,192,233,199,222,192,233,188,228,38.4,0.0,0.0,0,0,478.6,367.2,11.2,3091,53.1,4.0,21.6
cow662,5,Jersey,1,0,194,231,197,241,204,239,201,239,38.6,0.0,0.0,0,0,457.5,361.5,10.4,3395,629.0,3.2,22.1
cow662,6,Jersey,1,0,194,228,199,225,201,235,211,225,38.8,0.0,0.0,0,0,528.8,372.3,11.0,3183,49.2,4.8,21.5
cow663,1,Jersey,4,0,194,232,193,233,202,226,193,224,38.5,0.0,0.0,0,0,529.4,378.9,9.3,2863,67.6,4.9,19.3
cow663,2,Jersey,4,0,199,227,195,232,202,231,192,223,38.6,0.0,0.0,0,0,588.0,423.4,10.8,3288,29.1,5.3,21.1
cow663,3,Jersey,4,0,196,230,198,234,205,226,196,228,38.8,0.0,0.0,0,0,493.3,337.3,9.7,3194,114.8,5.0,20.8
cow663,4,Jersey,4,0,199,219,194,230,187,224,192,228,38.6,0.0,0.0,0,0,531.8,378.9,9.8,2293,42.7,4.8,18.3
cow663,5,Jersey,4,0,202,243,193,230,196,231,190,235,38.5,0.0,0.0,0,0,532.5,410.5,11.6,2950,149.8,5.0,19.6
cow663,6,Jersey,4,0,201,224,207,229,187,239,196,226,38.7,0.0,0.0,0,0,509.8,383.3,12.1,3349,23.1,5.1,19.1
cow664,1,Jersey,4,0,194,234,186,221,204,217,196,231,38.5,0.0,0.0,0,0,549.8,395.0,11.5,3111,73.0,5.2,22.4
cow664,2,Jersey,4,0,201,223,208,234,205,223,194,236,38.1,0.0,0.0,0,0,551.0,400.6,10.9,3188,22.2,3.3,20.8
cow664,3,Jersey,4,0,196,239,186,242,196,224,194,228,38.3,0.0,0.0,0,0,533.1,398.3,10.4,2699,56.6,4.1,18.2
cow664,4,Jersey,4,0,196,227,196,225,206,229,194,236,38.6,0.0,0.0,0,0,509.8,387.8,11.1,3102,65.1,3.2,19.4
cow664,5,Jersey,4,0,205,235,200,239,206,221,207,228,38.1,0.0,0.0,0,0,505.7,361.4,10.5,2961,52.5,4.8,19.9
cow664,6,Jersey,4,0,203,230,197,235,209,243,198,222,38.0,0.0,0.0,0,0,465.3,374.8,11.4,2919,56.2,5.8,19.9
cow665,1,Jersey,3,0,182,227,205,239,209,230,194,233,38.7,0.0,0.0,0,0,487.8,384.4,9.7,2728,155.4,5.2,19.9
cow665,2,Jersey,3,0,203,230,192,216,205,224,195,230,38.8,0.0,0.0,0,0,495.1,377.3,12.3,3366,356.7,4.0,21.6
cow665,3,Jersey,3,0,200,230,196,220,200,233,199,227,38.8,0.0,0.0,0,0,475.0,337.9,10.8,3138,100.4,4.9,20.9
cow665,4,Jersey,3,0,199,220,193,227,187,228,196,235,38.6,0.0,0.0,0,0,537.6,372.2,12.0,3098,43.9,4.8,22.3
cow665,5,Jersey,3,0,205,231,190,221,204,229,195,224,38.6,0.0,0.0,0,0,567.9,402.8,12.6,3820,83.0,4.7,18.8
cow665,6,Jersey,3,0,196,226,210,244,200,236,191,230,38.8,0.0,0.0,0,0,483.7,359.3,11.9,3190,62.2,3.5,20.3
cow666,1,Jersey,4,0,201,225,186,231,202,227,197,228,38.5,0.0,0.0,0,0,531.3,355.0,12.5,3480,146.8,5.6,19.8
cow666,2,Jersey,4,0,202,231,192,235,206,221,193,222,38.3,0.0,0.0,0,0,478.6,364.1,9.0,3109,96.9,3.6,21.1
cow666,3,Jersey,4,0,195,234,198,228,195,233,192,224,38.4,0.0,0.0,0,0,507.8,395.9,10.9,2859,26.7,4.2,20.4
cow666,4,Jersey,4,0,191,228,193,232,194,224,194,218,38.3,0.0,0.0,0,0,492.4,373.8,12.8,2576,169.6,5.3,17.6
cow666,5,Jersey,4,0,190,228,198,236,195,231,203,232,38.4,0.0,0.0,0,0,544.1,382.3,12.1,3097,154.9,4.2,19.6
cow666,6,Jersey,4,0,206,225,207,224,189,234,193,228,38.4,0.0,0.0,0,0,492.8,349.4,13.7,1935,223.1,4.6,20.7
cow667,1,Jersey,5,0,198,226,209,237,193,233,194,234,38.6,0.0,0.0,0,0,560.5,409.7,13.5,3109,55.6,4.6,19.6
cow667,2,Jersey,5,0,193,234,190,219,202,225,203,237,38.4,0.0,0.0,0,0,510.2,371.3,11.9,3126,97.8,4.6,22.7
cow667,3,Jersey,5,0,212,219,193,236,204,243,192,232,38.4,0.0,0.0,0,0,494.0,372.4,11.2,2913,35.0,4.6,19.1
cow667,4,Jersey,5,0,196,224,193,230,186,230,206,231,38.5,0.0,0.0,0,0,469.9,360.8,10.3,2963,76.7,4.7,20.8
cow667,5,Jersey,5,0,195,228,196,234,192,224,200,237,38.5,0.0,0.0,0,0,530.1,405.7,10.9,2500,104.5,4.6,18.1
cow667,6,Jersey,5,0,196,219,201,222,196,236,197,217,38.3,0.0,0.0,0,0,555.8,381.1,11.0,3554,51.2,3.8,20.5
cow668,1,Jersey,3,0,202,235,200,226,192,243,204,225,38.6,0.0,0.0,0,0,530.9,390.5,10.8,2865,100.6,3.3,19.1
cow668,2,Jersey,3,0,205,225,194,219,190,232,202,251,38.6,0.0,0.0,0,0,609.6,427.2,10.4,2611,89.2,5.3,20.6
cow668,3,Jersey,3,0,194,225,198,229,199,220,187,238,38.9,0.0,0.0,0,0,577.2,412.5,12.0,3218,58.2,5.3,20.5
cow668,4,Jersey,3,0,194,233,203,240,196,225,192,221,38.6,0.0,0.0,0,0,507.7,388.2,13.5,3044,208.6,4.8,19.5
cow668,5,Jersey,3,0,206,227,201,232,190,224,205,228,38.6,0.0,0.0,0,0,507.3,389.9,12.6,2857,67.6,4.8,20.1
cow668,6,Jersey,3,0,200,223,203,231,189,232,203,229,38.7,0.0,0.0,0,0,538.8,416.4,11.1,2814,87.1,3.8,19.4
cow669,1,Jersey,4,0,194,224,189,234,194,234,200,231,38.4,0.0,0.0,0,0,486.5,367.5,12.7,2998,28.8,2.5,24.4
cow669,2,Jersey,4,0,188,229,206,235,198,232,194,234,38.5,0.0,0.0,0,0,566.7,406.0,11.9,3538,113.7,4.3,21.2
cow669,3,Jersey,4,0,195,226,204,226,199,231,201,223,38.3,0.0,0.0,0,0,534.5,384.1,11.5,3188,57.1,3.0,19.5
cow669,4,Jersey,4,0,203,223,192,215,198,233,212,233,38.1,0.0,0.0,0,0,530.3,354.9,11.4,2986,153.9,4.6,20.7
cow669,5,Jersey,4,0,192,231,209,236,196,233,192,226,38.5,0.0,0.0,0,0,547.5,420.6,11.3,3341,32.1,5.5,17.7
cow669,6,Jersey,4,0,197,224,199,226,196,227,208,244,38.3,0.0,0.0,0,0,588.9,415.6,12.3,3011,107.0,4.0,20.2
cow670,1,Jersey,2,0,199,219,209,232,195,221,193,221,38.6,0.0,0.0,0,1,301.8,268.2,13.7,1461,343.8,7.6,10.0
cow670,2,Jersey,2,0,207,221,199,235,207,220,204,227,38.3,0.0,0.0,0,1,290.5,264.5,12.6,1360,3277.6,7.2,12.5
cow670,3,Jersey,2,0,253,242,197,232,201,218,203,234,38.7,1.0,0.0,0,1,355.3,268.8,12.6,1536,1733.1,8.0,12.6
cow670,4,Jersey,2,0,276,209,206,224,196,219,202,239,39.3,1.0,0.0,1,1,333.7,261.6,13.9,1122,2752.8,8.0,11.6
cow670,5,Jersey,2,0,288,227,194,226,202,228,192,228,39.9,1.0,1.0,0,1,282.2,275.1,14.0,844,1230.1,7.2,11.1
cow670,6,Jersey,2,0,307,224,201,229,203,228,198,235,39.9,1.0,1.0,1,1,295.2,260.4,13.1,1663,928.4,8.7,11.7
cow671,1,Jersey,4,0,199,224,199,226,203,229,188,237,38.8,0.0,0.0,0,0,527.8,374.2,10.1,3602,58.8,6.7,19.6
cow671,2,Jersey,4,0,195,230,194,237,212,239,206,227,38.8,0.0,0.0,0,0,534.5,386.4,13.0,2563,90.7,5.5,17.8
cow671,3,Jersey,4,0,195,230,203,240,197,226,198,225,38.7,0.0,0.0,0,0,465.7,367.0,12.7,3072,118.3,4.4,19.2
cow671,4,Jersey,4,0,204,227,196,231,195,231,202,228,38.7,0.0,0.0,0,0,458.3,359.8,9.1,2820,98.0,4.4,19.2
cow671,5,Jersey,4,0,201,227,200,228,194,239,198,228,38.7,0.0,0.0,0,0,484.5,332.3,13.1,3353,41.6,4.1,18.3
cow671,6,Jersey,4,0,191,225,204,222,196,221,203,224,38.5,0.0,0.0,0,0,481.4,386.3,11.2,3099,282.7,4.1,18.6
cow672,1,Jersey,6,0,191,234,194,234,196,227,202,222,38.4,0.0,0.0,0,0,494.2,381.9,11.7,4331,100.0,5.3,19.6
cow672,2,Jersey,6,0,199,233,201,233,199,226,199,230,38.5,0.0,0.0,0,0,545.4,392.5,12.9,2879,51.7,5.3,18.7
cow672,3,Jersey,6,0,189,231,189,217,207,244,190,225,38.6,0.0,0.0,0,0,513.2,354.5,13.5,3615,106.5,3.6,20.1
cow672,4,Jersey,6,0,186,228,193,234,190,235,185,223,38.6,0.0,0.0,0,0,527.9,403.7,12.7,3654,94.8,4.8,20.0
cow672,5,Jersey,6,0,195,232,193,225,193,235,196,234,38.6,0.0,0.0,0,0,471.0,359.2,11.8,3213,70.4,5.4,19.4
cow672,6,Jersey,6,0,191,236,202,227,200,225,190,238,38.7,0.0,0.0,0,0,501.5,342.7,9.8,3015,64.9,4.2,18.4
cow673,1,Jersey,4,0,197,229,202,230,199,220,202,239,38.3,0.0,0.0,0,0,543.5,389.9,9.1,3038,156.8,4.3,20.8
cow673,2,Jersey,4,0,201,233,197,228,204,229,195,231,38.3,0.0,0.0,0,0,543.8,450.5,12.6,3004,262.0,5.1,18.9
cow673,3,Jersey,4,0,200,234,199,220,205,226,203,225,38.5,0.0,0.0,0,0,491.0,362.9,13.1,3453,19.5,5.1,18.6
cow673,4,Jersey,4,0,202,231,195,226,187,219,200,232,38.5,0.0,0.0,0,0,526.5,370.5,10.5,2651,185.8,4.8,21.7
cow673,5,Jersey,4,0,191,231,211,238,201,232,196,225,38.4,0.0,0.0,0,0,608.0,414.6,11.2,2936,80.5,4.7,17.7
cow673,6,Jersey,4,0,201,225,205,232,199,228,199,212,38.2,0.0,0.0,0,0,519.3,411.5,10.8,2887,93.5,4.8,19.3
cow674,1,Jersey,6,0,198,229,195,233,200,232,196,232,38.7,0.0,0.0,0,0,492.3,378.6,10.8,2310,202.1,4.3,19.7
cow674,2,Jersey,6,0,194,228,191,226,194,238,210,226,38.6,0.0,0.0,0,0,513.0,401.2,12.8,3344,12.7,3.6,19.8
cow674,3,Jersey,6,0,195,222,204,224,189,218,204,228,38.5,0.0,0.0,0,0,523.7,386.7,11.8,3425,139.5,3.3,22.1
cow674,4,Jersey,6,0,200,215,203,222,185,237,197,235,38.2,0.0,0.0,0,0,514.0,398.9,11.2,2746,192.6,5.0,19.5
cow674,5,Jersey,6,0,192,223,201,223,192,213,185,230,38.4,0.0,0.0,0,0,518.7,364.0,14.7,3412,49.4,4.6,18.6
cow674,6,Jersey,6,0,201,225,194,235,184,231,198,231,38.6,0.0,0.0,0,0,462.3,348.3,9.8,2367,30.3,4.9,19.7
cow675,1,Holstein Friesian,6,0,211,229,205,231,199,237,202,231,38.8,0.0,0.0,0,0,481.5,362.1,12.2,3010,246.6,3.8,18.5
cow675,2,Holstein Friesian,6,0,190,228,195,228,203,228,209,223,38.7,0.0,0.0,0,0,514.0,401.3,10.2,2949,23.6,4.6,18.6
cow675,3,Holstein Friesian,6,0,198,232,200,224,198,227,194,229,38.7,0.0,0.0,0,0,513.4,381.8,11.3,3035,106.1,4.6,17.5
cow675,4,Holstein Friesian,6,0,207,229,193,223,208,240,193,238,38.7,0.0,0.0,0,0,497.4,355.2,11.7,3033,161.0,5.5,16.2
cow675,5,Holstein Friesian,6,0,198,226,202,235,197,232,191,224,38.6,0.0,0.0,0,0,512.9,376.9,12.5,2969,104.5,5.2,18.1
cow675,6,Holstein Friesian,6,0,192,227,187,230,185,232,197,229,38.9,0.0,0.0,0,0,522.4,351.3,11.2,2845,117.3,3.9,17.0
cow676,1,Holstein Friesian,1,0,203,229,199,232,204,222,204,239,38.9,0.0,0.0,0,1,330.6,234.6,13.1,1257,1611.5,8.4,11.8
cow676,2,Holstein Friesian,1,0,186,243,192,232,202,227,200,230,39.4,0.0,0.0,1,1,291.0,267.6,13.2,1845,2897.0,7.4,12.6
cow676,3,Holstein Friesian,1,0,183,238,197,224,200,223,187,224,39.6,1.0,1.0,0,1,311.0,257.8,12.2,1069,1127.3,5.9,11.8
cow676,4,Holstein Friesian,1,0,177,238,195,231,196,236,200,234,40.1,0.0,0.0,1,1,273.3,237.3,14.3,2202,1251.3,9.4,14.1
cow676,5,Holstein Friesian,1,0,160,223,203,221,208,238,202,233,40.7,0.0,1.0,1,1,317.9,283.7,13.8,1046,2053.2,7.7,11.0
cow676,6,Holstein Friesian,1,0,155,229,197,239,192,233,201,230,40.5,1.0,1.0,1,1,310.0,289.2,14.0,1396,576.8,8.8,10.3
cow677,1,Holstein Friesian,3,0,196,231,185,221,197,234,199,223,38.2,0.0,0.0,0,0,554.6,410.4,11.4,3228,118.3,4.0,18.4
cow677,2,Holstein Friesian,3,0,202,226,207,231,191,231,201,217,38.5,0.0,0.0,0,0,548.5,431.8,11.3,2883,14.3,3.9,19.0
cow677,3,Holstein Friesian,3,0,195,238,200,231,197,237,201,232,38.4,0.0,0.0,0,0,543.5,403.2,12.9,3553,102.1,4.1,18.9
cow677,4,Holstein Friesian,3,0,191,247,187,231,191,234,203,222,38.6,0.0,0.0,0,0,516.1,383.1,12.7,3218,108.9,4.7,16.1
cow677,5,Holstein Friesian,3,0,181,234,188,238,197,225,207,234,38.0,0.0,0.0,0,0,529.8,390.2,13.2,2918,45.9,4.6,18.4
cow677,6,Holstein Friesian,3,0,208,228,191,231,195,233,190,232,38.4,0.0,0.0,0,0,562.5,382.4,11.9,3549,33.9,4.9,18.2
cow678,1,Jersey,3,0,203,226,200,223,197,221,197,224,38.4,0.0,0.0,0,0,493.9,381.6,13.1,2594,59.9,4.1,18.6
cow678,2,Jersey,3,0,211,239,198,229,199,229,192,232,38.3,0.0,0.0,0,0,494.9,320.9,11.0,2774,123.6,4.5,24.3
cow678,3,Jersey,3,0,188,230,198,228,211,229,202,234,38.4,0.0,0.0,0,0,527.3,373.8,11.3,3225,100.9,3.8,18.8
cow678,4,Jersey,3,0,198,238,190,231,197,226,193,216,38.4,0.0,0.0,0,0,536.6,390.4,12.9,3321,36.9,5.7,19.4
cow678,5,Jersey,3,0,197,217,203,228,198,237,191,231,38.1,0.0,0.0,0,0,487.0,346.0,12.5,3129,85.4,3.4,19.2
cow678,6,Jersey,3,0,204,226,199,230,197,224,202,218,38.5,0.0,0.0,0,0,517.0,370.1,11.2,2949,95.2,3.8,20.2
cow679,1,Jersey,1,0,205,232,179,222,203,224,201,223,38.4,0.0,0.0,0,0,516.2,410.9,10.2,2899,92.4,4.2,18.1
cow679,2,Jersey,1,0,197,227,196,234,198,221,196,234,38.3,0.0,0.0,0,0,431.4,346.7,11.3,3453,40.2,6.4,20.2
cow679,3,Jersey,1,0,197,223,197,240,192,243,188,224,38.4,0.0,0.0,0,0,511.2,362.4,10.7,3096,88.5,5.1,19.5
cow679,4,Jersey,1,0,202,242,200,224,203,245,193,223,38.2,0.0,0.0,0,0,513.7,367.8,13.6,2651,149.7,3.8,19.5
cow679,5,Jersey,1,0,203,246,190,230,188,225,185,231,38.3,0.0,0.0,0,0,513.6,353.2,12.4,2628,115.1,5.2,21.0
cow679,6,Jersey,1,0,199,228,190,224,195,226,204,223,38.3,0.0,0.0,0,0,576.6,426.7,10.6,3605,105.5,4.9,19.1
cow680,1,Jersey,3,0,199,225,202,224,199,231,200,234,38.6,0.0,0.0,0,0,471.4,346.3,10.2,2712,247.1,4.7,19.9
cow680,2,Jersey,3,0,198,223,205,229,197,230,199,235,38.7,0.0,0.0,0,0,487.0,324.8,10.6,3109,89.2,5.1,21.2
cow680,3,Jersey,3,0,195,222,194,228,193,230,202,231,38.7,0.0,0.0,0,0,415.5,319.1,10.8,3540,44.4,4.5,21.1
cow680,4,Jersey,3,0,204,233,198,223,198,217,197,240,38.5,0.0,0.0,0,0,500.8,376.4,11.3,3217,44.5,4.6,21.2
cow680,5,Jersey,3,0,203,231,202,233,204,236,209,235,38.4,0.0,0.0,0,0,504.2,387.8,12.8,2697,89.7,3.3,20.1
cow680,6,Jersey,3,0,192,225,196,215,193,229,193,230,38.4,0.0,0.0,0,0,499.6,366.4,10.3,2594,29.4,5.7,20.9
cow681,1,Jersey,3,0,201,232,206,229,201,237,212,224,38.2,0.0,0.0,0,0,564.3,399.9,14.2,3748,64.1,4.1,21.1
cow681,2,Jersey,3,0,199,229,200,239,203,232,193,229,38.7,0.0,0.0,0,0,554.4,436.4,10.4,2584,109.5,3.5,20.2
cow681,3,Jersey,3,0,210,232,198,235,210,238,190,232,38.5,0.0,0.0,0,0,523.1,382.0,9.8,2779,178.4,4.1,23.0
cow681,4,Jersey,3,0,192,233,193,220,195,233,207,226,38.7,0.0,0.0,0,0,505.2,384.1,13.5,3149,27.3,4.1,20.6
cow681,5,Jersey,3,0,200,231,192,226,208,237,197,233,38.5,0.0,0.0,0,0,561.0,394.9,13.1,2912,85.1,3.9,24.3
cow681,6,Jersey,3,0,188,234,188,225,199,236,197,216,38.5,0.0,0.0,0,0,519.2,391.9,11.3,3230,75.8,5.1,23.1
cow682,1,Jersey,4,0,200,231,203,226,197,225,195,225,38.4,1.0,0.0,0,0,487.3,334.2,12.0,2413,81.5,5.3,20.1
cow682,2,Jersey,4,0,193,234,206,226,196,230,206,236,38.5,0.0,0.0,0,0,451.4,330.5,12.0,2916,87.6,2.9,19.9
cow682,3,Jersey,4,0,200,233,202,233,206,225,200,233,38.3,0.0,0.0,0,0,502.3,347.7,11.7,3271,77.7,4.1,19.8
cow682,4,Jersey,4,0,186,226,190,231,196,229,202,226,38.3,0.0,0.0,0,0,550.2,387.2,9.9,3272,207.8,4.1,21.4
cow682,5,Jersey,4,0,196,229,205,228,199,219,197,237,38.4,0.0,0.0,0,0,611.1,457.1,8.5,2771,187.6,4.4,19.7
cow682,6,Jersey,4,0,203,224,198,233,193,237,200,229,38.4,0.0,0.0,0,0,522.5,370.5,10.5,2591,349.1,5.9,21.3
cow683,1,Jersey,2,0,209,219,203,228,201,221,201,231,38.4,0.0,0.0,0,0,489.4,374.6,13.7,3085,78.9,3.8,18.6
cow683,2,Jersey,2,0,196,230,201,220,206,227,187,243,38.4,0.0,0.0,0,0,472.6,378.9,13.7,2475,59.8,5.7,19.5
cow683,3,Jersey,2,0,195,236,202,233,194,221,205,217,38.5,0.0,0.0,0,0,542.1,392.8,11.2,3514,40.7,4.4,20.7
cow683,4,Jersey,2,0,196,230,188,219,192,231,195,238,38.6,0.0,0.0,0,0,449.4,355.5,10.4,3063,55.5,5.8,18.9
cow683,5,Jersey,2,0,194,236,197,237,203,230,194,227,38.6,0.0,0.0,0,0,542.0,402.8,11.8,2721,130.1,4.3,17.5
cow683,6,Jersey,2,0,207,229,199,229,201,236,198,228,38.4,0.0,0.0,0,0,552.7,401.7,12.0,2578,144.7,4.2,20.5
cow684,1,Jersey,1,0,197,235,198,227,193,228,195,229,38.8,0.0,0.0,0,0,537.5,404.0,12.2,2747,126.7,4.5,19.6
cow684,2,Jersey,1,0,193,230,191,238,196,235,193,221,38.3,1.0,0.0,0,0,511.2,407.8,8.5,2375,50.2,5.5,19.1
cow684,3,Jersey,1,0,205,225,198,234,200,232,201,235,38.5,0.0,0.0,0,0,542.6,382.1,15.3,3198,50.4,4.6,21.7
cow684,4,Jersey,1,0,202,223,201,223,189,241,200,233,38.6,0.0,0.0,0,0,526.8,366.8,12.9,2679,306.9,4.7,21.2
cow684,5,Jersey,1,0,198,225,189,220,196,227,199,222,38.5,0.0,0.0,0,0,488.9,343.0,11.3,3160,44.7,5.0,18.9
cow684,6,Jersey,1,0,199,227,201,231,193,226,202,228,38.6,0.0,0.0,0,0,594.0,442.3,10.6,3215,211.3,3.8,19.3
cow685,1,Jersey,5,0,198,225,192,219,190,221,210,218,38.3,1.0,0.0,0,0,505.9,391.9,12.7,3386,105.0,4.8,19.3
cow685,2,Jersey,5,0,187,233,197,226,209,219,199,235,38.4,0.0,0.0,0,0,551.0,389.0,12.1,3101,47.9,4.0,21.4
cow685,3,Jersey,5,0,193,228,207,248,205,231,187,225,38.5,0.0,0.0,0,0,423.3,283.5,11.6,3450,35.0,5.7,21.3
cow685,4,Jersey,5,0,186,237,201,228,200,229,198,234,38.2,0.0,0.0,0,0,571.1,398.5,12.1,3554,49.4,4.8,20.3
cow685,5,Jersey,5,0,188,230,204,232,194,229,190,231,38.3,0.0,0.0,0,0,578.8,425.1,11.4,3103,106.0,5.1,21.0
cow685,6,Jersey,5,0,195,231,197,229,186,230,197,227,38.3,0.0,0.0,0,0,521.2,379.5,12.0,3127,42.4,2.9,17.7
cow686,1,Jersey,2,0,190,230,203,230,190,222,201,221,38.3,0.0,0.0,0,1,317.4,271.7,14.4,1077,6983.0,8.6,10.3
cow686,2,Jersey,2,0,196,239,195,226,212,227,192,208,38.1,0.0,0.0,0,1,317.3,259.0,13.9,905,1687.5,7.9,12.3
cow686,3,Jersey,2,0,196,237,196,215,184,225,190,225,38.3,0.0,0.0,0,1,269.3,257.8,13.8,1813,3508.8,6.9,13.1
cow686,4,Jersey,2,0,193,224,192,229,196,227,207,230,37.9,0.0,0.0,0,1,316.9,274.3,15.2,1542,3287.8,8.1,14.1
cow686,5,Jersey,2,0,196,229,220,228,182,229,211,223,39.3,0.0,0.0,0,1,262.7,246.1,11.6,1575,7373.4,6.8,14.1
cow686,6,Jersey,2,0,198,224,240,243,200,229,204,233,40.2,1.0,0.0,0,1,270.6,243.3,12.5,1064,1401.9,8.5,13.4
cow687,1,Jersey,2,0,198,230,205,241,194,243,202,230,38.5,0.0,0.0,0,0,565.1,416.5,11.5,3650,85.5,5.6,18.6
cow687,2,Jersey,2,0,191,234,198,236,202,238,191,232,38.2,0.0,0.0,0,0,559.0,411.6,10.6,2909,30.2,3.1,20.0
cow687,3,Jersey,2,0,199,227,194,222,203,232,196,231,38.5,0.0,0.0,0,0,491.7,346.3,11.0,2679,85.3,4.5,20.7
cow687,4,Jersey,2,0,196,226,201,225,197,226,200,229,38.4,0.0,0.0,0,0,490.7,369.1,13.0,2771,174.6,4.4,22.1
cow687,5,Jersey,2,0,194,229,201,229,197,235,194,231,38.2,0.0,0.0,0,0,494.2,378.8,11.3,3628,92.4,2.9,20.3
cow687,6,Jersey,2,0,196,232,196,232,196,238,199,224,38.3,0.0,0.0,0,0,549.3,418.4,9.3,2556,392.5,5.2,21.3
cow688,1,Jersey,2,0,198,235,195,228,187,230,195,233,38.3,0.0,0.0,0,0,480.0,363.5,11.0,2700,113.7,5.0,19.5
cow688,2,Jersey,2,0,200,230,207,242,204,218,193,222,38.4,0.0,0.0,0,0,534.3,371.2,11.6,4159,54.7,6.1,23.7
cow688,3,Jersey,2,0,208,236,200,223,197,234,210,213,38.5,0.0,0.0,0,0,549.9,383.3,11.5,3376,108.8,4.9,20.7
cow688,4,Jersey,2,0,196,228,202,225,198,232,201,222,38.3,0.0,0.0,0,0,516.5,370.0,12.2,2707,28.9,3.8,18.6
cow688,5,Jersey,2,0,202,235,195,242,204,236,181,227,38.3,0.0,0.0,0,0,560.4,407.7,12.1,2567,45.7,4.9,19.9
cow688,6,Jersey,2,0,214,237,195,224,201,228,202,226,38.1,0.0,0.0,0,0,507.8,370.5,11.3,2331,34.3,5.5,21.2
cow689,1,Jersey,6,0,192,213,184,236,196,220,196,228,38.6,0.0,0.0,0,0,511.4,354.6,10.1,3039,80.3,4.1,19.1
cow689,2,Jersey,6,0,203,228,199,238,189,231,190,224,38.9,0.0,0.0,0,0,480.9,336.2,11.0,3291,76.2,5.2,18.5
cow689,3,Jersey,6,0,188,230,201,219,210,229,202,224,38.5,0.0,0.0,0,0,560.7,366.6,10.8,3608,182.6,2.6,20.3
cow689,4,Jersey,6,0,198,231,203,234,191,222,203,228,38.8,0.0,0.0,0,0,489.3,305.5,11.2,2242,74.2,5.7,17.0
cow689,5,Jersey,6,0,205,229,200,231,193,230,193,231,38.7,0.0,0.0,0,0,534.0,386.0,12.3,2470,39.7,5.1,20.3
cow689,6,Jersey,6,0,184,230,199,227,207,231,194,223,38.5,0.0,0.0,0,0,517.1,420.1,12.0,2952,233.2,2.5,20.0
cow690,1,Jersey,3,0,202,225,211,234,196,225,190,229,39.1,0.0,0.0,0,0,477.9,387.1,12.5,4115,10.4,4.8,20.2
cow690,2,Jersey,3,0,206,241,204,236,205,229,193,216,39.5,0.0,0.0,0,0,495.6,347.8,11.0,3354,81.6,2.9,21.2
cow690,3,Jersey,3,0,200,229,186,225,213,210,195,240,39.2,0.0,0.0,0,0,575.3,415.9,13.3,3149,92.3,4.0,21.3
cow690,4,Jersey,3,0,199,218,199,231,205,235,207,224,39.0,0.0,0.0,0,0,528.1,358.5,12.3,2510,78.9,5.0,18.6
cow690,5,Jersey,3,0,196,234,203,224,195,230,207,227,38.9,0.0,0.0,0,0,479.6,332.2,11.6,2152,112.2,4.4,19.4
cow690,6,Jersey,3,0,199,237,201,230,208,223,206,224,38.8,0.0,0.0,0,0,532.2,365.8,12.2,3016,85.7,5.5,19.8
cow691,1,Jersey,5,0,196,216,209,239,189,225,204,221,38.8,0.0,0.0,0,1,289.2,247.4,12.7,1260,2984.6,8.1,9.0
cow691,2,Jersey,5,0,204,238,205,232,202,241,196,229,38.4,0.0,0.0,0,1,433.2,334.6,11.0,1193,1228.1,8.0,12.8
cow691,3,Jersey,5,0,194,304,217,259,195,239,203,232,38.8,0.0,0.0,1,1,306.4,266.4,12.8,1148,615.6,8.9,11.6
cow691,4,Jersey,5,0,196,312,224,267,195,217,200,233,39.6,0.0,1.0,0,1,279.8,257.8,14.4,1001,1922.1,7.7,11.1
cow691,5,Jersey,5,0,208,336,235,275,184,221,199,230,40.0,1.0,1.0,0,1,351.8,283.0,13.6,909,872.4,8.0,14.8
cow691,6,Jersey,5,0,204,359,243,281,209,241,199,223,40.6,1.0,0.0,1,1,221.4,211.5,13.3,1856,1109.2,8.1,9.2
cow692,1,Jersey,6,0,197,238,201,229,194,231,193,231,38.6,0.0,0.0,0,0,523.8,362.6,10.5,2645,177.2,4.4,19.7
cow692,2,Jersey,6,0,203,234,190,232,199,226,189,229,38.1,0.0,0.0,0,0,599.8,403.7,9.2,2890,233.0,5.4,21.6
cow692,3,Jersey,6,0,214,222,197,233,198,224,183,230,38.2,0.0,0.0,0,0,515.4,350.2,13.2,2984,174.9,4.0,22.6
cow692,4,Jersey,6,0,193,227,200,228,208,229,198,224,38.4,0.0,0.0,1,0,450.7,350.1,11.3,3283,153.9,3.8,22.3
cow692,5,Jersey,6,0,193,239,204,235,194,230,189,224,38.5,0.0,0.0,0,0,504.2,364.4,11.0,2659,82.8,3.7,20.8
cow692,6,Jersey,6,0,196,229,198,236,205,220,197,239,38.5,0.0,0.0,0,0,578.2,381.2,10.7,3391,160.2,2.8,20.2
cow693,1,Jersey,2,0,188,231,193,228,197,226,185,238,38.0,0.0,0.0,0,0,535.0,387.9,13.0,2768,101.6,5.7,22.0
cow693,2,Jersey,2,0,193,218,193,232,196,225,199,227,38.1,0.0,0.0,0,0,486.4,337.4,12.6,2935,305.0,3.8,19.9
cow693,3,Jersey,2,0,192,229,201,228,194,232,192,243,37.9,0.0,0.0,0,0,492.6,393.4,10.3,3657,42.1,4.3,18.0
cow693,4,Jersey,2,0,191,234,196,228,203,229,203,236,38.5,0.0,0.0,0,0,497.6,356.1,12.9,2612,126.4,5.7,22.0
cow693,5,Jersey,2,0,195,227,198,245,205,232,195,220,,0.0,0.0,0,0,534.4,400.9,11.3,3288,33.2,4.4,19.0
cow693,6,Jersey,2,0,205,229,195,218,185,227,197,235,37.9,0.0,0.0,0,0,573.5,431.7,10.8,3402,126.9,4.9,20.5
cow694,1,Jersey,1,0,195,240,199,230,197,225,195,237,38.3,0.0,0.0,0,0,562.1,388.1,11.1,3124,24.2,3.4,20.6
cow694,2,Jersey,1,0,196,226,201,222,199,227,211,232,38.5,0.0,0.0,0,0,538.2,392.3,10.6,2953,34.4,5.6,22.7
cow694,3,Jersey,1,0,193,228,194,232,196,231,191,233,38.4,0.0,0.0,0,0,466.7,358.0,9.9,3850,32.8,4.4,21.1
cow694,4,Jersey,1,0,200,238,208,220,204,229,197,226,38.4,0.0,0.0,0,0,466.9,350.2,12.4,2994,94.5,3.7,18.9
cow694,5,Jersey,1,0,205,232,201,223,194,231,196,230,38.2,0.0,0.0,0,0,541.3,399.3,11.2,3082,101.5,3.7,21.6
cow694,6,Jersey,1,0,204,234,183,229,189,230,198,232,38.5,0.0,0.0,0,0,466.2,323.8,12.2,2865,431.7,5.9,20.4
cow695,1,Jersey,3,0,204,229,205,234,201,229,188,228,38.2,0.0,0.0,0,1,286.0,259.6,13.8,1360,1853.7,7.5,14.1
cow695,2,Jersey,3,0,222,232,198,287,195,227,200,230,38.5,0.0,0.0,1,1,307.2,253.5,14.2,1686,3718.7,7.2,7.0
cow695,3,Jersey,3,0,222,228,204,307,199,217,190,226,38.7,0.0,0.0,1,1,249.5,234.0,11.0,1190,2271.5,7.7,10.1
cow695,4,Jersey,3,0,233,225,201,323,192,226,197,225,38.7,1.0,1.0,1,1,254.0,247.0,12.5,457,3476.3,8.0,8.7
cow695,5,Jersey,3,0,230,234,191,339,196,233,197,240,39.4,1.0,1.0,1,1,291.2,264.8,14.2,1505,2240.2,8.1,16.9
cow695,6,Jersey,3,0,232,225,202,362,194,219,205,222,40.1,1.0,1.0,1,1,315.1,273.4,12.0,869,4840.2,8.4,14.0
cow696,1,Jersey,2,0,198,231,196,225,204,233,196,218,38.6,0.0,0.0,0,0,562.5,417.0,11.9,3297,38.4,4.7,19.0
cow696,2,Jersey,2,0,206,238,199,231,191,233,186,224,38.6,0.0,0.0,0,0,544.3,407.0,9.8,2999,14.6,5.0,20.5
cow696,3,Jersey,2,0,190,230,190,239,194,233,196,226,38.6,0.0,0.0,0,0,522.9,408.7,11.5,3377,106.0,4.3,20.0
cow696,4,Jersey,2,0,194,227,199,228,194,226,197,227,38.5,0.0,0.0,0,0,490.2,361.5,13.4,2621,22.8,6.2,19.0
cow696,5,Jersey,2,0,198,229,197,230,201,224,198,233,38.6,0.0,0.0,0,0,477.2,357.2,12.4,2786,196.6,4.1,21.4
cow696,6,Jersey,2,0,201,233,197,235,188,224,192,220,38.6,0.0,0.0,0,0,499.6,384.5,9.3,2864,54.4,5.6,19.7
cow697,1,Jersey,2,0,192,236,201,231,199,221,200,228,38.3,0.0,0.0,0,0,536.4,381.0,12.5,2407,38.8,4.0,19.5
cow697,2,Jersey,2,0,196,226,208,231,188,224,192,218,38.8,0.0,0.0,0,0,533.5,364.0,13.7,3445,513.0,3.4,19.0
cow697,3,Jersey,2,0,203,228,205,221,207,235,197,231,38.5,0.0,0.0,0,0,436.0,338.5,14.9,2350,78.4,3.2,21.1
cow697,4,Jersey,2,0,192,232,202,223,192,236,196,221,38.3,0.0,0.0,0,0,488.6,357.4,12.1,3439,68.7,4.7,22.1
cow697,5,Jersey,2,0,195,241,198,223,200,222,200,228,38.4,0.0,0.0,0,0,568.2,387.2,9.9,3170,133.2,5.4,24.2
cow697,6,Jersey,2,0,197,234,197,216,206,230,198,237,38.5,0.0,0.0,0,0,523.2,390.9,12.0,2920,139.5,3.6,18.0
cow698,1,Jersey,5,0,190,226,203,227,199,232,200,232,38.3,0.0,0.0,0,0,463.3,371.8,13.4,3138,174.5,3.8,20.4
cow698,2,Jersey,5,0,203,231,196,227,185,223,191,222,38.0,0.0,0.0,0,0,614.2,407.2,11.3,3127,31.6,4.8,17.1
cow698,3,Jersey,5,0,197,229,205,220,204,227,202,217,38.3,0.0,0.0,0,0,518.8,397.7,12.8,2840,115.0,4.5,20.8
cow698,4,Jersey,5,0,196,236,200,228,202,227,203,229,38.1,0.0,0.0,0,0,535.4,343.6,10.5,3119,64.9,4.0,17.8
cow698,5,Jersey,5,0,212,232,202,227,199,225,208,221,38.2,0.0,0.0,0,0,536.0,382.4,11.9,3292,42.0,3.5,21.2
cow698,6,Jersey,5,0,205,230,205,233,201,227,203,231,38.4,0.0,0.0,0,0,505.3,404.3,8.5,2622,82.1,4.7,21.5
cow699,1,Jersey,6,0,200,236,199,228,193,235,211,230,37.9,0.0,0.0,0,0,490.9,356.6,10.4,3138,22.7,5.0,19.4
cow699,2,Jersey,6,0,192,228,194,234,195,232,206,220,38.0,0.0,0.0,0,0,604.9,432.5,11.5,1949,150.3,4.9,18.5
cow699,3,Jersey,6,0,203,230,201,233,198,229,197,234,38.1,0.0,0.0,0,0,560.1,417.8,11.1,2228,65.0,4.5,21.5
cow699,4,Jersey,6,0,194,230,198,228,206,231,199,232,38.0,0.0,0.0,0,0,552.9,368.8,9.9,3226,57.1,3.7,20.1
cow699,5,Jersey,6,0,203,238,207,236,194,235,191,229,38.0,0.0,0.0,0,0,543.1,395.1,10.9,2833,72.2,4.8,19.0
cow699,6,Jersey,6,0,202,239,194,239,202,238,204,239,38.1,0.0,0.0,0,0,479.9,357.1,11.9,2659,70.8,4.7,20.3
cow700,1,Jersey,4,0,201,234,201,225,198,218,187,225,38.8,0.0,0.0,0,1,346.1,319.2,13.4,1279,5003.1,6.9,13.3
cow700,2,Jersey,4,0,197,300,198,232,204,237,200,221,39.2,0.0,0.0,0,1,261.3,212.5,13.6,1142,825.1,7.8,11.4
cow700,3,Jersey,4,0,195,309,196,228,185,242,196,220,39.0,1.0,1.0,1,1,306.3,254.9,14.4,905,1466.3,8.3,14.2
cow700,4,Jersey,4,0,200,329,183,243,203,223,206,228,39.8,1.0,1.0,1,1,229.4,198.9,13.1,644,1675.7,7.9,17.2
cow700,5,Jersey,4,0,209,347,196,231,195,235,197,238,39.9,1.0,1.0,1,1,213.4,187.4,15.1,513,845.7,6.4,8.6
cow700,6,Jersey,4,0,203,366,194,235,196,231,196,231,40.4,1.0,1.0,1,1,307.7,282.9,12.3,1596,2268.6,7.5,9.7
cow701,1,Jersey,3,0,196,227,195,234,198,226,197,228,38.3,0.0,0.0,0,0,487.6,361.1,13.8,2831,48.2,3.9,19.2
cow701,2,Jersey,3,0,205,227,201,227,197,226,197,240,38.4,0.0,0.0,0,0,440.4,322.3,12.8,3388,30.1,4.9,19.9
cow701,3,Jersey,3,0,187,224,197,238,192,235,199,228,38.3,0.0,0.0,0,0,541.6,383.7,11.1,2827,114.3,6.6,19.6
cow701,4,Jersey,3,0,192,235,197,229,198,238,197,228,38.2,0.0,0.0,0,0,604.8,420.7,11.2,3142,231.3,4.6,17.7
cow701,5,Jersey,3,0,187,230,198,225,200,234,191,230,38.7,0.0,0.0,0,0,575.6,404.8,11.7,2950,82.1,3.5,20.4
cow701,6,Jersey,3,0,198,230,200,242,189,227,195,229,38.4,0.0,0.0,0,0,509.7,351.1,12.2,3018,74.0,4.4,19.9
cow702,1,Jersey,4,0,194,234,202,228,196,226,203,227,38.2,0.0,0.0,0,0,520.4,375.6,12.8,3037,72.9,4.5,19.3
cow702,2,Jersey,4,0,194,227,189,228,199,226,187,231,38.3,0.0,0.0,0,0,555.5,394.8,9.9,2822,55.6,5.1,19.1
cow702,3,Jersey,4,0,194,226,188,237,213,228,190,226,38.3,0.0,0.0,0,0,564.9,393.3,12.0,2508,178.2,5.5,19.6
cow702,4,Jersey,4,0,194,215,200,218,194,230,195,226,38.4,0.0,0.0,0,0,506.3,374.5,9.0,3306,84.8,5.6,18.2
cow702,5,Jersey,4,0,191,231,202,222,197,236,211,222,38.1,0.0,0.0,0,0,521.4,385.1,11.3,3637,17.6,4.9,21.4
cow702,6,Jersey,4,0,210,225,192,230,193,234,198,234,38.3,0.0,0.0,0,0,532.0,377.2,13.2,3664,181.8,4.5,20.7
cow703,1,Jersey,5,0,192,218,199,242,193,232,199,227,38.3,0.0,0.0,0,1,317.2,265.7,11.8,1079,4303.7,9.2,9.2
cow703,2,Jersey,5,0,203,244,195,236,197,231,196,227,38.2,0.0,0.0,0,1,289.7,290.7,11.6,1007,3240.1,7.7,17.1
cow703,3,Jersey,5,0,195,239,200,225,195,226,194,228,38.2,0.0,0.0,0,1,290.2,290.3,13.8,1078,216.6,8.0,12.0
cow703,4,Jersey,5,0,269,220,211,229,196,224,198,227,38.9,0.0,1.0,0,1,350.2,269.1,15.2,1230,1990.5,7.8,15.5
cow703,5,Jersey,5,0,284,232,200,228,210,224,193,219,39.5,0.0,0.0,1,1,343.4,267.6,13.9,1279,4099.2,6.3,12.8
cow703,6,Jersey,5,0,314,223,192,234,196,229,192,233,39.9,1.0,1.0,0,1,314.1,247.4,11.2,901,2709.1,9.0,13.6
cow704,1,Jersey,1,0,189,228,201,226,196,219,186,219,38.6,0.0,0.0,0,0,588.8,440.3,9.5,2408,91.5,5.0,20.2
cow704,2,Jersey,1,0,198,222,193,218,199,224,193,228,,0.0,0.0,0,0,504.5,363.6,11.6,3020,147.5,2.6,20.7
cow704,3,Jersey,1,0,201,234,199,228,192,226,189,223,38.9,0.0,0.0,0,0,584.9,423.3,10.1,1588,87.5,5.3,19.6
cow704,4,Jersey,1,0,202,227,200,217,196,231,205,227,38.6,0.0,0.0,0,0,541.7,429.0,11.7,2960,182.4,4.3,21.4
cow704,5,Jersey,1,0,193,228,192,228,199,229,197,231,38.8,0.0,0.0,0,0,650.8,458.3,11.7,2622,88.8,5.3,21.6
cow704,6,Jersey,1,0,202,228,196,221,203,230,197,237,39.2,0.0,0.0,0,0,472.3,364.1,10.9,3312,84.1,4.6,21.8
cow705,1,Jersey,4,0,193,224,202,222,205,219,194,230,38.5,0.0,0.0,0,0,492.4,372.8,13.7,3419,147.1,3.4,19.8
cow705,2,Jersey,4,0,186,224,200,230,192,238,197,224,38.7,0.0,0.0,0,0,536.8,379.5,12.2,3428,60.3,4.5,21.0
cow705,3,Jersey,4,0,210,232,201,229,202,244,207,231,38.4,0.0,0.0,0,0,535.9,408.6,13.0,2861,37.2,3.8,20.5
cow705,4,Jersey,4,0,201,227,199,227,199,230,202,224,38.6,0.0,0.0,0,0,598.0,411.5,12.6,2546,79.6,3.5,20.8
cow705,5,Jersey,4,0,197,229,204,232,197,225,193,227,38.5,0.0,0.0,0,0,493.3,388.1,11.3,2674,119.4,5.2,18.7
cow705,6,Jersey,4,0,198,230,205,237,200,235,198,232,38.7,0.0,0.0,0,0,556.2,391.1,11.3,3115,150.5,4.8,16.4
cow706,1,Jersey,2,0,205,227,206,228,200,236,201,219,38.4,0.0,0.0,0,0,566.5,399.3,11.1,2342,151.1,5.7,22.6
cow706,2,Jersey,2,0,198,231,206,243,194,237,195,222,38.6,0.0,0.0,0,0,548.2,377.3,12.3,3557,75.8,4.2,19.1
cow706,3,Jersey,2,0,193,227,205,233,191,241,206,220,38.3,0.0,0.0,0,0,481.6,340.3,10.7,2868,70.6,3.7,20.0
cow706,4,Jersey,2,0,207,231,199,225,201,228,192,224,38.5,0.0,0.0,0,0,576.3,406.1,13.6,3200,52.8,5.0,18.9
cow706,5,Jersey,2,0,192,242,190,239,190,227,189,223,38.2,0.0,0.0,0,0,569.2,365.7,10.6,2287,94.4,3.8,19.5
cow706,6,Jersey,2,0,194,232,195,222,198,220,195,233,38.4,0.0,0.0,0,0,544.0,390.2,11.8,2630,25.6,4.3,21.4
cow707,1,Jersey,2,0,199,228,200,232,197,241,206,226,38.4,0.0,0.0,0,1,303.2,250.8,13.2,538,2032.2,8.4,10.1
cow707,2,Jersey,2,0,211,238,198,241,190,238,202,217,38.4,0.0,0.0,1,1,304.0,274.6,13.0,1708,9999.0,7.9,16.1
cow707,3,Jersey,2,0,217,226,195,238,186,218,208,240,39.4,0.0,1.0,1,1,291.9,260.7,16.1,1236,593.8,7.6,16.4
cow707,4,Jersey,2,0,230,243,196,227,190,220,204,215,39.2,1.0,1.0,1,1,320.6,257.6,13.0,1529,2264.1,6.9,12.8
cow707,5,Jersey,2,0,230,229,207,237,193,219,193,239,39.3,1.0,1.0,1,1,296.2,247.5,13.1,1325,2705.5,8.7,14.1
cow707,6,Jersey,2,0,236,231,203,235,193,227,207,222,39.8,1.0,1.0,1,1,261.1,230.4,12.7,1487,3001.0,7.7,14.4
cow708,1,Jersey,4,0,198,232,191,240,203,226,193,225,38.5,0.0,0.0,0,0,478.1,381.6,11.5,2865,40.7,5.0,20.0
cow708,2,Jersey,4,0,187,221,198,230,201,235,191,229,38.5,0.0,0.0,0,0,489.9,347.1,11.4,2919,113.4,4.9,20.3
cow708,3,Jersey,4,0,188,229,195,235,192,234,202,235,38.3,0.0,0.0,0,0,528.9,372.4,10.2,2963,54.9,5.4,22.7
cow708,4,Jersey,4,0,184,217,183,233,193,218,204,226,38.3,0.0,0.0,0,0,518.9,359.0,11.0,3162,29.6,4.3,17.4
cow708,5,Jersey,4,0,189,224,201,230,193,224,198,230,38.5,0.0,0.0,0,0,528.6,358.5,12.2,3173,153.3,4.2,21.5
cow708,6,Jersey,4,0,200,237,188,227,194,225,194,234,38.4,0.0,0.0,0,0,540.0,397.5,12.7,4125,125.7,3.6,22.6
cow709,1,Jersey,4,0,202,237,207,224,205,232,196,228,38.3,0.0,0.0,0,0,494.9,368.6,11.5,3673,40.7,4.1,18.5
cow709,2,Jersey,4,0,209,238,199,227,192,232,203,234,38.2,0.0,0.0,0,0,578.6,438.3,11.6,2288,54.6,4.8,22.1
cow709,3,Jersey,4,0,196,216,193,233,197,227,206,221,38.1,0.0,0.0,0,0,509.3,392.3,11.1,2943,53.2,3.8,20.6
cow709,4,Jersey,4,0,190,231,194,229,195,232,195,218,38.4,0.0,0.0,0,0,502.7,412.7,10.9,2838,25.5,4.8,17.9
cow709,5,Jersey,4,0,195,232,202,220,209,226,197,225,38.5,0.0,0.0,0,0,539.3,390.2,10.4,3512,134.5,5.7,21.8
cow709,6,Jersey,4,0,187,240,201,233,197,226,187,235,38.3,0.0,0.0,0,0,446.5,331.2,9.6,2874,138.0,4.1,20.2
cow710,1,Jersey,3,0,199,238,194,225,202,224,199,230,38.9,0.0,0.0,0,0,488.4,337.6,10.7,3186,63.1,3.4,19.7
cow710,2,Jersey,3,0,208,218,205,214,195,221,203,228,38.5,0.0,0.0,0,0,559.2,416.1,12.6,2065,77.9,4.2,20.1
cow710,3,Jersey,3,0,196,232,198,228,199,224,201,229,38.5,0.0,0.0,0,0,450.5,340.4,11.0,2395,86.0,3.4,19.3
cow710,4,Jersey,3,0,201,234,206,231,188,233,198,226,38.7,0.0,0.0,0,0,564.7,418.5,11.1,3837,94.0,5.6,21.5
cow710,5,Jersey,3,0,200,227,198,224,206,224,200,231,38.4,0.0,0.0,0,0,580.4,395.8,11.1,3020,31.3,4.6,18.3
cow710,6,Jersey,3,0,205,229,193,235,199,230,203,217,38.3,0.0,0.0,0,0,505.2,377.5,13.0,2601,111.3,3.9,21.6
cow711,1,Jersey,1,0,204,225,191,231,205,226,202,219,38.8,0.0,0.0,0,0,531.7,390.7,10.4,3097,35.3,4.1,20.5
cow711,2,Jersey,1,0,190,243,200,221,190,244,192,225,38.4,0.0,0.0,0,0,564.8,409.4,11.8,2579,127.2,3.6,22.0
cow711,3,Jersey,1,0,203,232,203,231,201,235,200,224,38.7,0.0,0.0,0,0,501.3,356.5,11.4,2887,38.1,5.3,20.8
cow711,4,Jersey,1,0,194,234,194,234,188,232,202,240,38.8,0.0,0.0,0,0,554.7,422.2,11.6,2419,32.4,6.0,20.2
cow711,5,Jersey,1,0,200,227,193,220,193,224,194,219,38.7,0.0,0.0,0,0,493.2,400.8,11.8,2685,77.9,3.3,18.2
cow711,6,Jersey,1,0,198,217,198,241,197,229,205,231,38.8,0.0,0.0,0,0,500.9,348.6,11.6,2833,76.7,5.3,18.3
cow712,1,Jersey,3,0,202,240,188,227,193,221,189,233,38.6,0.0,0.0,0,1,263.0,248.8,14.5,1748,2169.3,7.8,13.9
cow712,2,Jersey,3,0,208,230,201,242,203,223,183,231,38.2,0.0,0.0,0,1,308.7,211.4,13.5,1486,971.7,9.0,8.4
cow712,3,Jersey,3,0,195,241,194,225,192,235,202,227,38.6,0.0,0.0,0,1,341.3,294.8,15.6,1555,2349.6,6.5,15.8
cow712,4,Jersey,3,0,185,303,199,207,201,232,204,238,39.4,1.0,0.0,0,1,287.6,216.9,13.6,1290,2534.8,8.2,10.9
cow712,5,Jersey,3,0,194,335,193,194,212,235,193,229,40.1,1.0,0.0,1,1,244.2,215.0,11.5,1629,5105.0,7.7,9.5
cow712,6,Jersey,3,0,194,364,203,188,189,229,179,233,40.5,1.0,1.0,1,1,251.7,205.4,14.3,951,2316.1,8.5,15.4
cow713,1,Jersey,3,0,195,226,194,229,200,238,200,237,38.6,0.0,0.0,0,0,535.8,385.6,12.0,2707,52.5,4.5,19.5
cow713,2,Jersey,3,0,195,236,199,237,203,220,208,241,38.4,0.0,0.0,0,0,593.8,439.4,11.5,3163,31.3,4.5,19.5
cow713,3,Jersey,3,0,198,226,202,236,203,216,195,219,38.6,0.0,0.0,0,0,535.7,356.0,11.2,2888,27.6,4.4,21.2
cow713,4,Jersey,3,0,197,229,196,233,208,234,199,225,38.1,0.0,1.0,0,0,504.5,364.2,9.0,2994,99.3,5.7,18.5
cow713,5,Jersey,3,0,195,230,198,236,211,234,201,230,38.6,0.0,0.0,0,0,550.6,389.1,9.2,2934,137.4,4.4,18.4
cow713,6,Jersey,3,0,197,229,203,231,194,239,195,232,38.2,0.0,0.0,0,0,510.4,402.7,13.5,3501,42.9,5.2,20.0
cow714,1,Jersey,5,0,198,221,203,218,206,235,201,234,38.3,0.0,0.0,0,0,504.9,378.7,10.8,3522,94.7,5.0,18.1
cow714,2,Jersey,5,0,205,233,184,230,203,230,200,233,38.6,0.0,0.0,0,0,481.7,335.8,12.7,2750,70.4,5.2,21.2
cow714,3,Jersey,5,0,207,235,203,231,198,224,215,231,38.5,0.0,0.0,0,0,576.3,405.3,9.6,2296,130.5,3.7,18.4
cow714,4,Jersey,5,0,183,234,196,232,196,234,199,233,38.3,0.0,0.0,0,0,418.4,347.1,10.2,2715,144.5,5.1,20.5
cow714,5,Jersey,5,0,195,231,190,225,193,232,197,226,38.6,0.0,0.0,0,0,551.9,412.0,12.3,2641,16.6,4.8,20.7
cow714,6,Jersey,5,0,207,228,198,223,200,236,202,219,38.6,0.0,0.0,0,0,501.5,352.3,11.4,3333,162.0,3.5,18.4
cow715,1,Jersey,1,0,203,224,194,217,206,226,197,223,38.7,0.0,0.0,0,0,503.6,365.3,12.1,3368,94.5,4.3,19.1
cow715,2,Jersey,1,0,196,227,206,230,187,227,203,222,38.6,0.0,0.0,0,0,587.7,416.4,11.5,2588,55.0,6.3,18.6
cow715,3,Jersey,1,0,206,216,200,218,188,229,200,233,38.3,0.0,0.0,0,0,491.4,353.2,11.3,2698,56.1,4.2,21.6
cow715,4,Jersey,1,0,200,227,197,233,210,221,199,242,38.7,0.0,0.0,0,0,492.8,332.9,10.7,2408,81.2,4.2,22.7
cow715,5,Jersey,1,0,206,234,199,227,198,234,200,235,38.8,0.0,0.0,0,0,514.8,364.7,10.1,3054,56.1,4.9,21.6
cow715,6,Jersey,1,0,204,228,197,232,192,231,198,227,38.5,0.0,0.0,0,0,536.6,414.9,13.2,2982,41.6,4.1,22.3
cow716,1,Jersey,1,0,185,232,208,241,197,234,194,244,38.2,0.0,0.0,0,0,502.3,362.5,13.4,3316,48.7,4.6,18.3
cow716,2,Jersey,1,0,204,236,197,234,198,215,193,220,38.2,0.0,0.0,0,0,457.0,340.4,10.3,3199,38.7,4.1,18.9
cow716,3,Jersey,1,0,197,217,196,234,207,230,186,226,38.4,0.0,0.0,0,0,485.4,361.8,10.2,3244,201.4,4.8,21.7
cow716,4,Jersey,1,0,207,229,206,226,191,226,202,231,38.2,0.0,0.0,0,0,571.3,450.7,11.1,2383,82.6,4.5,22.4
cow716,5,Jersey,1,0,196,237,188,238,200,240,198,231,38.5,0.0,0.0,0,0,523.0,382.0,11.9,2749,376.6,6.1,20.3
cow716,6,Jersey,1,0,194,237,197,234,192,230,205,233,38.3,0.0,0.0,0,0,538.0,410.5,11.3,3380,102.6,4.5,20.5
cow717,1,Jersey,1,0,201,231,209,231,190,228,198,242,38.6,0.0,0.0,0,0,509.5,363.0,12.1,2785,119.3,4.3,20.4
cow717,2,Jersey,1,0,195,222,194,238,200,223,192,240,38.0,0.0,0.0,0,0,493.6,359.5,11.4,2349,38.2,5.3,22.9
cow717,3,Jersey,1,0,204,229,198,223,192,237,206,228,38.2,1.0,0.0,0,0,587.1,420.5,11.4,3323,68.3,3.4,19.7
cow717,4,Jersey,1,0,205,231,196,233,191,238,195,229,38.2,0.0,0.0,0,0,512.5,361.5,14.4,2769,83.5,5.9,17.4
cow717,5,Jersey,1,0,196,228,196,219,200,226,203,225,38.3,0.0,0.0,0,0,502.3,365.7,10.9,3425,51.1,3.7,21.2
cow717,6,Jersey,1,0,201,211,193,229,187,221,200,231,38.3,0.0,0.0,0,0,563.8,422.3,13.5,2993,57.6,5.5,19.2
cow718,1,Jersey,1,0,198,225,200,233,190,225,196,224,38.6,0.0,0.0,0,1,266.1,223.3,15.2,1189,2799.3,9.2,8.5
cow718,2,Jersey,1,0,196,228,189,219,197,229,185,231,38.5,0.0,0.0,0,1,271.2,240.7,14.1,1845,2843.9,7.6,16.8
cow718,3,Jersey,1,0,190,232,201,240,199,237,192,232,38.8,0.0,0.0,0,1,295.4,268.0,11.2,779,679.3,7.7,8.1
cow718,4,Jersey,1,0,203,238,195,231,197,240,189,233,39.0,0.0,0.0,0,1,295.0,240.2,13.5,1874,2507.9,7.9,14.3
cow718,5,Jersey,1,0,271,230,196,231,188,236,205,234,39.2,1.0,1.0,0,1,305.4,280.9,12.9,1044,3115.7,8.5,14.2
cow718,6,Jersey,1,0,298,232,192,222,181,231,201,230,39.7,0.0,0.0,0,1,378.7,306.5,13.5,1365,1239.9,7.2,13.2
cow719,1,Jersey,6,0,189,231,200,227,204,230,198,240,38.5,0.0,0.0,0,0,533.4,385.1,10.2,3069,49.3,4.4,20.7
cow719,2,Jersey,6,0,198,229,198,229,196,225,197,227,38.8,0.0,0.0,0,0,424.9,286.8,12.4,2829,107.8,4.2,21.8
cow719,3,Jersey,6,0,201,228,199,218,204,237,208,222,38.9,0.0,0.0,0,0,533.1,381.1,12.7,2695,13.4,3.6,18.2
cow719,4,Jersey,6,0,190,251,201,237,197,231,204,228,38.9,0.0,0.0,0,0,521.5,387.6,12.9,2852,79.5,3.7,18.5
cow719,5,Jersey,6,0,192,238,189,237,205,235,196,234,38.6,0.0,0.0,0,0,521.7,412.5,11.0,2594,245.7,4.6,18.9
cow719,6,Jersey,6,0,194,221,199,222,194,238,192,241,38.6,0.0,0.0,0,0,529.8,396.1,10.2,3785,13.2,4.6,20.4
cow720,1,Jersey,2,0,198,223,197,224,202,232,202,227,38.7,0.0,0.0,0,0,518.9,399.6,11.9,2808,140.2,3.9,19.6
cow720,2,Jersey,2,0,199,239,208,226,198,222,188,235,38.6,0.0,0.0,0,0,517.9,357.0,13.6,3464,115.7,4.6,21.3
cow720,3,Jersey,2,0,203,225,192,228,198,230,195,218,38.8,0.0,0.0,0,0,544.5,392.4,11.6,3411,29.4,4.0,21.6
cow720,4,Jersey,2,0,197,227,207,225,198,237,199,237,38.9,0.0,0.0,0,0,498.3,389.0,12.0,3145,113.8,5.5,19.2
cow720,5,Jersey,2,0,200,234,195,231,197,228,200,228,38.9,0.0,0.0,0,0,482.1,341.3,11.2,2946,158.6,4.4,20.0
cow720,6,Jersey,2,0,195,227,194,239,201,235,205,227,38.4,0.0,0.0,0,0,641.0,469.9,10.9,3078,35.2,5.4,21.1
cow721,1,Jersey,4,0,196,220,193,228,208,213,200,224,38.5,0.0,0.0,0,0,491.4,376.0,12.3,3229,48.7,3.1,21.9
cow721,2,Jersey,4,0,194,224,194,228,204,234,201,234,38.4,0.0,0.0,0,0,524.0,387.3,11.4,3040,80.9,4.8,18.8
cow721,3,Jersey,4,0,193,222,199,234,198,225,201,230,38.5,0.0,0.0,0,0,460.2,338.2,12.0,2373,156.1,5.0,20.0
cow721,4,Jersey,4,0,187,222,190,221,202,218,185,241,38.3,0.0,0.0,0,0,524.7,365.0,12.1,2273,54.7,4.4,21.0
cow721,5,Jersey,4,0,211,224,202,228,189,215,196,224,38.2,0.0,0.0,0,0,482.7,389.6,11.9,3604,77.2,4.1,22.2
cow721,6,Jersey,4,0,199,236,189,228,188,240,188,224,38.5,0.0,0.0,0,0,502.3,380.8,12.2,1946,50.2,4.4,19.2
cow722,1,Jersey,5,0,195,236,198,228,203,226,192,234,38.1,0.0,0.0,0,0,561.8,411.2,10.5,3078,80.8,5.1,20.0
cow722,2,Jersey,5,0,202,233,188,222,195,233,191,218,38.0,0.0,0.0,0,0,538.9,383.9,10.4,2906,163.7,3.5,20.8
cow722,3,Jersey,5,0,187,232,195,230,196,235,191,232,37.9,0.0,1.0,0,0,542.7,394.3,11.4,3064,85.5,5.1,20.3
cow722,4,Jersey,5,0,193,231,187,221,191,229,203,218,38.0,0.0,0.0,0,0,449.2,340.5,11.5,2544,62.1,4.8,22.0
cow722,5,Jersey,5,0,200,216,197,220,194,235,210,233,38.1,0.0,0.0,0,0,593.5,431.3,10.9,3140,77.7,4.3,20.7
cow722,6,Jersey,5,0,191,226,198,236,203,224,198,231,,,,0,0,472.3,364.6,11.8,3082,45.7,4.3,20.3
cow723,1,Jersey,4,0,188,225,199,233,211,232,195,229,38.4,0.0,0.0,0,0,581.1,402.6,12.6,4104,40.0,4.5,19.1
cow723,2,Jersey,4,0,198,225,199,232,190,231,203,223,38.8,0.0,0.0,0,0,560.9,378.1,12.9,3052,182.4,5.8,19.3
cow723,3,Jersey,4,0,205,231,192,239,193,224,209,212,38.4,0.0,0.0,0,0,543.1,395.4,13.2,3539,246.2,4.8,18.6
cow723,4,Jersey,4,0,201,226,195,231,204,221,197,228,38.7,0.0,0.0,0,0,485.8,328.0,9.9,2401,23.0,3.7,18.9
cow723,5,Jersey,4,0,202,237,195,232,190,235,197,232,38.5,0.0,0.0,0,0,526.1,377.8,10.1,3408,118.8,4.2,20.0
cow723,6,Jersey,4,0,194,230,196,230,186,243,199,235,38.5,0.0,0.0,0,0,501.2,359.5,11.2,3091,143.8,3.6,20.3
cow724,1,Jersey,1,0,194,229,196,222,190,235,204,232,37.9,0.0,0.0,0,1,296.2,264.5,13.6,1408,751.5,6.5,10.1
cow724,2,Jersey,1,0,199,235,197,224,188,239,193,213,38.5,0.0,0.0,0,1,285.0,284.7,13.2,1413,1364.2,7.1,14.7
cow724,3,Jersey,1,0,212,231,195,235,198,228,201,227,38.1,0.0,0.0,0,1,213.5,171.1,12.8,1983,1253.2,8.1,11.3
cow724,4,Jersey,1,0,200,206,196,235,196,227,199,224,38.7,0.0,0.0,0,1,339.9,322.9,13.1,1402,9232.8,9.0,11.9
cow724,5,Jersey,1,0,200,195,192,222,188,232,191,224,38.6,0.0,0.0,0,1,291.8,248.9,14.1,986,7557.1,8.8,11.1
cow724,6,Jersey,1,0,201,184,193,235,195,225,196,229,38.9,1.0,1.0,0,1,275.6,249.6,11.9,1054,949.7,7.1,13.1
cow725,1,Jersey,1,0,202,235,206,228,196,228,191,231,38.3,0.0,0.0,0,0,497.6,341.1,14.3,3327,29.0,3.9,22.0
cow725,2,Jersey,1,0,203,221,205,223,192,226,179,237,38.5,0.0,0.0,0,0,534.3,406.5,11.5,3179,135.5,3.7,19.6
cow725,3,Jersey,1,0,196,221,201,230,204,232,200,234,38.5,0.0,0.0,0,0,484.2,359.3,12.8,2388,115.7,2.5,19.0
cow725,4,Jersey,1,0,212,229,208,239,192,220,193,240,38.3,0.0,0.0,0,0,429.8,324.8,10.8,3206,187.6,4.4,19.7
cow725,5,Jersey,1,0,203,222,198,241,194,233,203,224,38.5,0.0,0.0,0,0,536.3,354.9,12.2,2567,38.2,5.1,19.1
cow725,6,Jersey,1,0,195,209,196,228,196,237,195,246,38.1,0.0,0.0,0,0,540.8,393.8,11.6,3175,130.9,4.3,21.4
cow726,1,Jersey,6,0,186,224,194,242,195,227,207,223,38.1,0.0,0.0,0,0,512.0,390.4,12.5,2678,47.9,3.5,20.5
cow726,2,Jersey,6,0,193,228,203,220,190,233,212,216,38.4,0.0,0.0,0,0,474.1,348.2,11.3,2887,122.2,3.8,18.6
cow726,3,Jersey,6,0,190,223,209,231,191,224,202,234,38.3,0.0,0.0,0,0,523.6,403.3,13.4,2782,77.4,4.2,22.5
cow726,4,Jersey,6,0,209,231,201,229,189,239,202,223,38.4,0.0,0.0,0,0,461.4,365.2,9.7,3608,295.2,5.1,19.1
cow726,5,Jersey,6,0,195,228,195,226,191,230,191,228,38.3,0.0,0.0,0,0,478.9,343.8,12.6,3161,108.2,4.4,21.5
cow726,6,Jersey,6,0,197,231,194,225,203,224,207,227,38.2,0.0,0.0,0,0,490.0,390.7,11.6,3504,63.9,5.0,21.4
cow727,1,Jersey,3,0,194,244,196,232,203,228,184,233,38.4,0.0,0.0,0,0,553.8,401.1,10.3,4158,87.4,4.4,20.0
cow727,2,Jersey,3,0,200,229,205,229,210,246,201,239,38.3,1.0,0.0,0,0,505.5,372.2,13.8,3019,74.1,4.7,21.4
cow727,3,Jersey,3,0,196,228,198,247,203,223,207,226,38.3,0.0,0.0,0,0,502.1,371.0,13.7,3601,35.8,3.7,17.4
cow727,4,Jersey,3,0,195,232,191,243,194,229,194,220,38.3,0.0,0.0,0,0,598.2,428.2,9.0,2720,300.2,4.0,20.4
cow727,5,Jersey,3,0,200,227,200,225,195,224,190,223,38.5,0.0,0.0,0,0,534.1,341.1,11.7,3502,239.7,3.5,22.0
cow727,6,Jersey,3,0,197,227,199,225,191,225,198,225,38.4,0.0,0.0,0,0,533.6,384.8,12.3,2677,70.3,5.0,19.3
cow728,1,Jersey,3,0,202,233,204,233,204,223,189,228,38.3,0.0,0.0,0,0,505.2,346.6,12.0,2993,128.8,4.3,20.9
cow728,2,Jersey,3,0,200,223,187,233,187,215,193,237,38.5,0.0,0.0,0,0,496.1,395.0,13.3,3215,327.7,2.5,23.0
cow728,3,Jersey,3,0,197,251,202,231,201,232,187,234,38.5,0.0,0.0,0,0,432.5,356.1,13.1,3278,186.7,4.9,21.4
cow728,4,Jersey,3,0,193,228,193,239,205,227,193,237,38.6,0.0,0.0,0,0,558.7,418.6,11.8,2491,64.2,5.3,20.9
cow728,5,Jersey,3,0,202,233,192,232,202,230,198,232,38.4,0.0,0.0,0,0,537.9,386.5,14.2,2653,74.8,3.9,19.2
cow728,6,Jersey,3,0,199,226,194,223,189,224,199,226,38.4,0.0,0.0,0,0,512.8,357.6,12.6,3245,24.3,4.9,17.4
cow729,1,Jersey,6,0,202,218,193,228,198,229,205,237,38.3,0.0,0.0,0,0,514.5,364.9,11.1,2853,135.7,4.3,19.8
cow729,2,Jersey,6,0,198,226,196,238,208,235,199,230,38.4,0.0,0.0,0,0,549.4,432.6,10.8,2441,187.4,2.8,19.6
cow729,3,Jersey,6,0,200,229,202,230,183,221,193,222,38.6,0.0,0.0,0,0,457.8,330.2,13.0,2972,188.3,6.1,20.1
cow729,4,Jersey,6,0,194,232,202,220,189,226,196,234,38.6,0.0,0.0,0,0,496.4,323.4,10.5,2952,128.9,4.3,19.9
cow729,5,Jersey,6,0,200,231,194,238,205,231,201,238,38.4,0.0,0.0,0,0,474.5,371.3,11.0,3071,101.3,4.7,20.5
cow729,6,Jersey,6,0,193,232,193,239,192,228,190,219,38.5,0.0,0.0,0,0,590.9,449.5,11.2,3212,39.9,4.0,20.8
cow730,1,Jersey,3,0,207,223,195,233,199,226,196,227,38.5,0.0,0.0,0,0,555.0,430.9,11.9,3186,99.1,4.3,18.4
cow730,2,Jersey,3,0,190,220,209,227,189,245,196,230,38.4,0.0,0.0,0,0,431.9,345.8,11.3,2693,51.3,4.6,18.0
cow730,3,Jersey,3,0,204,227,200,237,204,220,194,228,38.2,0.0,0.0,0,0,459.4,365.3,9.9,2836,114.2,3.7,19.1
cow730,4,Jersey,3,0,194,227,196,215,200,232,197,234,38.3,0.0,0.0,0,0,514.7,377.8,12.9,3371,46.9,5.9,18.6
cow730,5,Jersey,3,0,200,216,193,224,202,237,188,232,38.5,0.0,0.0,0,0,501.1,331.3,11.0,2783,113.7,5.2,20.3
cow730,6,Jersey,3,0,195,235,198,233,201,225,199,223,38.7,0.0,0.0,0,0,467.0,348.7,13.9,2842,198.1,4.9,17.3
cow731,1,Jersey,5,0,195,230,200,223,200,226,190,233,38.1,0.0,0.0,0,0,597.8,437.9,11.9,2398,103.1,4.4,18.6
cow731,2,Jersey,5,0,199,231,205,228,187,235,193,228,38.1,0.0,0.0,0,0,532.5,385.1,13.0,2989,99.7,3.9,22.0
cow731,3,Jersey,5,0,198,229,197,238,184,232,193,230,38.1,0.0,0.0,0,0,539.0,388.1,12.3,3138,149.2,5.3,20.8
cow731,4,Jersey,5,0,182,225,204,229,210,221,192,222,38.0,0.0,0.0,0,0,492.3,346.0,13.1,2210,269.8,5.0,21.0
cow731,5,Jersey,5,0,199,215,188,225,197,225,203,229,38.0,0.0,0.0,0,0,548.9,379.3,12.2,2572,73.8,4.2,20.3
cow731,6,Jersey,5,0,206,234,214,230,201,228,200,229,38.2,0.0,0.0,0,0,504.8,404.0,11.8,2431,113.8,3.6,20.4
cow732,1,Jersey,2,0,197,228,195,234,198,241,193,231,38.5,0.0,0.0,0,0,508.7,406.9,12.8,3315,225.6,3.2,19.6
cow732,2,Jersey,2,0,209,233,211,227,208,228,191,236,38.1,0.0,0.0,0,0,544.4,394.6,14.5,2235,126.1,4.5,19.7
cow732,3,Jersey,2,0,200,218,189,226,189,230,196,234,38.0,0.0,0.0,0,0,454.8,346.0,11.2,2969,19.9,4.3,18.9
cow732,4,Jersey,2,0,203,223,205,241,197,225,195,224,38.0,0.0,0.0,0,0,583.9,400.7,12.5,3287,48.5,5.4,17.2
cow732,5,Jersey,2,0,192,229,197,226,204,230,200,232,38.1,0.0,0.0,0,0,527.3,395.9,11.5,3075,133.4,5.3,20.4
cow732,6,Jersey,2,0,200,230,206,230,207,224,203,225,38.3,0.0,0.0,0,0,571.2,442.4,12.1,2824,60.2,4.5,19.9
cow733,1,Jersey,5,0,191,245,203,215,213,240,191,224,38.4,0.0,0.0,0,0,477.0,326.7,11.6,3139,214.8,4.4,22.4
cow733,2,Jersey,5,0,195,230,195,233,207,232,197,230,38.4,0.0,0.0,0,0,483.1,366.2,8.9,3415,286.7,3.6,19.5
cow733,3,Jersey,5,0,204,224,196,227,195,223,200,227,38.4,0.0,0.0,0,0,473.5,361.8,11.3,2957,52.8,5.3,19.1
cow733,4,Jersey,5,0,191,226,209,237,204,219,208,234,38.5,0.0,0.0,0,0,530.0,395.5,12.7,2104,38.9,4.5,22.5
cow733,5,Jersey,5,0,197,227,202,237,194,226,189,220,38.4,0.0,0.0,0,0,522.6,411.2,10.6,3459,61.9,5.0,18.6
cow733,6,Jersey,5,0,198,233,196,223,205,224,209,236,38.6,0.0,0.0,0,0,501.4,405.5,12.6,3160,59.5,5.4,17.9
cow734,1,Jersey,1,0,194,231,198,228,194,231,193,227,38.4,0.0,0.0,0,1,254.4,226.5,13.7,1287,6880.7,7.5,8.1
cow734,2,Jersey,1,0,209,259,195,256,195,227,208,225,39.1,0.0,0.0,1,1,244.3,236.7,13.3,508,866.2,7.3,13.5
cow734,3,Jersey,1,0,187,259,200,255,190,218,207,225,39.2,1.0,1.0,0,1,293.1,255.4,14.6,1181,3629.5,10.0,7.6
cow734,4,Jersey,1,0,201,271,207,267,204,238,203,223,39.3,1.0,1.0,1,1,276.4,232.4,14.3,950,6105.8,8.5,9.1
cow734,5,Jersey,1,0,198,273,193,271,198,232,190,219,39.5,1.0,1.0,1,1,267.6,243.4,14.0,813,3861.2,7.8,11.9
cow734,6,Jersey,1,0,190,276,196,276,192,231,198,228,39.9,1.0,1.0,1,1,356.9,304.2,14.7,1245,2836.3,9.0,11.5
cow735,1,Jersey,3,0,192,233,204,227,199,221,198,226,38.5,0.0,0.0,0,0,516.7,381.9,11.7,2786,71.0,4.3,21.2
cow735,2,Jersey,3,0,199,241,203,238,204,234,196,231,38.3,0.0,0.0,0,0,570.8,394.6,9.5,2812,284.9,4.8,18.1
cow735,3,Jersey,3,0,200,228,197,228,201,231,205,238,38.5,0.0,0.0,0,0,498.7,358.9,11.0,3296,67.1,4.0,16.6
cow735,4,Jersey,3,0,196,223,194,235,201,228,205,229,38.4,0.0,0.0,0,0,529.8,377.7,9.3,3102,152.9,4.5,19.8
cow735,5,Jersey,3,0,202,220,197,228,199,241,194,232,38.3,0.0,0.0,0,0,517.8,363.5,12.3,2802,71.2,4.3,21.6
cow735,6,Jersey,3,0,196,222,199,228,200,226,200,237,38.5,0.0,0.0,0,0,452.1,344.9,12.6,2751,22.3,3.9,20.9
cow736,1,Jersey,2,0,201,225,187,224,202,232,211,227,38.6,0.0,0.0,0,0,577.1,421.8,12.6,2818,65.9,4.7,20.5
cow736,2,Jersey,2,0,207,241,189,238,189,239,200,232,38.4,0.0,0.0,0,0,514.6,394.4,12.1,2901,71.3,4.0,20.2
cow736,3,Jersey,2,0,196,234,203,227,205,217,199,225,38.9,0.0,0.0,0,0,549.9,382.5,12.7,3234,71.9,5.0,19.0
cow736,4,Jersey,2,0,191,228,196,226,194,226,199,230,38.7,0.0,0.0,0,0,489.9,351.6,9.6,2583,50.3,4.3,20.1
cow736,5,Jersey,2,0,203,230,208,234,198,226,194,224,38.7,0.0,0.0,0,0,513.4,404.0,11.4,3583,122.4,3.1,21.9
cow736,6,Jersey,2,0,189,234,202,220,196,230,203,232,38.8,0.0,0.0,0,0,485.3,356.2,9.8,3234,132.2,5.0,20.3
cow737,1,Jersey,5,0,193,232,197,220,202,236,198,234,38.8,0.0,0.0,0,0,569.4,410.2,11.1,1905,64.3,5.0,19.8
cow737,2,Jersey,5,0,204,228,191,238,208,229,202,237,38.6,0.0,0.0,0,0,532.5,384.3,13.4,3034,63.9,6.3,21.8
cow737,3,Jersey,5,0,195,241,201,233,196,228,190,229,38.4,0.0,0.0,0,0,534.7,409.2,12.8,3416,38.4,4.5,22.5
cow737,4,Jersey,5,0,193,227,197,224,200,230,206,224,38.7,0.0,0.0,0,0,574.3,433.7,12.3,3155,94.7,4.6,18.8
cow737,5,Jersey,5,0,189,233,194,229,199,241,202,233,38.7,0.0,0.0,0,0,566.3,427.8,11.3,2835,205.8,4.9,20.1
cow737,6,Jersey,5,0,205,222,188,226,201,225,192,227,38.5,0.0,0.0,0,0,550.6,398.8,10.3,2976,205.9,5.3,19.9
cow738,1,Jersey,2,0,196,233,192,231,191,227,200,228,38.6,0.0,0.0,0,0,463.1,330.2,11.7,3071,52.5,5.3,19.3
cow738,2,Jersey,2,0,201,225,207,237,199,230,197,232,38.4,0.0,0.0,0,0,492.2,398.0,12.8,3308,314.3,4.8,18.0
cow738,3,Jersey,2,0,200,218,201,232,190,224,196,224,38.3,0.0,0.0,0,0,479.8,371.3,12.0,2434,61.9,4.5,22.4
cow738,4,Jersey,2,0,203,232,199,231,196,222,197,218,38.4,0.0,0.0,0,0,549.1,389.2,9.6,2758,39.4,5.2,21.6
cow738,5,Jersey,2,0,192,233,196,244,201,236,203,227,38.4,0.0,0.0,0,0,526.8,409.7,11.6,3655,31.0,4.4,21.4
cow738,6,Jersey,2,0,191,235,196,224,208,229,200,228,38.5,0.0,0.0,0,0,464.4,337.0,9.2,3013,37.8,3.5,18.7
cow739,1,Jersey,3,0,198,238,192,231,210,222,198,228,38.6,0.0,0.0,0,1,287.5,275.9,14.5,1911,2611.0,6.8,13.2
cow739,2,Jersey,3,0,251,234,193,255,198,231,201,224,38.5,1.0,0.0,0,1,235.2,245.8,12.7,2494,1621.4,7.8,9.5
cow739,3,Jersey,3,0,263,231,201,262,205,232,201,225,38.7,1.0,0.0,1,1,292.9,237.1,12.0,1103,1198.9,8.1,11.9
cow739,4,Jersey,3,0,279,224,188,264,199,232,191,232,39.1,1.0,1.0,1,1,228.8,225.7,14.5,821,1007.9,10.0,15.2
cow739,5,Jersey,3,0,290,225,196,274,196,240,200,232,38.9,1.0,1.0,1,1,316.2,281.8,14.2,1194,831.5,7.9,12.5
cow739,6,Jersey,3,0,310,232,187,275,201,226,204,223,39.2,1.0,1.0,1,1,310.1,311.1,13.8,1740,974.0,8.0,13.3
cow740,1,Jersey,5,0,199,223,186,229,207,230,205,240,38.8,0.0,0.0,0,0,596.3,412.4,14.1,3496,160.2,4.2,20.1
cow740,2,Jersey,5,0,191,233,204,228,197,237,195,231,38.8,0.0,0.0,0,0,553.9,426.1,12.3,3909,276.1,5.0,20.4
cow740,3,Jersey,5,0,202,228,198,218,205,232,195,232,39.0,0.0,0.0,0,0,503.1,370.2,10.7,2985,288.1,4.7,19.0
cow740,4,Jersey,5,0,199,220,201,233,204,216,203,227,38.7,0.0,0.0,0,0,552.7,377.3,12.1,3195,127.7,4.0,20.3
cow740,5,Jersey,5,0,202,228,196,240,199,220,192,226,38.8,0.0,0.0,0,0,464.1,344.3,11.2,2715,56.5,3.7,19.6
cow740,6,Jersey,5,0,206,223,199,241,200,230,200,220,39.0,0.0,0.0,0,0,481.5,356.9,13.0,1997,50.1,4.2,19.9
cow741,1,Jersey,4,0,195,236,195,234,202,227,199,222,38.3,0.0,0.0,0,0,533.3,368.9,11.8,2984,133.9,3.8,19.9
cow741,2,Jersey,4,0,199,228,187,237,193,232,196,227,38.4,0.0,0.0,0,0,433.7,333.8,12.0,2538,67.0,4.3,21.5
cow741,3,Jersey,4,0,186,230,204,225,207,222,196,223,38.6,0.0,0.0,0,0,518.5,396.3,9.8,3257,105.6,4.6,17.0
cow741,4,Jersey,4,0,192,230,195,233,198,229,194,237,38.5,0.0,0.0,0,0,479.2,359.8,11.6,2247,301.4,4.1,20.8
cow741,5,Jersey,4,0,202,226,203,233,201,213,197,227,38.4,0.0,0.0,0,0,524.1,372.7,11.4,2704,92.3,5.7,19.7
cow741,6,Jersey,4,0,195,231,201,231,195,222,187,227,38.5,0.0,0.0,0,0,476.9,351.5,10.3,3107,383.1,5.4,20.4
cow742,1,Jersey,4,0,197,218,206,236,197,216,208,236,38.7,0.0,0.0,0,0,537.0,390.1,11.2,3149,36.5,4.3,19.3
cow742,2,Jersey,4,0,199,244,197,242,199,220,179,228,38.7,0.0,0.0,0,0,520.8,384.4,12.0,2981,108.2,3.7,19.1
cow742,3,Jersey,4,0,197,234,191,217,201,231,193,225,38.3,0.0,0.0,0,0,576.0,433.6,11.5,3747,98.7,4.5,19.6
cow742,4,Jersey,4,0,193,231,197,238,192,229,192,219,38.6,0.0,0.0,0,0,520.3,385.1,9.8,3628,40.3,4.4,19.5
cow742,5,Jersey,4,0,190,233,196,234,200,240,206,225,38.3,0.0,1.0,0,0,489.3,336.3,11.2,2726,138.2,4.4,20.9
cow742,6,Jersey,4,0,193,229,200,236,197,226,193,229,38.5,0.0,0.0,0,0,510.1,364.0,10.9,3644,228.7,4.2,21.5
cow743,1,Jersey,6,0,216,230,200,231,195,227,194,222,38.6,0.0,0.0,0,1,241.2,225.7,13.7,2005,9999.0,7.2,12.7
cow743,2,Jersey,6,0,205,231,196,223,200,235,205,240,38.7,0.0,0.0,0,1,311.2,285.0,13.6,1250,2779.4,8.0,8.6
cow743,3,Jersey,6,0,191,237,196,297,201,223,206,230,39.0,0.0,0.0,1,1,318.6,292.5,13.0,1318,431.5,7.7,12.6
cow743,4,Jersey,6,0,196,226,201,314,194,228,191,231,39.5,1.0,0.0,0,1,393.8,346.2,13.0,1280,2930.5,7.8,16.0
cow743,5,Jersey,6,0,195,220,196,339,200,236,191,238,39.8,1.0,1.0,0,1,270.1,242.4,13.6,1042,3628.2,8.1,10.7
cow743,6,Jersey,6,0,206,225,201,354,186,234,206,222,39.7,1.0,0.0,0,1,284.3,262.3,14.7,1082,1650.8,7.9,13.0
cow744,1,Jersey,2,0,205,227,202,234,207,224,188,224,38.7,0.0,0.0,0,0,497.0,340.0,11.8,3528,92.2,4.6,19.0
cow744,2,Jersey,2,0,204,228,204,238,192,229,198,224,38.6,0.0,0.0,0,0,528.5,392.8,13.2,3175,56.9,4.2,20.2
cow744,3,Jersey,2,0,189,229,193,227,204,229,203,230,,,,0,0,535.3,369.8,12.9,2778,72.4,4.8,20.2
cow744,4,Jersey,2,0,206,223,198,242,180,225,204,240,38.5,0.0,0.0,0,0,517.9,377.6,13.3,2630,160.4,3.9,18.8
cow744,5,Jersey,2,0,196,221,213,239,201,232,200,227,38.5,0.0,0.0,0,0,563.5,460.6,13.1,2697,207.4,3.6,20.8
cow744,6,Jersey,2,0,202,229,197,233,204,226,201,235,38.5,0.0,0.0,0,0,495.3,370.7,13.4,2934,33.0,3.8,19.9
cow745,1,Jersey,5,0,195,227,194,232,187,224,195,232,38.9,0.0,0.0,0,0,559.4,388.1,10.1,3365,55.8,4.0,20.1
cow745,2,Jersey,5,0,202,232,198,231,196,233,203,229,39.1,0.0,0.0,0,0,541.5,400.3,12.3,2656,26.5,3.5,21.6
cow745,3,Jersey,5,0,208,233,196,227,188,236,207,231,38.7,0.0,0.0,0,0,519.5,370.4,13.0,3361,282.8,3.1,20.3
cow745,4,Jersey,5,0,200,231,197,230,202,231,198,232,38.6,0.0,0.0,0,0,507.4,355.1,13.2,3079,145.0,4.9,19.3
cow745,5,Jersey,5,0,197,222,189,232,203,226,198,231,38.6,0.0,0.0,0,0,617.1,476.1,10.6,3057,19.9,5.5,19.9
cow745,6,Jersey,5,0,188,231,204,232,192,226,197,216,39.0,0.0,0.0,0,0,487.3,379.6,12.3,3410,76.0,4.9,19.3
cow746,1,Jersey,2,0,195,234,195,233,196,230,202,222,38.0,0.0,0.0,0,0,531.9,393.4,11.6,3337,65.3,4.1,19.1
cow746,2,Jersey,2,0,195,230,189,236,192,237,193,232,38.1,0.0,0.0,0,0,490.0,354.9,13.7,2438,47.1,3.1,20.3
cow746,3,Jersey,2,0,200,214,208,235,194,219,194,227,38.4,0.0,0.0,0,0,591.4,417.3,9.8,2566,162.5,4.7,19.6
cow746,4,Jersey,2,0,193,232,194,223,194,233,202,226,38.3,0.0,0.0,0,0,555.5,429.0,10.6,2908,160.0,3.2,22.2
cow746,5,Jersey,2,0,195,221,204,244,198,233,197,238,38.4,0.0,0.0,0,0,492.9,369.2,9.3,3142,95.7,4.4,20.5
cow746,6,Jersey,2,0,211,225,197,228,209,230,202,234,38.2,0.0,0.0,0,0,540.5,336.8,11.7,3546,51.0,3.9,20.2
cow747,1,Jersey,5,0,194,229,204,222,200,231,200,238,38.2,0.0,0.0,0,0,530.3,429.8,14.2,3026,51.3,2.7,19.3
cow747,2,Jersey,5,0,199,220,205,225,201,233,198,227,38.2,0.0,0.0,0,0,499.3,370.9,11.4,3681,81.9,5.7,22.7
cow747,3,Jersey,5,0,201,238,192,222,196,229,199,226,38.1,0.0,0.0,0,0,550.3,404.4,11.6,2717,57.9,3.5,17.4
cow747,4,Jersey,5,0,199,232,188,233,200,240,192,231,38.1,0.0,0.0,0,0,535.6,408.9,12.2,2785,79.1,4.2,20.1
cow747,5,Jersey,5,0,184,235,201,239,196,239,209,224,38.0,0.0,0.0,0,0,528.6,393.6,11.4,2878,116.8,4.4,18.0
cow747,6,Jersey,5,0,209,231,203,233,199,232,196,232,38.3,0.0,0.0,0,0,518.3,392.4,11.9,2673,27.5,4.1,22.1
cow748,1,Jersey,4,0,201,231,197,231,198,235,191,237,38.4,0.0,0.0,0,1,312.2,257.7,14.0,1764,1083.0,8.4,10.1
cow748,2,Jersey,4,0,190,224,197,223,198,225,200,221,38.4,0.0,0.0,0,1,304.2,238.4,12.5,200,1941.8,7.4,11.5
cow748,3,Jersey,4,0,192,239,198,227,189,232,205,224,38.4,0.0,0.0,0,1,297.4,261.5,13.4,1099,7044.8,8.3,9.8
cow748,4,Jersey,4,0,271,309,212,231,194,228,190,224,39.6,0.0,0.0,0,1,269.4,265.4,14.4,1759,3943.4,8.3,9.6
cow748,5,Jersey,4,0,293,340,195,237,201,235,187,221,39.6,1.0,1.0,0,1,362.8,284.0,14.6,1175,1989.5,6.9,14.2
cow748,6,Jersey,4,0,314,372,196,227,201,225,209,216,40.5,0.0,1.0,0,1,253.0,216.7,15.1,1729,2759.4,8.2,6.9
cow749,1,Jersey,6,0,194,230,199,234,190,231,194,227,38.7,0.0,0.0,0,0,537.1,412.2,11.9,3879,74.1,3.7,19.6
cow749,2,Jersey,6,0,198,233,206,233,200,230,196,219,38.7,0.0,0.0,0,0,507.2,364.1,11.9,3032,167.2,3.6,20.3
cow749,3,Jersey,6,0,192,230,207,232,198,234,197,237,38.8,0.0,0.0,0,0,590.4,414.8,12.4,3468,107.2,4.7,19.3
cow749,4,Jersey,6,0,205,230,192,226,206,227,195,226,38.6,0.0,0.0,0,0,483.9,351.6,10.8,3968,192.1,4.2,19.2
cow749,5,Jersey,6,0,203,231,206,226,197,222,191,225,38.8,0.0,0.0,0,0,490.6,361.2,10.7,3161,31.1,4.8,18.6
cow749,6,Jersey,6,0,189,222,209,225,201,238,198,227,38.7,0.0,0.0,0,0,481.2,328.4,11.4,2981,45.5,4.8,21.4
cow750,1,Jersey,3,0,198,219,205,238,202,233,205,218,38.5,0.0,0.0,0,0,532.9,378.1,10.0,3361,96.0,3.4,19.9
cow750,2,Jersey,3,0,201,230,201,231,185,229,209,228,,,,0,0,465.1,351.2,12.0,3474,111.7,5.1,21.7
cow750,3,Jersey,3,0,190,229,199,226,193,234,204,236,38.9,0.0,0.0,0,0,500.9,372.5,12.8,2984,417.0,4.7,19.8
cow750,4,Jersey,3,0,197,229,194,234,186,234,201,225,38.8,0.0,0.0,0,0,433.9,349.2,10.6,2806,22.8,4.0,21.6
cow750,5,Jersey,3,0,192,228,180,224,204,232,205,223,38.5,0.0,0.0,0,0,529.6,418.9,12.0,3687,77.6,4.4,19.8
cow750,6,Jersey,3,0,194,234,199,230,203,216,194,220,38.6,0.0,0.0,0,0,500.0,395.2,10.7,2892,75.3,5.1,21.4
cow751,1,Jersey,6,0,211,224,196,236,193,231,190,226,38.7,0.0,0.0,0,0,460.5,360.8,10.3,3477,93.6,4.2,20.7
cow751,2,Jersey,6,0,190,228,199,229,194,226,195,228,38.6,0.0,0.0,0,0,563.4,403.4,14.0,3105,263.0,6.2,20.9
cow751,3,Jersey,6,0,211,227,199,224,193,233,202,220,38.6,0.0,0.0,0,0,467.7,337.4,10.3,3731,145.5,5.7,21.9
cow751,4,Jersey,6,0,207,226,190,223,196,235,206,233,38.6,0.0,0.0,0,0,551.9,399.4,10.0,2660,26.2,4.6,24.3
cow751,5,Jersey,6,0,199,235,205,225,193,227,195,229,38.7,0.0,0.0,0,0,492.0,373.7,11.8,2660,229.2,4.3,18.5
cow751,6,Jersey,6,0,199,242,194,220,188,230,199,229,38.9,0.0,0.0,0,0,584.1,433.2,11.8,3342,224.8,4.4,20.0
cow752,1,Jersey,5,0,191,226,210,230,195,225,194,232,38.4,0.0,0.0,0,0,550.0,409.2,12.3,2548,95.3,4.0,18.9
cow752,2,Jersey,5,0,194,226,204,226,188,231,194,224,38.5,0.0,0.0,0,0,479.7,353.6,13.9,3047,26.0,4.6,19.9
cow752,3,Jersey,5,0,191,233,202,228,201,232,199,230,38.6,0.0,0.0,0,0,483.3,372.2,10.6,3619,71.5,5.1,20.9
cow752,4,Jersey,5,0,194,238,201,232,194,224,194,237,38.7,0.0,0.0,0,0,544.2,417.2,10.8,2286,109.8,3.4,22.6
cow752,5,Jersey,5,0,209,234,197,228,197,238,196,224,38.5,0.0,1.0,0,0,509.5,389.5,13.4,3161,158.1,5.0,18.8
cow752,6,Jersey,5,0,202,227,195,245,199,220,191,231,38.6,0.0,0.0,0,0,513.2,375.4,12.6,3485,23.4,5.2,20.3
cow753,1,Jersey,1,0,190,234,194,237,196,256,197,231,38.1,0.0,0.0,0,0,570.9,395.5,12.5,2990,46.7,5.0,17.9
cow753,2,Jersey,1,0,195,221,194,233,205,239,189,232,38.2,0.0,0.0,0,0,490.1,346.6,10.8,2629,169.6,4.4,20.7
cow753,3,Jersey,1,0,190,231,209,234,195,227,197,231,38.1,0.0,0.0,0,0,523.7,369.9,12.9,2895,224.1,4.9,18.6
cow753,4,Jersey,1,0,200,227,188,242,196,230,203,234,37.9,0.0,0.0,0,0,558.2,407.5,12.5,2665,106.9,5.5,20.0
cow753,5,Jersey,1,0,200,238,186,231,205,226,200,223,38.3,0.0,0.0,0,0,552.4,408.8,11.7,3028,175.6,4.5,20.8
cow753,6,Jersey,1,0,185,223,206,230,193,225,196,232,37.7,0.0,0.0,0,0,513.6,350.7,10.8,2889,108.8,4.5,19.1
cow754,1,Jersey,2,0,195,226,198,225,197,229,202,231,37.9,0.0,0.0,0,0,508.4,364.0,11.6,2795,154.5,6.2,20.9
cow754,2,Jersey,2,0,203,236,199,219,188,222,194,230,37.9,0.0,0.0,0,0,450.4,342.6,13.5,3186,87.8,4.7,18.9
cow754,3,Jersey,2,0,191,223,195,227,192,219,196,231,38.0,0.0,0.0,0,0,477.8,338.5,10.2,3632,110.7,3.7,20.6
cow754,4,Jersey,2,0,192,232,191,227,198,221,192,233,38.1,0.0,0.0,0,0,532.7,395.5,10.5,3131,34.2,5.2,20.0
cow754,5,Jersey,2,0,189,229,193,232,193,234,203,236,38.0,0.0,0.0,0,0,514.5,371.2,10.7,3537,130.8,4.8,19.4
cow754,6,Jersey,2,0,200,232,184,227,181,233,202,223,38.0,0.0,0.0,0,0,523.0,368.8,11.0,3632,33.4,4.0,19.6
cow755,1,Jersey,6,0,198,227,200,240,201,231,204,233,38.6,0.0,0.0,0,0,561.6,405.9,11.5,2765,130.7,3.6,20.4
cow755,2,Jersey,6,0,193,232,188,227,195,214,190,232,38.4,0.0,0.0,0,0,472.5,358.6,12.7,3110,58.7,4.7,20.0
cow755,3,Jersey,6,0,203,227,192,210,192,228,202,231,38.6,0.0,0.0,0,0,510.6,359.1,12.1,2830,102.6,4.5,21.9
cow755,4,Jersey,6,0,200,224,191,226,204,228,198,225,38.6,0.0,0.0,0,0,527.5,380.2,11.6,2407,41.1,3.5,18.6
cow755,5,Jersey,6,0,189,224,206,232,201,230,194,227,38.6,0.0,0.0,0,0,491.8,371.5,11.8,3142,56.1,4.4,20.8
cow755,6,Jersey,6,0,193,229,202,230,201,236,191,225,38.3,0.0,0.0,0,0,577.3,400.6,12.2,2579,102.4,4.4,20.7
cow756,1,Jersey,3,0,189,228,194,241,193,226,202,225,38.8,0.0,0.0,0,1,331.3,247.0,11.5,1494,3664.5,8.0,10.2
cow756,2,Jersey,3,0,193,292,187,211,192,225,196,235,39.1,0.0,0.0,0,1,306.6,234.3,14.8,678,4817.6,8.4,12.2
cow756,3,Jersey,3,0,203,309,179,203,203,235,207,232,39.4,0.0,1.0,1,1,366.8,290.5,12.5,1368,789.7,6.6,12.1
cow756,4,Jersey,3,0,194,323,175,193,211,225,191,235,39.2,1.0,1.0,0,1,235.0,195.3,13.0,672,595.1,7.1,14.5
cow756,5,Jersey,3,0,205,336,162,186,190,232,186,230,39.3,1.0,1.0,0,1,294.7,248.6,13.9,1570,909.2,7.6,14.6
cow756,6,Jersey,3,0,203,359,157,172,200,240,195,226,40.2,1.0,1.0,1,1,309.7,293.8,13.4,1143,845.4,9.1,9.9
cow757,1,Jersey,3,0,195,233,193,235,199,232,205,217,38.1,0.0,1.0,0,0,483.4,333.2,12.1,2804,234.4,6.4,23.6
cow757,2,Jersey,3,0,186,229,202,232,206,234,194,231,38.5,0.0,0.0,0,0,532.0,382.1,11.7,3451,200.5,4.5,19.7
cow757,3,Jersey,3,0,188,226,203,224,198,232,192,230,38.5,0.0,0.0,0,0,475.7,391.8,11.2,2871,39.9,4.5,19.0
cow757,4,Jersey,3,0,199,231,202,215,196,223,202,221,38.7,0.0,0.0,0,0,547.6,403.9,13.3,3044,258.9,2.5,20.4
cow757,5,Jersey,3,0,201,227,194,227,202,218,202,223,38.1,0.0,0.0,0,0,562.3,398.8,12.3,2921,192.4,5.2,20.2
cow757,6,Jersey,3,0,196,225,206,224,196,226,197,223,38.6,0.0,0.0,0,0,530.9,383.7,11.9,3203,25.8,4.9,21.2
cow758,1,Jersey,1,0,206,228,195,234,203,243,196,222,38.5,0.0,0.0,0,0,445.9,343.3,12.3,3417,39.0,4.7,20.5
cow758,2,Jersey,1,0,196,238,189,234,192,236,197,227,38.5,0.0,0.0,0,0,481.3,387.3,10.7,3334,25.2,3.5,21.0
cow758,3,Jersey,1,0,192,230,201,238,200,226,202,219,38.4,0.0,0.0,0,0,542.6,384.0,14.1,2813,74.8,6.1,22.7
cow758,4,Jersey,1,0,204,237,192,225,200,231,191,235,38.4,0.0,0.0,0,0,520.8,366.9,10.2,3484,80.4,5.7,18.3
cow758,5,Jersey,1,0,202,233,202,227,202,239,199,223,38.7,0.0,0.0,0,0,412.2,290.5,11.6,2633,80.3,4.7,20.0
cow758,6,Jersey,1,0,190,220,194,230,201,233,191,225,38.4,0.0,0.0,0,0,569.7,411.7,11.2,2703,19.6,5.3,17.1
cow759,1,Jersey,1,0,191,241,200,246,194,228,205,228,38.5,0.0,0.0,0,0,525.5,358.0,11.1,2949,29.6,4.5,20.7
cow759,2,Jersey,1,0,198,236,202,220,206,233,198,228,38.8,0.0,0.0,0,0,487.2,352.0,11.0,3419,95.1,5.2,20.8
cow759,3,Jersey,1,0,200,235,202,229,210,223,201,226,38.6,0.0,0.0,0,0,559.8,387.5,10.6,2532,122.1,3.5,22.0
cow759,4,Jersey,1,0,195,236,204,225,210,229,200,221,38.6,0.0,0.0,0,0,492.9,383.1,12.9,3357,19.7,2.7,19.3
cow759,5,Jersey,1,0,193,230,195,242,207,221,199,233,38.7,0.0,0.0,0,0,492.5,354.3,10.1,2978,32.8,3.5,20.6
cow759,6,Jersey,1,0,205,222,196,223,205,228,197,219,38.6,0.0,0.0,0,0,534.3,395.7,12.7,2827,161.0,3.9,19.4
cow760,1,Jersey,4,0,199,242,194,228,192,228,201,223,38.0,0.0,0.0,0,1,366.2,268.9,14.3,1739,743.8,7.5,9.0
cow760,2,Jersey,4,0,203,242,196,222,206,224,204,229,38.4,0.0,0.0,0,1,359.9,296.3,13.0,979,1971.8,8.4,14.3
cow760,3,Jersey,4,0,211,226,191,223,201,237,196,240,38.0,0.0,0.0,0,1,309.4,242.0,14.1,2214,688.9,7.8,14.7
cow760,4,Jersey,4,0,197,226,200,230,198,231,202,221,38.1,0.0,0.0,0,1,313.5,258.4,13.3,1229,3899.6,8.0,11.8
cow760,5,Jersey,4,0,194,210,193,231,198,232,202,242,38.9,0.0,1.0,1,1,326.7,313.8,12.2,1360,392.7,7.1,15.5
cow760,6,Jersey,4,0,196,189,191,228,196,232,192,215,39.5,1.0,1.0,0,1,244.7,241.6,12.2,1917,1561.1,7.0,16.6
cow761,1,Jersey,2,0,190,226,190,218,195,231,194,227,38.4,0.0,0.0,0,0,545.8,393.1,12.3,3070,152.1,4.5,21.3
cow761,2,Jersey,2,0,192,231,196,225,207,230,190,227,38.5,0.0,0.0,0,0,490.6,420.0,12.2,3476,121.1,4.1,19.8
cow761,3,Jersey,2,0,195,229,192,220,204,231,198,228,38.5,0.0,0.0,0,0,532.7,371.2,11.8,2219,57.6,4.5,19.7
cow761,4,Jersey,2,0,194,235,204,232,204,230,195,231,38.8,0.0,0.0,0,0,510.9,395.5,11.0,2823,49.0,4.9,19.7
cow761,5,Jersey,2,0,199,232,189,223,195,229,201,238,38.9,0.0,0.0,0,0,540.0,364.4,11.3,3159,67.6,5.8,18.3
cow761,6,Jersey,2,0,202,225,208,230,195,228,188,237,38.6,0.0,0.0,0,0,524.7,378.4,11.1,3433,32.6,4.5,20.1
cow762,1,Jersey,2,0,192,242,190,235,191,228,198,225,38.7,0.0,0.0,0,0,397.1,282.0,9.4,3308,74.1,6.0,21.5
cow762,2,Jersey,2,0,197,233,202,235,193,226,210,234,38.8,0.0,0.0,0,0,527.2,388.9,11.6,3270,75.0,4.8,20.8
cow762,3,Jersey,2,0,206,227,196,237,190,239,209,240,38.7,0.0,0.0,0,0,545.7,396.4,12.1,3424,59.5,5.1,20.8
cow762,4,Jersey,2,0,195,225,196,235,197,239,197,232,38.7,0.0,0.0,0,0,537.8,385.2,11.6,3190,158.5,5.3,18.8
cow762,5,Jersey,2,0,196,220,193,228,197,228,188,231,38.8,0.0,0.0,0,0,515.9,397.2,13.6,2143,37.9,5.1,21.7
cow762,6,Jersey,2,0,210,222,193,229,199,224,202,219,39.0,0.0,0.0,0,0,585.7,409.2,10.3,3577,24.5,3.9,21.3
cow763,1,Jersey,2,0,203,228,196,234,184,228,198,221,38.3,0.0,0.0,0,0,532.5,393.4,10.7,2665,55.3,5.4,20.4
cow763,2,Jersey,2,0,201,216,197,236,202,228,203,225,38.9,0.0,0.0,0,0,537.5,405.3,11.7,3125,86.5,4.2,19.7
cow763,3,Jersey,2,0,193,231,191,228,193,228,207,242,38.6,0.0,0.0,0,0,561.8,378.4,11.8,3072,73.8,4.7,19.2
cow763,4,Jersey,2,0,193,233,192,229,201,217,201,228,39.0,0.0,0.0,0,0,534.5,375.2,9.2,3019,71.6,4.6,19.4
cow763,5,Jersey,2,0,200,242,200,227,200,228,195,225,38.7,0.0,0.0,0,0,484.1,359.4,12.2,2558,36.5,5.4,19.5
cow763,6,Jersey,2,0,204,231,199,231,194,229,203,239,38.9,0.0,0.0,0,0,422.5,332.8,11.8,2225,40.3,4.8,20.7
cow764,1,Jersey,1,0,193,229,199,232,187,224,198,237,38.3,0.0,0.0,0,0,500.9,394.1,9.0,2599,56.7,3.4,20.6
cow764,2,Jersey,1,0,205,220,204,225,200,224,190,222,38.7,0.0,0.0,0,0,550.4,394.4,11.4,3330,53.7,6.2,21.1
cow764,3,Jersey,1,0,190,224,193,221,195,242,199,228,38.6,0.0,0.0,0,0,505.9,365.8,10.5,2421,169.6,5.2,18.9
cow764,4,Jersey,1,0,193,225,195,221,191,233,191,223,38.6,0.0,0.0,1,0,552.0,383.5,11.0,2648,95.3,4.1,20.3
cow764,5,Jersey,1,0,196,232,199,228,203,223,196,228,38.8,0.0,0.0,0,0,525.9,389.5,9.9,3167,55.0,3.6,19.5
cow764,6,Jersey,1,0,192,231,200,234,198,231,202,243,38.5,0.0,0.0,0,0,571.5,405.6,12.0,2589,169.2,5.3,20.3
cow765,1,Jersey,6,0,196,233,199,231,203,242,205,235,39.1,0.0,0.0,0,1,283.2,243.0,15.6,1083,2858.9,7.2,10.9
cow765,2,Jersey,6,0,193,230,224,224,200,232,196,230,38.9,1.0,1.0,0,1,313.7,264.5,13.8,1333,668.1,8.6,10.5
cow765,3,Jersey,6,0,193,230,225,227,197,225,195,238,39.6,1.0,1.0,1,1,315.2,277.1,10.9,1413,146.4,8.9,14.5
cow765,4,Jersey,6,0,194,222,229,228,197,237,193,222,40.1,1.0,1.0,0,1,355.1,280.9,13.8,881,685.2,7.5,15.1
cow765,5,Jersey,6,0,202,227,236,223,196,233,191,233,40.3,1.0,1.0,1,1,226.7,200.1,13.3,1356,3222.8,7.4,12.4
cow765,6,Jersey,6,0,192,236,241,228,192,237,196,224,40.6,1.0,1.0,1,1,276.7,251.8,12.2,1460,4092.8,7.6,13.5
cow766,1,Jersey,3,0,197,226,202,233,197,220,197,223,38.6,0.0,0.0,0,0,553.9,345.9,11.9,2491,25.2,3.7,20.0
cow766,2,Jersey,3,0,206,222,194,233,203,239,201,232,38.7,0.0,0.0,0,0,581.8,406.2,12.6,3086,125.2,4.7,17.9
cow766,3,Jersey,3,0,208,240,200,224,203,237,200,232,39.0,0.0,0.0,0,0,529.6,365.0,10.7,2713,122.0,4.8,19.6
cow766,4,Jersey,3,0,194,241,192,227,202,229,192,227,38.8,0.0,0.0,0,0,508.3,394.6,9.5,3050,208.2,5.1,22.1
cow766,5,Jersey,3,0,195,234,204,222,203,234,197,224,38.9,0.0,0.0,0,0,550.3,390.2,9.1,3289,153.2,3.8,19.2
cow766,6,Jersey,3,0,195,228,194,229,192,228,192,230,38.7,0.0,0.0,0,0,554.7,390.8,10.7,2929,202.1,5.2,18.4
cow767,1,Jersey,5,0,187,235,202,224,196,215,211,225,38.2,0.0,0.0,0,0,505.6,370.5,11.3,3365,111.3,3.7,20.3
cow767,2,Jersey,5,0,199,227,197,226,190,225,202,234,38.3,0.0,0.0,0,0,533.2,377.2,10.9,3316,108.8,5.2,18.9
cow767,3,Jersey,5,0,197,214,195,238,198,234,204,231,38.4,0.0,0.0,0,0,567.2,401.1,10.7,3363,62.9,3.3,19.2
cow767,4,Jersey,5,0,194,230,202,232,192,229,201,222,38.0,0.0,0.0,0,0,595.6,427.1,12.2,3161,140.0,5.8,20.2
cow767,5,Jersey,5,0,194,234,197,228,211,229,193,222,38.4,0.0,0.0,0,0,549.7,390.2,12.1,3440,31.6,4.1,18.9
cow767,6,Jersey,5,0,197,220,196,234,201,227,194,237,38.3,0.0,0.0,0,0,521.8,373.3,11.7,3154,72.2,5.0,19.7
cow768,1,Jersey,3,0,194,222,194,235,200,238,200,230,39.0,0.0,0.0,0,0,517.8,360.5,12.5,2333,115.3,5.0,19.3
cow768,2,Jersey,3,0,197,223,197,225,196,221,187,221,39.0,0.0,0.0,0,0,542.3,372.6,10.7,2683,210.1,3.5,21.2
cow768,3,Jersey,3,0,188,224,185,235,207,231,200,228,38.7,0.0,0.0,0,0,515.4,378.3,10.2,2915,57.1,5.2,20.5
cow768,4,Jersey,3,0,205,223,203,229,193,230,197,226,38.9,0.0,0.0,0,0,527.6,390.1,10.9,2965,154.9,4.1,19.0
cow768,5,Jersey,3,0,189,226,199,234,187,236,200,227,,0.0,0.0,0,0,477.7,328.9,10.8,3143,69.3,4.3,20.3
cow768,6,Jersey,3,0,190,238,194,222,196,221,204,230,38.8,0.0,0.0,0,0,571.9,424.8,9.0,2677,157.1,4.0,19.8
cow769,1,Jersey,4,0,196,226,197,232,189,224,202,227,38.1,0.0,0.0,0,0,474.4,366.4,10.8,3803,45.7,5.8,20.3
cow769,2,Jersey,4,0,202,228,195,222,194,241,198,229,38.1,0.0,0.0,0,0,502.7,387.2,12.8,2959,131.2,3.6,19.0
cow769,3,Jersey,4,0,191,232,194,235,207,228,199,240,38.4,0.0,0.0,0,0,523.9,387.7,12.5,2997,74.4,4.8,19.4
cow769,4,Jersey,4,0,199,233,203,231,203,233,188,221,38.2,0.0,0.0,0,0,599.6,439.3,12.1,2732,35.0,4.0,20.0
cow769,5,Jersey,4,0,194,226,203,234,196,225,204,218,38.2,0.0,0.0,0,0,503.1,409.2,11.7,2599,71.5,5.4,18.8
cow769,6,Jersey,4,0,200,242,202,232,189,240,193,236,38.0,0.0,0.0,0,0,493.4,358.6,13.2,2949,197.9,6.4,18.9
cow770,1,Jersey,2,0,212,234,199,221,202,229,201,225,38.4,0.0,0.0,0,0,498.0,348.0,10.2,3011,39.3,4.0,20.0
cow770,2,Jersey,2,0,198,225,202,224,198,225,202,226,38.5,0.0,0.0,0,0,586.4,392.2,10.3,2965,28.5,4.6,20.0
cow770,3,Jersey,2,0,193,222,193,227,201,225,202,225,38.5,0.0,0.0,0,0,407.5,344.1,12.8,3662,104.6,4.2,18.2
cow770,4,Jersey,2,0,189,223,193,222,187,228,197,221,38.7,0.0,0.0,0,0,479.9,387.8,11.5,2949,24.9,5.3,18.6
cow770,5,Jersey,2,0,190,219,204,227,197,235,188,224,38.5,0.0,0.0,0,0,629.3,428.9,10.7,2966,233.9,4.3,19.7
cow770,6,Jersey,2,0,204,229,193,226,196,227,201,221,38.6,0.0,0.0,0,0,543.6,381.1,12.2,3326,229.9,5.2,17.6
cow771,1,Jersey,4,0,196,224,190,233,199,218,206,224,38.7,0.0,0.0,0,0,475.8,347.6,11.0,2932,162.7,4.2,18.9
cow771,2,Jersey,4,0,189,225,193,232,205,228,191,232,38.8,0.0,0.0,0,0,518.3,401.0,10.5,3216,78.8,6.3,20.5
cow771,3,Jersey,4,0,200,239,208,225,181,237,204,227,38.7,0.0,0.0,0,0,522.7,358.4,10.5,2488,250.8,2.7,20.3
cow771,4,Jersey,4,0,200,239,194,230,209,237,202,230,38.7,0.0,0.0,0,0,553.8,364.9,11.9,2492,201.2,4.8,18.4
cow771,5,Jersey,4,0,221,238,192,230,191,222,193,227,,,,0,0,593.6,463.2,11.7,3049,55.0,4.5,20.9
cow771,6,Jersey,4,0,196,229,197,228,194,226,190,231,38.4,0.0,0.0,0,0,535.5,394.9,13.3,2907,214.6,4.5,21.0
cow772,1,Jersey,6,0,195,229,196,223,194,223,192,226,38.5,0.0,0.0,0,0,498.4,375.2,11.2,2676,42.3,4.7,20.4
cow772,2,Jersey,6,0,201,230,192,215,192,224,198,230,38.3,0.0,0.0,0,0,551.5,395.2,11.1,3049,69.3,4.5,19.0
cow772,3,Jersey,6,0,195,237,193,232,198,219,194,239,38.3,0.0,0.0,0,0,492.1,371.6,13.2,3084,23.0,4.7,20.2
cow772,4,Jersey,6,0,191,233,191,235,198,224,196,235,38.1,0.0,0.0,0,0,478.7,327.9,12.7,2716,87.9,4.8,19.0
cow772,5,Jersey,6,0,204,227,194,228,196,230,194,221,38.4,0.0,0.0,0,0,449.6,322.6,11.7,2792,64.8,5.9,21.2
cow772,6,Jersey,6,0,193,228,192,231,203,245,199,230,38.2,0.0,0.0,0,0,457.4,344.3,9.6,3087,58.1,2.5,22.7
cow773,1,Jersey,5,0,204,228,194,230,199,230,189,238,38.5,0.0,0.0,0,0,484.1,317.6,10.5,2592,70.8,6.0,20.6
cow773,2,Jersey,5,0,193,233,195,227,195,230,196,233,38.1,0.0,0.0,0,0,472.9,346.3,10.2,2758,53.2,6.5,22.1
cow773,3,Jersey,5,0,198,238,195,236,201,227,188,233,38.2,0.0,0.0,0,0,532.5,381.0,11.5,3214,81.8,3.1,23.5
cow773,4,Jersey,5,0,192,228,201,219,194,226,205,233,38.1,0.0,0.0,0,0,472.0,345.8,10.9,2990,192.8,4.5,21.5
cow773,5,Jersey,5,0,197,225,202,233,203,235,202,231,38.6,0.0,0.0,0,0,394.3,294.6,13.4,2809,38.1,5.6,20.3
cow773,6,Jersey,5,0,201,225,194,224,205,241,203,228,38.3,0.0,0.0,0,0,478.2,337.0,9.6,2639,144.1,5.2,21.2
cow774,1,Jersey,2,0,189,224,198,234,198,235,194,232,38.5,0.0,0.0,0,1,276.1,210.9,12.1,895,2373.2,9.3,10.6
cow774,2,Jersey,2,0,192,242,209,224,198,238,188,224,39.0,0.0,0.0,0,1,270.8,243.1,13.8,1247,2697.4,8.3,9.7
cow774,3,Jersey,2,0,187,228,200,223,209,233,203,229,38.8,0.0,0.0,0,1,355.8,286.1,14.1,2110,1946.5,6.4,14.6
cow774,4,Jersey,2,0,195,226,191,227,189,242,194,225,38.6,0.0,0.0,0,1,270.5,215.5,10.4,1526,1119.2,9.0,16.4
cow774,5,Jersey,2,0,265,231,192,223,203,226,195,218,39.7,1.0,0.0,1,1,330.2,277.3,11.4,767,2855.6,8.5,10.5
cow774,6,Jersey,2,0,303,235,198,229,194,230,200,229,40.7,1.0,1.0,1,1,294.2,249.2,13.2,1583,3031.1,9.2,9.5
cow775,1,Jersey,1,0,192,226,199,235,200,228,196,217,38.8,0.0,0.0,0,0,518.3,370.7,13.1,2696,45.7,3.3,19.6
cow775,2,Jersey,1,0,201,235,199,229,207,227,197,226,38.4,0.0,0.0,0,0,486.6,321.1,13.8,2998,31.5,3.5,17.8
cow775,3,Jersey,1,0,203,222,196,226,197,228,207,235,38.5,0.0,0.0,0,0,517.6,390.9,11.0,2764,84.3,4.5,20.4
cow775,4,Jersey,1,0,199,232,195,222,194,232,203,247,38.4,0.0,0.0,0,0,489.4,339.4,11.3,3809,133.8,5.6,19.6
cow775,5,Jersey,1,0,202,230,209,236,195,226,195,220,38.2,0.0,0.0,0,0,526.8,385.2,10.5,2546,159.0,5.8,21.5
cow775,6,Jersey,1,0,190,216,196,230,209,214,195,228,38.3,0.0,0.0,0,0,510.6,359.8,12.3,3125,182.4,3.9,17.6
cow776,1,Jersey,6,0,196,238,186,234,196,220,199,226,38.8,0.0,0.0,0,0,482.2,350.3,13.3,2726,102.7,4.2,20.4
cow776,2,Jersey,6,0,207,226,195,235,191,231,197,226,39.0,0.0,0.0,0,0,559.7,424.5,13.0,3296,66.2,6.8,19.9
cow776,3,Jersey,6,0,189,216,207,228,195,229,197,231,38.9,0.0,0.0,0,0,537.1,399.8,11.5,3117,79.3,4.1,19.8
cow776,4,Jersey,6,0,206,240,189,226,199,229,196,236,38.8,0.0,0.0,0,0,502.1,389.6,10.5,3502,33.7,5.0,21.8
cow776,5,Jersey,6,0,195,220,194,223,197,230,193,233,38.9,0.0,0.0,0,0,525.8,389.4,11.5,3287,49.6,4.1,22.2
cow776,6,Jersey,6,0,205,229,205,237,197,237,199,227,38.8,0.0,0.0,0,0,516.6,385.1,13.2,2723,76.6,4.9,20.5
cow777,1,Jersey,1,0,191,234,197,233,197,236,200,235,38.3,0.0,0.0,0,0,485.3,327.1,11.0,4166,66.1,3.8,20.5
cow777,2,Jersey,1,0,196,235,197,243,199,230,207,230,38.7,0.0,0.0,0,0,522.8,376.0,9.3,3222,84.6,3.8,19.6
cow777,3,Jersey,1,0,197,229,186,228,195,227,197,225,38.3,0.0,0.0,0,0,495.2,361.0,11.1,2780,30.7,4.2,21.8
cow777,4,Jersey,1,0,204,224,206,228,212,241,190,228,38.6,0.0,0.0,0,0,482.2,379.3,11.2,3082,35.9,4.1,22.8
cow777,5,Jersey,1,0,201,236,207,223,209,229,197,219,38.5,0.0,0.0,0,0,455.1,331.9,9.3,3252,135.7,4.3,22.2
cow777,6,Jersey,1,0,189,229,196,239,206,227,199,235,38.4,0.0,0.0,0,0,505.7,376.2,11.8,3237,44.7,4.9,19.9
cow778,1,Jersey,6,0,207,230,196,237,200,228,205,226,38.5,0.0,0.0,0,0,542.7,397.7,12.1,3198,49.8,6.0,19.9
cow778,2,Jersey,6,0,193,222,197,234,217,225,197,228,38.7,0.0,0.0,0,0,492.2,384.2,13.7,3387,84.8,4.0,20.9
cow778,3,Jersey,6,0,201,223,196,219,187,241,200,228,38.6,0.0,0.0,0,0,620.8,438.1,9.9,3347,41.7,3.7,20.2
cow778,4,Jersey,6,0,194,234,197,231,188,232,204,228,38.4,1.0,0.0,0,0,555.4,416.2,12.4,2661,170.6,4.5,19.8
cow778,5,Jersey,6,0,195,232,197,244,197,240,197,230,38.5,0.0,0.0,0,0,572.2,380.6,12.7,3843,33.3,3.8,20.2
cow778,6,Jersey,6,0,206,228,196,232,204,233,191,220,38.3,0.0,0.0,0,0,551.8,370.0,12.1,3788,79.5,3.2,24.2
cow779,1,Jersey,4,0,199,233,206,226,194,230,197,229,38.5,0.0,0.0,0,0,594.1,383.4,10.3,3320,47.4,5.4,18.8
cow779,2,Jersey,4,0,190,222,177,225,208,232,202,221,38.4,0.0,0.0,0,0,488.5,375.3,10.2,3015,88.5,4.6,21.4
cow779,3,Jersey,4,0,191,229,194,221,188,230,195,228,38.7,0.0,0.0,0,0,417.6,330.7,11.6,3022,56.3,4.6,19.1
cow779,4,Jersey,4,0,210,234,193,218,202,236,200,227,38.6,0.0,0.0,0,0,502.2,385.4,11.6,2870,78.1,3.0,19.3
cow779,5,Jersey,4,0,196,234,206,226,192,230,199,228,38.6,0.0,0.0,0,0,542.3,381.2,10.8,2922,184.7,4.0,18.9
cow779,6,Jersey,4,0,199,228,208,235,209,230,194,235,38.6,0.0,0.0,0,0,526.1,373.5,13.0,2125,49.4,3.4,19.0
cow780,1,Jersey,5,0,201,220,199,221,190,230,198,213,38.5,0.0,0.0,0,1,306.0,259.4,13.0,1912,1138.9,8.0,12.4
cow780,2,Jersey,5,0,203,224,201,229,195,232,207,229,38.2,0.0,0.0,1,1,347.8,312.7,11.2,1771,1546.8,8.1,12.0
cow780,3,Jersey,5,0,199,224,195,227,208,221,195,231,38.3,0.0,1.0,0,1,310.3,294.7,13.2,629,6545.0,8.1,18.0
cow780,4,Jersey,5,0,192,231,199,243,199,224,208,234,38.3,0.0,0.0,0,1,327.0,288.5,14.1,1656,1856.1,7.5,10.2
cow780,5,Jersey,5,0,205,233,277,221,191,234,195,230,39.3,0.0,1.0,0,1,257.4,238.4,13.9,1297,5394.7,7.3,15.4
cow780,6,Jersey,5,0,191,222,301,234,196,231,204,232,39.7,0.0,0.0,1,1,251.2,252.7,13.9,1220,1730.1,7.8,15.6
cow781,1,Jersey,5,0,206,238,190,231,197,236,201,225,38.3,0.0,0.0,0,0,584.6,414.1,13.3,3197,180.7,4.8,18.5
cow781,2,Jersey,5,0,189,238,209,223,198,236,197,227,38.5,0.0,0.0,0,0,524.0,375.4,10.2,2303,105.2,4.0,21.1
cow781,3,Jersey,5,0,197,235,198,228,209,224,199,227,38.6,0.0,0.0,0,0,495.1,362.7,11.0,2996,116.5,3.8,19.8
cow781,4,Jersey,5,0,191,230,200,219,199,228,188,222,38.4,0.0,0.0,0,0,495.1,347.5,13.4,3032,29.5,3.8,18.1
cow781,5,Jersey,5,0,185,231,195,217,194,216,196,225,38.5,0.0,0.0,0,0,494.0,361.3,9.1,3032,26.6,4.0,21.3
cow781,6,Jersey,5,0,191,225,198,228,196,230,201,222,38.4,0.0,0.0,0,0,491.6,342.9,11.4,2453,166.4,4.1,18.9
cow782,1,Jersey,1,0,198,226,191,232,193,235,207,222,38.6,0.0,0.0,0,0,468.7,367.7,13.0,3179,164.9,3.6,19.6
cow782,2,Jersey,1,0,194,227,195,238,202,237,190,233,38.8,0.0,0.0,0,0,460.0,353.8,13.0,3424,423.1,4.1,20.6
cow782,3,Jersey,1,0,192,221,192,225,196,236,201,223,39.0,0.0,0.0,0,0,512.2,401.1,12.3,3163,28.5,5.5,20.9
cow782,4,Jersey,1,0,183,234,201,232,195,234,197,229,38.9,0.0,0.0,0,0,496.3,336.4,12.3,2908,111.1,4.3,19.4
cow782,5,Jersey,1,0,187,235,189,228,188,223,199,233,38.8,0.0,0.0,0,0,564.3,440.8,10.3,4076,39.2,3.5,21.1
cow782,6,Jersey,1,0,203,228,179,236,193,218,199,220,39.0,0.0,0.0,0,0,531.7,358.7,13.1,2630,47.6,2.7,19.0
cow783,1,Jersey,3,0,194,216,202,224,193,236,204,234,38.4,0.0,0.0,0,0,530.6,364.8,10.1,3309,56.1,6.0,17.2
cow783,2,Jersey,3,0,191,238,204,220,193,230,197,231,38.2,0.0,0.0,0,0,490.3,351.0,10.1,3097,103.4,5.4,21.6
cow783,3,Jersey,3,0,184,242,193,229,191,231,189,226,38.4,0.0,0.0,0,0,515.2,400.6,12.0,3805,50.2,4.7,20.4
cow783,4,Jersey,3,0,197,227,209,240,195,222,196,241,38.3,0.0,0.0,0,0,534.4,392.7,10.9,3155,81.3,5.4,17.8
cow783,5,Jersey,3,0,203,225,197,227,196,230,189,224,38.1,0.0,0.0,0,0,548.6,392.8,11.7,3240,141.1,4.9,20.9
cow783,6,Jersey,4,0,197,224,202,230,193,227,198,225,38.4,0.0,0.0,0,0,516.2,363.5,12.0,3202,173.1,4.4,20.6
cow784,1,Jersey,4,0,192,230,206,222,198,229,190,236,38.3,0.0,0.0,0,0,563.2,381.1,13.6,2577,128.2,3.5,22.7
cow784,2,Jersey,4,0,194,236,198,236,199,233,191,218,38.0,0.0,0.0,0,0,520.3,400.6,12.0,2652,108.5,6.0,20.9
cow784,3,Jersey,4,0,188,232,199,239,195,228,200,238,38.1,0.0,0.0,0,0,551.7,413.4,10.8,2890,72.0,4.2,21.0
cow784,4,Jersey,4,0,195,230,197,224,206,227,189,227,38.1,0.0,0.0,0,0,500.4,392.6,12.3,3383,53.6,4.2,20.2
cow784,5,Jersey,4,0,194,229,197,230,206,223,209,218,38.4,0.0,0.0,0,0,447.5,343.6,10.5,3093,115.3,4.5,20.6
cow784,6,Jersey,4,0,205,235,195,237,206,235,188,223,38.4,0.0,0.0,0,0,530.7,338.9,12.6,2917,38.4,4.5,18.0
cow785,1,Jersey,3,0,199,234,203,239,188,228,195,233,38.8,0.0,0.0,0,0,549.0,375.0,11.6,3549,86.2,5.0,19.5
cow785,2,Jersey,3,0,202,238,203,242,185,235,205,236,38.5,0.0,0.0,0,0,543.0,402.2,12.0,2207,37.8,4.9,20.4
cow785,3,Jersey,3,0,197,233,193,229,197,236,208,224,38.8,0.0,0.0,0,0,536.9,383.5,9.4,2482,77.2,4.0,20.4
cow785,4,Jersey,3,0,198,228,181,230,210,221,203,217,38.6,0.0,0.0,0,0,506.1,361.6,8.8,2001,38.4,4.5,20.7
cow785,5,Jersey,3,0,186,229,191,236,183,236,198,230,38.6,0.0,0.0,0,0,487.7,340.8,9.7,3483,60.2,4.9,19.0
cow785,6,Jersey,3,0,188,233,203,219,210,232,192,232,38.6,0.0,0.0,0,0,542.1,410.3,13.6,2961,49.8,4.0,22.3
cow786,1,Jersey,1,0,193,228,200,221,204,226,198,235,38.6,0.0,0.0,0,0,537.1,398.4,10.1,3387,45.8,5.7,20.6
cow786,2,Jersey,1,0,190,232,194,227,202,224,201,237,38.6,0.0,1.0,0,0,497.6,375.6,12.4,2956,74.8,4.5,20.7
cow786,3,Jersey,1,0,197,226,195,235,197,227,207,237,38.7,0.0,0.0,0,0,564.4,395.2,10.7,3409,14.9,5.8,18.9
cow786,4,Jersey,1,0,189,228,188,232,188,229,198,229,38.5,0.0,0.0,0,0,484.7,362.0,11.2,2949,22.9,3.4,19.4
cow786,5,Jersey,1,0,203,243,204,225,199,235,206,230,38.7,0.0,0.0,0,0,496.7,341.9,11.4,3164,138.4,5.0,21.9
cow786,6,Jersey,1,0,202,228,196,235,198,229,191,215,38.3,0.0,0.0,0,0,585.5,416.9,13.5,3105,88.0,3.8,17.8
cow787,1,Jersey,5,0,187,229,201,228,211,230,205,220,38.9,0.0,0.0,0,0,554.7,355.3,12.2,3135,48.2,4.0,20.1
cow787,2,Jersey,5,0,192,223,189,215,199,223,191,217,39.1,0.0,0.0,0,0,505.7,343.2,12.0,3674,155.7,5.2,21.2
cow787,3,Jersey,5,0,204,221,197,224,199,237,193,232,39.0,0.0,0.0,0,0,531.5,381.1,13.1,2350,51.1,4.3,22.3
cow787,4,Jersey,5,0,204,231,200,229,188,216,194,240,38.9,0.0,0.0,0,0,526.2,426.5,10.7,2973,53.2,6.6,20.3
cow787,5,Jersey,5,0,205,232,191,230,194,228,203,218,38.8,0.0,0.0,0,0,410.2,281.7,12.8,3079,46.2,4.9,21.8
cow787,6,Jersey,5,0,187,225,204,230,191,237,188,236,38.7,0.0,1.0,0,0,483.7,335.9,12.6,3019,296.5,3.9,21.7
cow788,1,Jersey,3,0,197,230,199,237,199,226,197,218,38.0,0.0,0.0,0,0,518.0,382.7,12.6,2841,93.4,4.9,21.8
cow788,2,Jersey,3,0,190,232,188,231,201,230,207,228,38.6,0.0,0.0,0,0,505.7,403.3,11.3,2786,90.9,4.3,19.1
cow788,3,Jersey,3,0,202,235,212,234,211,230,208,226,38.5,0.0,0.0,0,0,529.9,389.6,11.0,3612,109.6,5.2,18.0
cow788,4,Jersey,3,0,201,225,197,239,204,223,202,228,38.5,0.0,0.0,0,0,565.2,419.7,10.5,2972,22.1,4.3,21.8
cow788,5,Jersey,3,0,191,229,183,236,204,229,203,234,38.5,0.0,0.0,0,0,507.1,366.2,10.5,3975,52.7,4.8,20.4
cow788,6,Jersey,3,0,197,223,195,228,202,223,194,231,38.4,0.0,0.0,0,0,477.7,345.4,10.4,3211,108.8,4.7,18.6
cow789,1,Jersey,3,0,201,229,196,225,196,234,196,238,38.2,0.0,0.0,0,0,533.0,389.3,11.9,2884,79.2,4.6,17.8
cow789,2,Jersey,3,0,190,245,196,239,195,230,200,231,38.3,0.0,0.0,0,0,506.9,360.3,11.2,3221,364.4,5.3,21.1
cow789,3,Jersey,3,0,206,235,202,217,194,229,196,223,38.2,0.0,0.0,0,0,513.8,389.3,12.0,3044,54.9,3.1,19.1
cow789,4,Jersey,3,0,210,229,194,229,199,236,203,226,38.3,0.0,0.0,0,0,508.3,344.1,12.1,3537,152.4,4.6,18.1
cow789,5,Jersey,3,0,204,224,200,231,202,219,199,227,38.4,0.0,0.0,0,0,609.7,449.8,10.2,2533,138.6,3.9,20.3
cow789,6,Jersey,3,0,195,232,195,232,190,232,189,234,38.3,0.0,0.0,0,0,430.4,326.9,10.2,2280,87.7,3.4,17.0
cow790,1,Jersey,2,0,195,221,195,238,185,217,197,222,38.5,0.0,0.0,0,1,279.5,241.8,13.2,1444,2591.4,7.3,11.3
cow790,2,Jersey,2,0,203,231,196,228,189,228,197,214,38.8,0.0,0.0,0,1,294.9,225.3,12.6,1634,1579.2,7.5,10.4
cow790,3,Jersey,2,0,219,222,209,233,195,226,205,238,39.2,1.0,0.0,0,1,263.8,218.6,12.4,1414,406.8,7.8,14.4
cow790,4,Jersey,2,0,220,222,202,228,203,230,200,230,39.6,0.0,1.0,1,1,331.0,298.2,15.5,1569,2643.7,8.3,11.7
cow790,5,Jersey,2,0,222,233,194,237,198,237,204,232,40.1,0.0,1.0,1,1,327.5,270.8,11.7,1510,2818.1,8.4,8.6
cow790,6,Jersey,2,0,235,218,194,230,198,230,192,224,40.3,1.0,1.0,1,1,293.1,258.9,15.9,708,3198.7,7.7,9.8
cow791,1,Jersey,2,0,189,247,198,229,198,225,200,229,38.4,0.0,0.0,0,0,509.2,357.7,11.8,3112,83.0,5.8,18.2
cow791,2,Jersey,2,0,192,228,190,228,208,232,195,235,38.7,0.0,0.0,0,0,515.5,376.8,12.7,3527,155.3,4.2,17.9
cow791,3,Jersey,2,0,196,236,200,231,194,224,194,234,38.5,0.0,0.0,0,0,515.8,352.8,12.5,3069,43.7,2.9,21.8
cow791,4,Jersey,2,0,201,233,199,235,204,229,193,232,38.8,0.0,0.0,0,0,516.9,379.9,12.2,2476,219.0,4.2,19.8
cow791,5,Jersey,2,0,198,235,198,240,197,221,188,239,38.5,0.0,0.0,0,0,512.5,382.2,13.5,2866,40.1,4.5,18.1
cow791,6,Jersey,2,0,183,220,197,229,202,221,198,235,38.4,0.0,0.0,0,0,530.1,391.8,10.2,3223,73.7,2.5,16.7
cow792,1,Jersey,1,0,194,226,198,229,216,234,194,215,38.7,0.0,0.0,0,0,550.1,381.8,11.3,3718,127.1,5.5,21.4
cow792,2,Jersey,1,0,194,239,206,223,206,222,200,233,38.8,0.0,0.0,0,0,470.8,344.3,10.5,2217,55.7,4.4,18.5
cow792,3,Jersey,1,0,204,218,196,222,199,233,205,239,38.9,0.0,0.0,0,0,478.0,364.5,9.5,3144,133.3,3.6,20.3
cow792,4,Jersey,1,0,201,237,197,232,193,236,198,218,38.7,0.0,0.0,0,0,450.1,334.2,10.7,2627,62.7,3.7,22.5
cow792,5,Jersey,1,0,194,218,208,233,205,233,202,228,38.6,0.0,0.0,0,0,554.7,395.6,13.7,3203,86.2,5.1,20.0
cow792,6,Jersey,1,0,198,220,197,234,191,219,193,230,38.8,0.0,0.0,0,0,530.0,420.3,11.3,3235,70.1,5.2,19.6
cow793,1,Jersey,3,0,196,227,184,221,210,232,200,232,38.6,0.0,0.0,0,0,540.2,375.0,13.9,2907,53.3,4.0,19.6
cow793,2,Jersey,3,0,201,229,200,230,198,223,197,223,38.4,0.0,0.0,0,0,462.8,365.1,14.0,3253,376.1,3.4,19.2
cow793,3,Jersey,3,0,205,229,189,230,210,229,201,234,38.3,0.0,0.0,0,0,591.4,402.1,15.1,3456,44.5,4.6,19.9
cow793,4,Jersey,3,0,199,221,195,239,199,228,196,229,38.2,0.0,0.0,0,0,495.6,377.2,13.8,2934,16.4,4.8,20.4
cow793,5,Jersey,3,0,204,230,196,233,196,233,196,219,38.7,0.0,0.0,0,0,526.7,396.8,14.3,2465,45.6,5.0,22.2
cow793,6,Jersey,3,0,203,225,203,219,207,237,203,225,38.6,0.0,0.0,0,0,554.2,391.3,11.9,3570,87.0,4.0,20.1
cow794,1,Jersey,1,0,193,231,191,230,193,220,199,229,38.4,0.0,0.0,0,0,480.5,334.4,11.8,3331,61.2,4.4,18.9
cow794,2,Jersey,1,0,192,235,204,233,196,234,195,214,38.2,0.0,0.0,0,0,498.1,331.4,11.9,3226,160.5,4.5,19.8
cow794,3,Jersey,1,0,211,222,204,230,203,224,209,239,38.3,0.0,0.0,0,0,527.2,373.2,11.5,2724,156.6,5.3,20.3
cow794,4,Jersey,1,0,198,223,193,235,183,224,206,236,38.4,0.0,0.0,0,0,634.3,458.1,11.7,3394,63.8,5.6,19.2
cow794,5,Jersey,1,0,205,225,202,232,202,232,201,224,38.2,0.0,0.0,0,0,532.0,367.8,12.4,3817,24.9,5.8,19.5
cow794,6,Jersey,1,0,200,227,182,224,187,232,193,221,38.5,0.0,0.0,0,0,584.3,420.3,10.9,2951,32.7,5.5,19.9
cow795,1,Jersey,2,0,193,222,198,231,197,225,211,241,38.4,0.0,0.0,0,1,343.2,257.4,11.8,1338,1944.1,9.5,13.6
cow795,2,Jersey,2,0,200,231,203,223,200,235,201,228,38.4,0.0,0.0,0,1,309.7,259.6,13.9,874,565.5,8.8,11.2
cow795,3,Jersey,2,0,254,221,197,219,199,228,201,225,38.7,1.0,0.0,1,1,255.4,210.6,12.7,1012,1483.5,7.5,8.8
cow795,4,Jersey,2,0,270,240,198,226,202,235,193,222,39.4,0.0,1.0,1,1,337.4,279.0,12.8,870,6272.7,9.2,6.8
cow795,5,Jersey,2,0,282,217,200,225,208,228,193,229,39.8,1.0,1.0,1,1,235.1,210.0,13.3,1352,2630.2,6.9,14.7
cow795,6,Jersey,2,0,303,222,186,222,198,233,198,233,40.1,1.0,1.0,1,1,359.0,272.0,13.1,1164,2070.1,9.9,11.4
cow796,1,Jersey,2,0,199,232,204,231,203,230,189,235,38.5,0.0,0.0,0,0,528.0,372.9,12.8,3149,38.7,3.7,18.5
cow796,2,Jersey,2,0,207,219,198,233,202,244,201,231,38.4,0.0,0.0,0,0,414.0,299.6,11.3,2643,90.1,5.2,19.1
cow796,3,Jersey,2,0,199,230,200,226,204,230,199,219,38.7,0.0,0.0,0,0,506.4,348.2,12.9,2933,66.4,5.7,19.9
cow796,4,Jersey,2,0,188,231,198,225,198,224,195,228,38.7,0.0,0.0,0,0,546.2,415.2,11.7,2619,93.7,4.9,19.6
cow796,5,Jersey,2,0,202,246,205,221,192,237,184,219,38.4,0.0,0.0,0,0,510.5,367.8,11.4,3075,131.3,2.9,19.4
cow796,6,Jersey,2,0,184,225,198,227,202,237,195,222,38.5,0.0,0.0,0,0,548.6,357.5,11.7,2347,147.7,3.7,18.4
cow797,1,Jersey,3,0,198,225,198,236,192,229,196,228,38.5,0.0,0.0,0,0,486.0,348.4,10.0,3061,86.8,4.8,20.1
cow797,2,Jersey,3,0,196,222,205,235,205,222,187,238,38.6,0.0,0.0,0,0,467.8,365.1,11.9,2889,113.1,5.0,21.4
cow797,3,Jersey,3,0,191,228,201,230,190,230,200,230,38.7,0.0,0.0,0,0,517.1,364.6,12.5,3072,55.8,4.4,20.5
cow797,4,Jersey,3,0,200,225,185,227,192,229,191,216,38.5,0.0,0.0,0,0,521.3,407.7,12.7,2339,173.7,4.6,19.4
cow797,5,Jersey,3,0,202,225,199,223,204,233,202,222,38.4,0.0,0.0,0,0,506.1,356.2,9.9,3262,43.0,3.3,19.8
cow797,6,Jersey,3,0,198,230,187,217,206,229,184,237,38.7,0.0,0.0,1,0,569.1,418.5,9.7,2881,68.8,5.9,19.3
cow798,1,Jersey,6,0,192,227,208,221,187,223,205,218,38.2,0.0,0.0,0,0,486.0,378.3,10.9,3087,186.6,4.2,20.9
cow798,2,Jersey,6,0,197,236,196,235,182,226,189,237,38.1,0.0,0.0,0,0,532.5,395.6,13.2,2252,57.0,5.1,23.4
cow798,3,Jersey,6,0,196,234,197,220,196,233,200,219,38.4,0.0,0.0,0,0,522.7,356.9,11.8,2503,31.5,5.6,22.4
cow798,4,Jersey,6,0,197,226,204,229,198,222,200,227,38.4,0.0,0.0,0,0,457.7,325.7,10.6,2844,59.8,3.6,17.2
cow798,5,Jersey,6,0,204,225,200,227,199,220,189,230,38.4,0.0,0.0,0,0,467.2,369.4,9.8,3550,207.7,4.6,18.6
cow798,6,Jersey,6,0,197,222,196,228,201,230,195,231,38.4,0.0,0.0,0,0,520.5,365.8,10.7,3211,16.5,4.7,20.6
cow799,1,Jersey,2,0,208,238,206,233,199,235,195,234,38.5,0.0,0.0,0,1,374.2,320.1,12.6,1352,2166.9,7.8,11.6
cow799,2,Jersey,2,0,204,230,206,235,201,225,204,239,38.3,0.0,0.0,0,1,318.2,261.2,14.6,930,1197.0,8.7,12.3
cow799,3,Jersey,2,0,184,232,206,228,196,226,206,233,38.2,0.0,0.0,0,1,226.0,216.1,14.7,857,1743.1,7.5,7.9
cow799,4,Jersey,2,0,189,225,181,235,195,235,203,221,38.2,0.0,0.0,0,1,170.6,155.4,12.2,1411,1506.6,8.0,12.0
cow799,5,Jersey,2,0,228,264,202,214,200,224,204,226,38.8,1.0,0.0,0,1,324.3,261.6,14.4,1580,4326.8,7.7,8.7
cow799,6,Jersey,2,0,234,272,201,220,199,223,200,231,39.9,1.0,1.0,0,1,291.2,236.9,14.3,1384,2083.7,9.9,9.7
cow800,1,Jersey,1,0,195,232,191,238,204,228,203,245,38.1,0.0,0.0,0,0,565.7,411.5,10.1,3684,159.6,4.0,21.2
cow800,2,Jersey,1,0,191,225,199,230,205,231,200,234,38.3,0.0,0.0,0,0,484.8,360.5,11.4,2727,192.9,5.1,20.5
cow800,3,Jersey,1,0,212,222,194,225,185,236,184,222,38.1,0.0,0.0,0,0,534.0,396.7,11.9,3072,81.1,5.9,19.2
cow800,4,Jersey,1,0,202,222,194,233,197,227,189,231,38.4,0.0,0.0,0,0,553.8,391.5,11.7,2323,62.0,3.8,20.2
cow800,5,Jersey,1,0,205,224,195,228,203,237,191,236,38.6,0.0,0.0,0,0,502.1,352.5,9.4,3084,103.1,4.6,20.8
cow800,6,Jersey,1,0,203,232,197,230,195,230,195,230,38.7,0.0,0.0,0,0,503.0,373.1,11.7,3588,117.8,3.7,21.0
cow801,1,Jersey,1,0,200,216,199,224,200,220,191,229,38.1,0.0,0.0,0,0,521.0,362.1,12.3,2583,35.8,2.9,21.3
cow801,2,Jersey,1,0,200,226,198,234,197,231,197,231,38.2,0.0,0.0,0,0,541.7,412.4,13.4,3337,93.5,3.9,18.6
cow801,3,Jersey,1,0,204,230,192,236,192,227,206,224,38.3,0.0,0.0,0,0,519.4,377.6,10.7,3576,66.7,4.0,20.6
cow801,4,Jersey,1,0,205,233,206,232,201,236,194,236,38.0,0.0,0.0,0,0,559.0,397.5,10.8,2724,59.4,4.1,20.7
cow801,5,Jersey,1,0,191,248,198,237,194,229,194,225,38.0,0.0,0.0,0,0,501.5,377.2,11.2,3187,49.3,4.3,21.8
cow801,6,Jersey,1,0,198,240,198,235,193,231,189,233,38.2,0.0,0.0,0,0,466.9,346.7,11.8,3632,51.6,4.5,20.5
cow802,1,Jersey,4,0,194,249,187,230,205,232,200,234,38.4,0.0,0.0,0,0,599.1,397.6,11.6,3092,189.1,3.5,22.2
cow802,2,Jersey,4,0,196,232,204,230,202,225,208,232,38.3,0.0,0.0,0,0,495.8,346.4,12.2,3315,61.8,4.8,21.2
cow802,3,Jersey,4,0,212,223,191,228,190,217,202,231,38.5,0.0,0.0,0,0,497.3,385.4,10.1,2290,175.0,5.5,19.4
cow802,4,Jersey,4,0,204,228,201,236,203,235,200,234,38.2,0.0,0.0,0,0,517.4,379.9,12.0,3239,87.0,5.6,19.4
cow802,5,Jersey,4,0,188,236,188,245,200,220,203,220,38.2,0.0,0.0,0,0,522.7,351.3,10.6,3207,36.3,4.3,17.9
cow802,6,Jersey,4,0,188,225,200,240,192,225,206,228,38.2,0.0,0.0,0,0,504.5,377.1,11.3,2470,90.6,5.2,21.9
cow803,1,Jersey,4,0,199,217,192,226,199,234,198,235,38.4,0.0,0.0,0,0,519.3,369.5,13.5,2614,35.0,4.0,18.7
cow803,2,Jersey,4,0,210,226,197,235,199,230,191,232,38.2,0.0,0.0,0,0,518.4,363.3,9.8,3242,120.8,4.2,22.0
cow803,3,Jersey,4,0,196,231,201,234,204,236,205,239,38.2,0.0,0.0,0,0,527.0,363.6,11.2,2879,68.8,4.8,19.2
cow803,4,Jersey,4,0,195,220,198,232,206,224,198,232,38.1,0.0,0.0,0,0,425.7,341.4,10.0,3445,143.4,4.2,20.1
cow803,5,Jersey,4,0,202,225,190,225,199,231,199,220,38.3,0.0,0.0,0,0,595.2,389.8,11.7,3124,213.8,3.5,20.3
cow803,6,Jersey,4,0,184,226,195,228,206,226,200,233,38.3,0.0,0.0,0,0,514.1,361.4,12.8,3023,24.0,5.2,19.6
cow804,1,Jersey,6,0,201,219,199,227,186,224,200,228,38.7,0.0,0.0,0,1,318.2,271.1,13.7,1232,1375.9,7.3,10.7
cow804,2,Jersey,6,0,203,294,207,217,200,236,198,229,39.1,0.0,1.0,0,1,239.9,250.3,13.4,1417,752.8,7.6,12.9
cow804,3,Jersey,6,0,191,314,199,210,190,236,205,230,39.6,0.0,0.0,1,1,276.2,253.7,15.1,1621,9999.0,8.8,12.9
cow804,4,Jersey,6,0,192,331,200,206,191,229,190,236,40.3,1.0,1.0,0,1,268.1,223.6,13.9,1514,1399.2,8.4,11.6
cow804,5,Jersey,6,0,193,349,202,195,202,228,190,230,40.4,1.0,1.0,1,1,353.8,317.8,14.5,1131,691.4,8.1,16.1
cow804,6,Jersey,6,0,195,364,201,180,188,226,193,231,41.1,1.0,1.0,1,1,271.6,216.5,14.4,1796,9999.0,6.8,9.4
cow805,1,Jersey,4,0,203,235,188,235,200,222,203,220,38.4,0.0,0.0,0,0,550.3,403.0,8.0,3263,48.1,3.6,19.5
cow805,2,Jersey,4,0,197,229,193,231,206,224,198,231,38.5,0.0,0.0,0,0,494.0,373.2,11.4,3154,25.9,4.8,22.3
cow805,3,Jersey,4,0,188,229,203,234,198,236,201,227,38.5,0.0,0.0,0,0,501.9,353.3,10.2,3037,35.7,5.0,20.3
cow805,4,Jersey,4,0,193,221,194,231,195,231,193,238,38.6,0.0,0.0,0,0,510.2,386.7,10.5,3200,87.7,4.7,20.3
cow805,5,Jersey,4,0,189,222,199,223,195,236,184,227,38.3,0.0,0.0,0,0,571.4,401.6,13.3,2267,82.0,4.1,19.3
cow805,6,Jersey,4,0,194,230,193,225,204,231,196,227,38.4,0.0,0.0,0,0,444.4,347.2,11.1,3097,44.6,4.1,20.2
cow806,1,Jersey,3,0,196,231,198,233,199,218,195,233,38.3,0.0,0.0,0,0,467.4,315.3,13.8,3656,56.8,4.7,20.4
cow806,2,Jersey,3,0,193,225,195,227,197,230,209,234,38.5,0.0,0.0,0,0,442.1,339.3,9.8,3088,82.4,3.5,19.2
cow806,3,Jersey,3,0,203,237,194,228,195,223,196,221,38.8,0.0,0.0,0,0,476.5,346.5,10.2,3033,198.2,4.6,18.7
cow806,4,Jersey,3,0,202,219,199,224,202,222,202,225,39.0,0.0,0.0,0,0,487.5,381.2,12.4,2762,100.0,3.4,20.0
cow806,5,Jersey,3,0,199,222,202,234,199,229,197,251,38.7,0.0,0.0,0,0,455.4,340.5,11.1,3197,53.8,3.7,20.5
cow806,6,Jersey,3,0,200,219,195,223,190,229,198,227,38.7,0.0,0.0,0,0,490.6,384.9,11.9,2922,67.8,4.6,20.0
cow807,1,Jersey,5,0,202,228,189,220,187,236,194,236,39.1,0.0,0.0,0,0,439.4,340.8,11.4,3524,135.2,5.0,19.3
cow807,2,Jersey,5,0,194,233,187,240,191,229,195,233,38.7,0.0,0.0,0,0,479.3,353.3,11.3,2655,253.5,4.8,22.1
cow807,3,Jersey,5,0,204,233,191,219,199,233,197,229,38.9,0.0,0.0,0,0,568.0,423.0,11.1,2819,37.0,3.6,18.5
cow807,4,Jersey,5,0,199,234,208,226,198,228,200,234,38.6,0.0,0.0,0,0,536.1,404.0,11.7,2760,171.5,3.0,19.1
cow807,5,Jersey,5,0,194,230,198,222,217,227,202,217,38.8,0.0,0.0,0,0,527.5,393.0,12.3,3734,64.0,4.5,21.7
cow807,6,Jersey,5,0,195,222,201,225,201,225,194,232,38.6,0.0,0.0,0,0,479.9,314.7,13.4,2924,25.9,3.0,22.3
cow808,1,Jersey,3,0,203,229,196,226,198,231,212,240,38.6,0.0,0.0,0,0,458.6,325.4,11.3,2781,22.6,5.3,19.3
cow808,2,Jersey,3,0,191,234,192,229,195,228,203,226,38.7,0.0,0.0,0,0,474.4,377.6,11.0,2164,199.6,3.6,19.3
cow808,3,Jersey,3,0,199,225,204,223,186,230,204,233,38.6,0.0,0.0,0,0,518.3,356.4,10.9,2635,216.8,6.3,20.1
cow808,4,Jersey,3,0,188,225,191,240,192,235,203,222,38.5,0.0,0.0,0,0,554.7,416.7,13.3,3211,53.6,3.7,19.1
cow808,5,Jersey,3,0,196,238,196,228,197,224,203,238,38.8,0.0,0.0,0,0,556.1,414.4,12.3,3210,68.6,4.9,23.8
cow808,6,Jersey,3,0,205,221,192,233,199,237,192,237,38.2,0.0,0.0,0,0,545.2,382.1,9.2,2740,23.2,3.9,17.9
cow809,1,Jersey,3,0,190,232,200,221,197,229,201,223,38.2,0.0,1.0,0,0,490.5,326.4,9.2,2762,134.5,4.4,20.0
cow809,2,Jersey,3,0,194,223,198,224,204,230,197,231,38.5,0.0,0.0,0,0,521.0,370.3,10.5,3744,77.9,4.6,19.0
cow809,3,Jersey,3,0,206,221,188,226,191,231,208,226,38.5,0.0,0.0,0,0,507.1,409.7,11.8,4079,27.2,5.2,18.7
cow809,4,Jersey,3,0,201,224,189,227,198,229,193,221,38.3,0.0,0.0,0,0,512.0,359.6,11.5,3460,91.5,5.3,17.9
cow809,5,Jersey,3,0,179,231,198,231,198,225,206,231,38.4,0.0,0.0,0,0,601.5,414.6,12.1,3624,30.4,5.1,21.9
cow809,6,Jersey,3,0,203,234,198,229,196,232,204,236,38.5,0.0,0.0,0,0,449.5,319.8,11.3,3709,116.7,5.3,20.3
cow810,1,Jersey,2,0,199,228,198,228,189,231,201,239,38.2,0.0,0.0,0,0,510.6,396.2,13.2,3886,37.6,4.0,19.2
cow810,2,Jersey,2,0,199,225,199,228,202,222,197,233,38.1,0.0,0.0,0,0,568.5,404.7,12.4,2879,100.3,5.0,19.8
cow810,3,Jersey,2,0,195,233,199,226,198,234,190,222,38.5,0.0,0.0,0,0,461.4,333.6,11.6,2649,50.6,4.2,19.4
cow810,4,Jersey,2,0,192,233,192,220,199,232,199,222,38.3,0.0,0.0,0,0,494.3,390.0,12.9,3733,15.5,5.3,20.7
cow810,5,Jersey,2,0,200,239,194,238,206,234,196,224,38.6,0.0,0.0,0,0,498.8,377.7,9.5,2614,158.1,4.6,21.7
cow810,6,Jersey,2,0,194,231,206,238,206,238,195,225,38.2,0.0,0.0,0,0,511.1,358.1,11.4,2589,164.2,5.0,20.9
cow811,1,Jersey,2,0,192,235,199,242,193,234,205,226,38.5,0.0,0.0,0,0,456.2,319.7,11.7,2598,55.4,4.7,19.7
cow811,2,Jersey,2,0,204,230,199,230,205,233,203,233,38.8,0.0,0.0,0,0,543.8,415.1,12.2,2947,96.0,5.1,19.8
cow811,3,Jersey,2,0,200,226,189,228,200,226,195,214,38.7,0.0,0.0,0,0,546.7,396.3,9.4,2206,107.5,3.9,18.5
cow811,4,Jersey,2,0,202,225,208,237,207,227,194,228,38.8,0.0,0.0,0,0,540.3,364.3,11.2,2427,109.9,3.2,19.7
cow811,5,Jersey,2,0,209,227,197,225,198,224,195,228,38.9,0.0,0.0,0,0,485.2,327.0,12.0,2751,261.6,5.3,20.5
cow811,6,Jersey,2,0,208,236,201,240,193,218,183,229,38.8,0.0,0.0,0,0,523.5,362.0,12.1,2522,105.9,5.6,20.1
cow812,1,Jersey,5,0,194,230,197,225,200,227,204,236,38.4,0.0,0.0,0,1,259.0,211.1,14.9,1725,1495.6,7.9,12.3
cow812,2,Jersey,5,0,187,292,197,227,196,225,210,223,38.9,0.0,0.0,0,1,281.7,210.2,14.4,1303,2816.9,8.6,10.8
cow812,3,Jersey,5,0,195,309,199,222,205,240,200,240,39.3,1.0,1.0,0,1,381.1,286.9,13.4,1531,1411.0,6.7,11.8
cow812,4,Jersey,5,0,207,323,204,233,194,232,195,229,39.5,1.0,1.0,1,1,298.8,240.8,14.3,1487,845.4,7.5,10.9
cow812,5,Jersey,5,0,198,344,196,226,193,221,193,232,40.0,1.0,1.0,1,1,247.5,218.2,13.3,1217,5332.2,8.1,12.5
cow812,6,Jersey,5,0,196,359,197,227,194,228,197,224,40.3,1.0,1.0,1,1,302.2,289.8,13.7,1695,3068.7,6.6,12.2
cow813,1,Jersey,1,0,199,214,204,232,191,234,196,227,38.4,0.0,0.0,0,0,465.9,342.8,12.5,3181,22.0,3.3,18.8
cow813,2,Jersey,1,0,194,232,203,226,206,228,200,230,38.4,0.0,0.0,0,0,472.0,348.2,11.4,2873,49.5,4.6,21.1
cow813,3,Jersey,1,0,194,224,196,218,188,230,197,223,38.4,0.0,0.0,0,0,478.4,364.2,11.9,2326,134.1,4.0,20.8
cow813,4,Jersey,1,0,207,230,205,228,201,233,198,229,38.4,1.0,0.0,0,0,502.2,365.1,12.7,3208,27.0,4.2,21.3
cow813,5,Jersey,1,0,198,238,200,227,193,230,195,228,38.3,0.0,0.0,0,0,557.5,409.7,12.4,2495,47.2,4.2,19.8
cow813,6,Jersey,1,0,196,226,199,227,193,233,195,225,38.3,0.0,0.0,0,0,543.1,398.9,13.0,3152,499.4,3.5,18.4
cow814,1,Jersey,4,0,204,225,196,225,195,233,209,237,38.4,0.0,0.0,0,0,540.9,394.8,14.3,3032,63.2,4.3,20.1
cow814,2,Jersey,4,0,192,227,202,221,195,228,200,221,38.6,0.0,0.0,0,0,476.0,403.4,12.3,2456,167.8,4.5,20.3
cow814,3,Jersey,4,0,202,234,192,224,199,221,201,227,38.5,0.0,0.0,0,0,498.3,383.4,10.9,3103,223.9,4.0,18.2
cow814,4,Jersey,4,0,191,221,186,232,189,228,197,231,38.6,0.0,0.0,0,0,530.9,367.1,12.1,3077,42.4,4.1,21.2
cow814,5,Jersey,4,0,195,229,205,239,204,231,195,229,38.4,0.0,0.0,0,0,494.9,371.6,12.1,3078,95.5,4.3,18.4
cow814,6,Jersey,4,0,200,229,195,229,191,228,201,232,38.6,0.0,0.0,0,0,508.9,359.1,12.2,3059,329.3,5.2,16.5
cow815,1,Jersey,2,0,194,220,200,225,203,223,201,225,38.4,0.0,0.0,0,0,537.7,398.6,13.3,2739,109.1,4.4,20.3
cow815,2,Jersey,2,0,203,236,191,229,205,225,201,240,38.2,0.0,0.0,0,0,506.0,346.9,9.5,3237,407.1,3.0,19.5
cow815,3,Jersey,2,0,193,239,188,239,194,224,192,234,38.4,0.0,0.0,0,0,529.0,365.5,13.3,2725,51.2,3.5,20.1
cow815,4,Jersey,2,0,191,237,195,235,205,239,194,221,38.7,0.0,0.0,0,0,583.7,424.4,13.7,2570,274.9,5.2,20.3
cow815,5,Jersey,2,0,198,227,189,242,192,233,195,240,38.2,0.0,0.0,0,0,513.1,393.8,12.2,3270,80.4,4.0,20.3
cow815,6,Jersey,2,0,197,232,197,224,191,229,183,223,38.0,0.0,0.0,0,0,567.2,417.4,12.2,3375,63.4,4.4,20.4
cow816,1,Jersey,5,0,200,228,208,218,187,232,204,227,38.2,0.0,0.0,0,1,317.4,283.8,13.2,1542,3342.1,9.5,9.7
cow816,2,Jersey,5,0,190,224,190,242,185,229,195,230,37.9,0.0,0.0,0,1,236.3,226.5,13.5,1217,1823.9,8.5,15.1
cow816,3,Jersey,5,0,189,228,203,236,204,236,189,224,38.1,0.0,0.0,0,1,250.9,231.7,14.3,524,1863.8,6.3,11.2
cow816,4,Jersey,5,0,208,234,186,237,201,233,201,227,,0.0,0.0,0,1,261.7,225.9,14.3,1893,2950.0,9.2,17.0
cow816,5,Jersey,5,0,172,227,269,223,191,238,194,234,38.9,1.0,0.0,0,1,260.8,249.1,14.4,518,464.8,8.1,14.5
cow816,6,Jersey,5,0,158,228,311,220,203,222,195,231,39.3,1.0,0.0,0,1,291.4,271.3,14.3,1534,1048.3,8.3,12.2
cow817,1,Jersey,2,0,190,223,207,223,193,231,194,230,38.7,0.0,0.0,0,0,544.6,393.6,12.6,3844,130.9,4.7,19.5
cow817,2,Jersey,2,0,196,225,206,227,197,229,201,234,39.1,0.0,0.0,0,0,570.2,408.0,12.4,3060,157.6,5.2,20.4
cow817,3,Jersey,2,0,188,226,201,233,200,235,197,226,39.1,0.0,0.0,0,0,532.3,416.0,10.3,3116,101.7,4.4,20.0
cow817,4,Jersey,2,0,201,231,203,225,198,228,189,225,38.8,0.0,0.0,0,0,502.2,368.9,12.5,3152,96.1,3.3,19.5
cow817,5,Jersey,2,0,182,225,199,230,214,230,193,233,38.8,0.0,0.0,0,0,436.7,331.4,13.7,3079,104.9,4.8,20.0
cow817,6,Jersey,2,0,187,230,201,238,185,235,196,234,38.9,0.0,0.0,0,0,522.8,390.4,11.5,3940,153.9,3.4,20.9
cow818,1,Jersey,4,0,207,227,192,228,195,226,194,227,38.7,0.0,0.0,0,0,521.0,378.9,13.3,2663,29.7,6.0,21.8
cow818,2,Jersey,4,0,196,237,197,231,200,225,198,236,38.8,0.0,0.0,0,0,527.3,369.6,10.4,2613,55.9,4.2,20.2
cow818,3,Jersey,4,0,205,226,188,241,193,228,202,222,38.6,0.0,0.0,0,0,604.2,437.4,11.5,2869,75.5,4.5,18.7
cow818,4,Jersey,4,0,196,230,196,238,194,233,200,233,38.6,0.0,0.0,0,0,569.6,409.1,10.7,3696,90.9,4.0,22.5
cow818,5,Jersey,4,0,204,224,198,226,196,230,199,237,38.3,0.0,0.0,0,0,551.4,432.0,13.2,2769,18.5,4.8,20.3
cow818,6,Jersey,4,0,199,221,200,233,198,234,188,233,38.4,0.0,0.0,0,0,481.5,371.1,13.5,3172,33.3,4.9,20.9
cow819,1,Jersey,2,0,206,231,192,228,191,227,191,221,38.6,0.0,0.0,0,0,499.5,357.0,11.4,3428,78.5,4.0,19.8
cow819,2,Jersey,2,0,205,224,195,233,197,234,198,224,38.8,0.0,0.0,0,0,516.2,390.8,12.9,3312,159.9,4.9,20.3
cow819,3,Jersey,2,0,193,224,201,231,183,238,192,232,38.7,0.0,0.0,0,0,489.0,366.9,13.5,3407,59.5,4.6,17.6
cow819,4,Jersey,2,0,199,225,193,222,199,234,193,230,,,,0,0,540.0,415.6,11.5,3567,50.1,4.4,21.8
cow819,5,Jersey,2,0,200,228,198,231,187,231,193,230,38.8,0.0,0.0,0,0,534.3,379.1,11.7,3123,114.4,3.9,21.3
cow819,6,Jersey,2,0,202,236,199,229,198,224,205,231,38.6,0.0,0.0,0,0,476.5,357.3,12.4,2817,63.3,6.4,19.9
cow820,1,Jersey,5,0,199,226,188,230,196,230,193,225,38.9,0.0,0.0,0,0,567.9,406.9,10.5,3059,146.0,5.4,20.9
cow820,2,Jersey,5,0,198,232,202,230,205,236,208,230,38.7,0.0,0.0,0,0,524.1,383.5,11.6,2864,68.2,5.1,21.3
cow820,3,Jersey,5,0,188,248,199,235,206,232,194,227,38.9,0.0,0.0,0,0,450.8,322.6,14.1,4009,36.8,5.4,18.5
cow820,4,Jersey,5,0,188,229,197,222,195,233,202,231,38.7,0.0,0.0,0,0,517.9,389.1,10.9,2787,211.9,4.7,20.2
cow820,5,Jersey,5,0,193,224,194,236,195,231,195,237,38.9,0.0,0.0,0,0,531.2,394.3,12.5,3193,186.7,4.2,20.3
cow820,6,Jersey,5,0,200,229,195,223,207,233,203,227,38.6,0.0,0.0,0,0,558.9,426.5,12.1,2400,41.1,2.5,19.8
cow821,1,Jersey,5,0,190,222,209,229,197,231,194,234,39.0,0.0,0.0,0,1,281.5,246.7,13.3,1353,2744.7,7.0,15.1
cow821,2,Jersey,5,0,217,224,222,223,207,235,189,228,39.2,0.0,0.0,0,1,328.1,267.5,13.8,1185,1533.4,9.7,11.2
cow821,3,Jersey,5,0,228,236,228,231,204,227,204,216,39.3,0.0,0.0,1,1,302.5,273.7,15.6,1570,3286.0,8.9,15.6
cow821,4,Jersey,5,0,230,237,230,224,195,230,187,240,39.4,1.0,1.0,1,1,242.4,209.1,14.2,1581,985.2,8.2,15.0
cow821,5,Jersey,5,0,233,225,235,225,199,227,190,234,39.8,1.0,1.0,1,1,238.4,240.6,14.4,1867,4028.5,6.7,11.4
cow821,6,Jersey,5,0,237,231,240,235,203,228,202,222,40.0,1.0,1.0,1,1,339.9,301.4,15.4,1835,5226.8,8.5,15.1
cow822,1,Jersey,3,0,198,234,210,239,200,227,203,229,38.6,0.0,0.0,0,0,567.8,431.3,11.2,2973,41.3,4.3,19.9
cow822,2,Jersey,3,0,197,236,199,226,200,217,190,227,38.2,0.0,1.0,0,0,532.9,394.5,10.2,2622,83.2,5.1,21.1
cow822,3,Jersey,3,0,198,231,207,232,190,239,188,240,38.4,0.0,0.0,0,0,579.8,407.1,13.6,2669,184.0,3.6,18.4
cow822,4,Jersey,3,0,213,222,209,226,201,232,196,235,38.1,0.0,0.0,0,0,562.3,407.3,11.7,3121,39.8,4.1,19.5
cow822,5,Jersey,3,0,189,222,203,231,189,238,196,237,38.5,0.0,0.0,0,0,547.3,403.2,12.6,3063,50.0,5.2,21.1
cow822,6,Jersey,3,0,199,227,199,233,211,231,203,226,38.0,0.0,0.0,0,0,483.5,348.0,10.6,3103,125.5,6.0,20.1
cow823,1,Jersey,1,0,203,228,205,239,196,235,205,230,38.6,0.0,0.0,0,0,589.3,445.6,12.0,2786,71.1,4.0,19.6
cow823,2,Jersey,1,0,200,229,193,230,201,233,193,228,38.9,0.0,0.0,0,0,541.5,403.3,10.2,3575,26.8,3.7,21.2
cow823,3,Jersey,1,0,201,232,199,231,193,234,196,226,38.4,0.0,0.0,0,0,504.6,354.7,11.6,2411,63.7,5.3,21.4
cow823,4,Jersey,1,0,203,227,198,218,191,221,197,230,38.6,0.0,0.0,0,0,493.3,397.9,10.7,2764,265.4,3.5,19.6
cow823,5,Jersey,1,0,199,229,192,237,207,235,191,220,38.7,0.0,0.0,0,0,530.3,387.9,10.4,2569,330.3,3.5,17.8
cow823,6,Jersey,1,0,213,224,197,242,203,236,191,235,38.6,0.0,0.0,0,0,453.2,320.2,11.1,2916,51.2,4.7,18.3
cow824,1,Jersey,1,0,202,227,200,228,197,238,196,225,38.1,0.0,0.0,0,0,548.0,381.8,8.7,3499,42.3,6.2,22.1
cow824,2,Jersey,1,0,201,220,206,229,205,243,192,231,38.2,0.0,0.0,0,0,481.9,383.9,10.1,2885,57.9,3.8,18.8
cow824,3,Jersey,1,0,200,235,195,223,194,220,198,232,38.3,0.0,0.0,0,0,534.8,421.7,12.4,3041,275.8,4.2,17.8
cow824,4,Jersey,1,0,201,224,197,237,199,225,193,231,38.3,0.0,0.0,0,0,499.1,385.7,11.9,3266,142.1,4.6,20.4
cow824,5,Jersey,1,0,205,227,189,220,195,218,212,228,38.2,0.0,0.0,0,0,509.4,397.4,10.2,2866,218.4,4.1,18.3
cow824,6,Jersey,1,0,179,227,206,233,194,241,198,223,38.4,0.0,0.0,0,0,489.7,383.7,12.2,3153,158.3,3.1,21.6
cow825,1,Jersey,5,0,201,233,190,240,199,226,203,227,38.2,0.0,0.0,0,0,513.6,386.2,10.4,3100,31.9,5.1,22.3
cow825,2,Jersey,5,0,196,223,196,225,195,237,197,237,38.0,0.0,0.0,0,0,595.6,431.3,12.4,2548,41.2,4.6,19.2
cow825,3,Jersey,5,0,199,222,195,230,196,225,198,230,38.4,0.0,0.0,0,0,575.4,423.0,11.4,2814,49.1,4.8,19.3
cow825,4,Jersey,5,0,201,226,204,225,202,229,192,223,38.3,0.0,0.0,0,0,534.2,401.8,11.1,3142,55.4,4.4,19.7
cow825,5,Jersey,5,0,198,232,206,224,198,235,192,231,37.9,0.0,0.0,0,0,519.0,366.0,11.4,3513,49.7,5.7,18.9
cow825,6,Jersey,5,0,198,228,204,239,196,225,199,226,38.1,0.0,0.0,0,0,553.8,413.4,14.6,3513,53.9,4.1,18.0
cow826,1,Jersey,6,0,207,238,183,228,193,229,206,228,38.7,0.0,0.0,0,0,565.2,433.4,10.6,3838,123.6,3.6,19.7
cow826,2,Jersey,6,0,188,225,196,228,204,221,194,226,39.0,0.0,0.0,0,0,486.8,356.4,11.8,3194,87.2,5.8,21.5
cow826,3,Jersey,6,0,201,223,198,232,187,225,212,224,38.8,0.0,0.0,0,0,516.9,372.5,12.4,2835,184.5,2.7,19.1
cow826,4,Jersey,6,0,196,224,193,231,195,217,198,229,38.9,0.0,0.0,0,0,447.1,344.9,10.3,2974,94.5,4.4,19.8
cow826,5,Jersey,6,0,200,229,193,226,196,225,188,238,38.7,0.0,0.0,0,0,564.9,395.3,9.6,2954,49.8,4.4,23.0
cow826,6,Jersey,6,0,196,238,189,225,205,228,200,230,38.7,0.0,0.0,0,0,602.6,405.9,10.8,2837,90.5,4.4,21.4
cow827,1,Jersey,1,0,193,225,202,228,205,228,193,236,38.6,0.0,0.0,0,0,523.2,402.6,12.4,3153,28.0,3.3,17.4
cow827,2,Jersey,1,0,197,229,199,230,198,225,200,227,38.5,0.0,0.0,0,0,435.0,320.9,11.1,3172,16.1,3.6,19.2
cow827,3,Jersey,1,0,207,243,202,228,189,228,193,225,38.6,0.0,0.0,0,0,544.4,394.9,11.2,2530,123.9,5.3,20.5
cow827,4,Jersey,1,0,193,222,190,233,191,232,197,232,38.5,0.0,0.0,0,0,483.8,347.3,12.6,3435,160.5,5.6,22.1
cow827,5,Jersey,1,0,204,231,185,216,200,243,200,238,38.7,0.0,0.0,0,0,493.5,387.1,10.5,2265,83.5,4.2,20.9
cow827,6,Jersey,1,0,198,233,191,234,192,222,187,234,38.6,0.0,0.0,0,0,545.1,410.4,11.4,2911,60.6,3.8,21.4
cow828,1,Jersey,2,0,205,234,195,220,193,234,197,219,,,,0,0,530.2,381.8,9.7,3460,31.4,3.1,20.4
cow828,2,Jersey,2,0,194,224,205,230,199,226,198,219,38.8,0.0,0.0,0,0,500.5,347.0,11.9,3243,177.9,5.3,17.7
cow828,3,Jersey,2,0,188,221,193,228,200,220,204,223,38.4,0.0,0.0,0,0,494.0,358.2,11.8,2857,111.6,5.3,19.4
cow828,4,Jersey,2,0,192,223,203,236,193,223,187,217,38.9,0.0,0.0,0,0,525.0,393.3,12.5,3788,97.1,2.5,18.0
cow828,5,Jersey,2,0,198,232,189,234,199,230,189,226,38.2,0.0,0.0,0,0,503.6,373.6,10.1,2824,79.2,2.6,21.1
cow828,6,Jersey,2,0,205,229,202,222,199,221,193,217,38.5,0.0,0.0,0,0,475.6,355.3,11.3,2199,57.4,4.6,19.6
cow829,1,Jersey,2,0,207,226,204,230,198,229,190,230,38.4,0.0,0.0,0,1,281.7,250.8,12.0,1481,813.5,8.2,11.1
cow829,2,Jersey,2,0,198,231,187,220,200,228,195,229,39.0,0.0,0.0,0,1,308.6,276.8,13.2,589,2445.9,7.6,12.0
cow829,3,Jersey,2,0,194,235,178,228,207,222,211,230,39.3,1.0,1.0,0,1,287.9,250.0,15.3,967,1292.8,8.0,15.3
cow829,4,Jersey,2,0,198,225,173,230,190,230,197,229,39.6,1.0,1.0,0,1,238.5,229.2,13.1,1549,1417.8,7.8,14.4
cow829,5,Jersey,2,0,199,232,164,223,203,222,190,223,40.3,1.0,1.0,1,1,334.6,261.0,11.9,1116,7966.1,8.0,15.9
cow829,6,Jersey,2,0,188,233,154,223,203,232,202,240,40.3,1.0,1.0,1,1,185.4,235.2,12.7,1532,1919.4,7.3,15.5
cow830,1,Jersey,5,0,193,233,188,231,199,228,200,228,37.8,0.0,0.0,0,0,502.1,364.2,9.6,2537,14.6,4.5,18.5
cow830,2,Jersey,5,0,187,232,200,241,209,229,206,232,38.1,0.0,0.0,0,0,495.2,368.8,9.9,3343,54.9,4.0,22.1
cow830,3,Jersey,5,0,198,227,202,228,201,238,196,223,37.8,1.0,0.0,0,0,525.9,393.8,12.3,2324,39.8,3.9,19.8
cow830,4,Jersey,5,0,192,231,201,236,188,228,195,226,38.1,0.0,0.0,0,0,542.5,386.1,9.8,3527,72.1,3.0,20.2
cow830,5,Jersey,5,0,202,226,201,233,189,238,195,222,38.1,0.0,0.0,0,0,565.1,407.2,11.9,2810,29.7,4.4,21.8
cow830,6,Jersey,5,0,200,230,203,231,195,230,193,220,38.0,0.0,0.0,0,0,491.5,362.8,11.5,3612,107.2,5.1,21.7
cow831,1,Jersey,5,0,199,227,198,220,199,217,199,229,38.4,0.0,0.0,0,0,543.5,377.6,10.9,2664,64.7,4.2,19.0
cow831,2,Jersey,5,0,210,232,202,223,198,234,201,228,38.3,0.0,0.0,0,0,527.8,392.6,11.8,3770,57.2,4.2,19.9
cow831,3,Jersey,5,0,188,234,197,230,211,240,197,226,38.0,0.0,0.0,0,0,451.5,309.2,10.4,2617,88.1,5.5,19.0
cow831,4,Jersey,5,0,199,229,199,227,199,231,207,245,38.2,0.0,0.0,0,0,596.0,457.2,12.5,2282,75.3,5.3,17.7
cow831,5,Jersey,5,0,196,235,202,220,193,222,194,228,38.1,0.0,0.0,0,0,462.4,359.7,10.7,3017,72.4,5.9,20.6
cow831,6,Jersey,5,0,209,229,194,227,201,218,200,228,38.5,0.0,0.0,0,0,536.8,401.6,11.0,3494,68.0,6.3,20.6
cow832,1,Jersey,4,0,202,243,195,234,194,222,194,225,38.0,0.0,0.0,0,0,535.6,358.1,10.9,3316,78.3,4.5,22.1
cow832,2,Jersey,4,0,209,228,191,234,205,220,203,229,38.0,0.0,0.0,0,0,531.0,372.3,12.3,3465,100.7,3.6,19.2
cow832,3,Jersey,4,0,196,239,198,240,193,231,203,232,38.1,0.0,0.0,0,0,500.2,393.1,12.2,3324,92.3,4.1,21.2
cow832,4,Jersey,4,0,198,237,190,230,196,239,194,222,38.2,0.0,0.0,0,0,553.1,474.6,8.4,2672,173.0,5.0,20.0
cow832,5,Jersey,4,0,199,225,196,227,204,226,198,234,38.3,0.0,0.0,0,0,457.6,364.1,11.8,3307,54.4,5.7,20.8
cow832,6,Jersey,4,0,194,231,196,228,191,226,198,226,38.3,0.0,0.0,0,0,517.4,397.1,9.4,3037,93.6,3.7,17.5
cow833,1,Jersey,4,0,191,238,189,222,197,232,189,229,38.5,0.0,0.0,0,1,272.4,250.9,13.1,1016,9999.0,8.2,12.2
cow833,2,Jersey,4,0,198,229,196,230,200,231,207,224,38.6,0.0,0.0,0,1,267.9,223.5,13.4,1372,1930.5,7.4,14.6
cow833,3,Jersey,4,0,208,226,200,233,198,226,196,227,38.6,0.0,0.0,0,1,312.1,283.2,13.1,1277,1991.8,7.9,16.0
cow833,4,Jersey,4,0,193,223,203,240,203,232,194,234,38.7,0.0,0.0,0,1,338.1,261.0,14.1,1866,720.8,7.9,9.8
cow833,5,Jersey,4,0,193,203,198,319,196,230,190,222,39.2,0.0,0.0,1,1,281.3,225.0,14.4,1094,1123.0,8.3,15.9
cow833,6,Jersey,4,0,198,185,192,357,206,222,197,225,39.9,1.0,0.0,1,1,326.2,250.8,12.6,1075,1831.4,9.6,13.6
cow834,1,Jersey,6,0,195,226,194,231,202,226,205,236,38.1,0.0,0.0,0,0,522.0,398.8,10.5,2721,114.8,4.9,19.8
cow834,2,Jersey,6,0,193,231,193,230,196,233,195,235,38.5,0.0,0.0,0,0,484.3,357.5,11.5,3759,124.4,4.2,19.1
cow834,3,Jersey,6,0,203,235,194,232,198,228,193,219,38.5,0.0,0.0,0,0,509.7,375.6,9.6,2743,99.5,4.0,19.7
cow834,4,Jersey,6,0,197,223,200,219,194,220,200,226,38.8,0.0,0.0,0,0,508.0,372.5,10.9,3519,138.4,4.3,21.0
cow834,5,Jersey,6,0,190,220,193,231,194,230,205,237,38.5,0.0,0.0,0,0,492.1,343.0,13.1,2587,39.8,3.8,19.0
cow834,6,Jersey,6,0,196,228,196,218,197,231,197,230,38.5,0.0,0.0,0,0,537.1,378.2,9.7,3203,111.3,4.6,19.8
cow835,1,Jersey,4,0,196,226,207,239,187,229,191,237,39.1,0.0,0.0,0,0,529.4,374.5,11.1,3105,80.2,2.6,20.8
cow835,2,Jersey,4,0,202,232,199,224,196,228,197,226,39.3,0.0,0.0,0,0,456.4,316.5,10.8,3493,86.6,4.3,20.5
cow835,3,Jersey,4,0,197,229,201,217,203,234,205,223,38.7,0.0,0.0,0,0,453.9,331.3,13.9,3435,61.8,4.4,18.4
cow835,4,Jersey,4,0,187,219,192,221,196,228,196,230,39.0,0.0,0.0,0,0,537.0,370.7,10.9,3033,41.1,3.6,19.2
cow835,5,Jersey,4,0,183,224,197,226,198,240,196,230,38.7,0.0,0.0,0,0,487.4,370.8,10.9,2785,34.3,4.2,21.1
cow835,6,Jersey,4,0,197,221,192,236,195,224,197,234,39.1,0.0,0.0,0,0,532.1,399.1,10.3,3650,99.1,5.4,20.5
cow836,1,Jersey,5,0,209,223,196,240,203,234,201,241,38.8,0.0,0.0,0,0,551.2,375.5,11.5,2745,112.0,5.5,18.5
cow836,2,Jersey,5,0,205,226,198,232,191,230,192,238,38.5,0.0,0.0,0,0,469.2,344.2,11.8,2093,72.6,4.1,20.9
cow836,3,Jersey,5,0,200,230,199,242,198,233,204,225,38.5,0.0,0.0,0,0,463.5,379.5,10.4,2257,78.6,4.9,19.7
cow836,4,Jersey,5,0,193,233,201,224,202,228,203,231,38.5,0.0,0.0,0,0,587.0,402.5,12.7,2354,48.3,3.3,21.2
cow836,5,Jersey,5,0,201,218,198,230,200,237,199,240,38.1,0.0,0.0,0,0,534.1,396.1,11.8,3238,112.4,4.3,22.2
cow836,6,Jersey,5,0,194,234,211,231,194,229,192,231,38.6,0.0,0.0,0,0,503.2,371.8,12.5,3886,82.8,4.7,19.6
cow837,1,Jersey,2,0,202,219,200,244,206,232,204,225,38.4,0.0,0.0,0,0,482.6,377.3,11.1,2184,61.7,5.7,17.7
cow837,2,Jersey,2,0,203,234,204,233,208,234,195,234,38.2,0.0,0.0,0,0,499.6,373.1,11.8,2687,144.5,5.5,21.8
cow837,3,Jersey,2,0,201,224,194,227,202,220,213,242,38.5,0.0,0.0,0,0,472.4,343.7,11.2,3036,124.0,4.7,17.8
cow837,4,Jersey,2,0,201,225,197,234,200,221,204,242,38.6,0.0,0.0,0,0,555.3,402.4,13.2,3618,27.5,3.8,18.7
cow837,5,Jersey,2,0,195,227,202,233,202,233,214,235,38.5,0.0,0.0,0,0,488.9,362.8,11.6,2685,82.2,5.6,22.5
cow837,6,Jersey,2,0,188,230,197,225,185,238,196,239,38.3,0.0,0.0,0,0,563.7,404.6,11.5,3236,41.0,4.2,19.3
cow838,1,Jersey,2,0,199,241,189,226,195,231,198,229,38.3,0.0,0.0,0,1,279.0,221.6,13.0,1200,2232.7,8.4,13.7
cow838,2,Jersey,2,0,191,228,202,225,185,246,195,230,,,,0,1,253.3,252.3,12.9,2343,157.3,7.9,9.8
cow838,3,Jersey,2,0,191,226,201,225,207,227,199,240,38.4,0.0,0.0,0,1,277.9,264.0,13.8,1358,2338.8,9.6,12.5
cow838,4,Jersey,2,0,193,259,220,254,200,232,200,235,38.9,1.0,0.0,0,1,190.0,173.2,14.5,1442,3541.6,7.5,8.3
cow838,5,Jersey,2,0,206,262,226,270,193,223,200,226,39.6,0.0,1.0,1,1,290.2,246.7,12.7,1334,1824.8,8.7,9.3
cow838,6,Jersey,2,0,203,275,239,276,192,229,194,233,40.4,1.0,1.0,0,1,288.2,246.9,13.7,1134,780.5,7.9,12.1
cow839,1,Jersey,1,0,199,219,194,233,192,235,191,218,38.7,0.0,0.0,0,0,553.0,379.0,11.7,3380,306.8,5.0,19.4
cow839,2,Jersey,1,0,197,224,193,231,206,215,200,246,38.7,0.0,0.0,0,0,444.5,301.1,11.9,2536,176.5,5.8,20.2
cow839,3,Jersey,1,0,200,237,200,247,210,225,191,239,38.6,0.0,0.0,0,0,566.5,395.8,9.5,2199,55.0,2.9,18.3
cow839,4,Jersey,1,0,193,221,201,227,200,236,196,232,38.7,0.0,0.0,0,0,552.8,393.3,10.4,2940,66.3,4.4,21.2
cow839,5,Jersey,1,0,194,224,198,222,202,245,194,231,38.8,0.0,0.0,0,0,570.1,384.1,9.9,3326,20.2,3.8,20.9
cow839,6,Jersey,1,0,193,218,207,220,194,231,200,229,38.5,0.0,0.0,0,0,517.9,381.9,11.5,2768,110.2,4.9,20.4
cow840,1,Jersey,3,0,199,225,200,239,190,213,193,226,38.7,0.0,0.0,0,0,560.6,425.3,10.4,3075,30.8,5.1,20.0
cow840,2,Jersey,3,0,204,227,192,232,201,228,198,234,39.0,0.0,0.0,0,0,461.2,359.8,10.9,2512,125.9,4.1,22.1
cow840,3,Jersey,3,0,190,225,215,229,199,219,190,231,38.8,0.0,0.0,0,0,548.5,394.8,10.1,3425,161.4,4.1,17.9
cow840,4,Jersey,3,0,202,227,202,234,197,225,190,225,38.8,0.0,0.0,0,0,489.2,328.4,11.0,3261,75.7,4.7,17.8
cow840,5,Jersey,3,0,203,227,196,218,205,233,199,231,38.8,0.0,0.0,0,0,453.9,353.2,10.2,3008,38.1,3.5,20.0
cow840,6,Jersey,3,0,186,230,200,234,195,219,192,229,39.0,0.0,0.0,0,0,475.0,355.7,12.4,3067,188.2,4.8,18.2
cow841,1,Jersey,1,0,193,229,202,223,206,229,191,242,38.6,0.0,0.0,0,0,520.2,387.8,12.1,2443,79.6,3.8,17.5
cow841,2,Jersey,1,0,195,238,198,219,181,232,194,234,38.6,0.0,0.0,0,0,487.0,395.1,11.7,2460,84.7,5.1,18.8
cow841,3,Jersey,1,0,196,226,187,227,194,230,201,225,38.5,0.0,0.0,0,0,535.0,374.2,11.1,2951,41.7,3.4,19.8
cow841,4,Jersey,1,0,204,226,190,236,194,231,203,222,38.3,0.0,0.0,0,0,447.7,284.9,9.1,3205,90.8,4.0,17.5
cow841,5,Jersey,1,0,182,229,196,232,194,236,206,225,38.1,0.0,0.0,0,0,434.9,310.0,11.0,3226,69.0,3.9,20.5
cow841,6,Jersey,1,0,193,223,183,222,200,233,192,236,38.5,0.0,0.0,0,0,574.9,421.7,10.6,2855,31.7,4.3,15.4
cow842,1,Jersey,4,0,193,225,192,225,198,224,190,224,38.2,0.0,0.0,0,0,556.2,402.2,11.8,3298,200.4,5.6,20.8
cow842,2,Jersey,4,0,193,220,200,231,190,234,186,240,38.5,0.0,0.0,0,0,478.0,332.9,12.2,3568,267.8,5.2,21.1
cow842,3,Jersey,4,0,195,228,200,229,206,240,194,215,38.6,0.0,0.0,0,0,519.9,354.4,11.9,2965,160.5,4.1,19.3
cow842,4,Jersey,4,0,198,231,194,223,191,231,197,224,38.2,0.0,0.0,0,0,560.8,398.1,13.0,3124,144.8,4.1,20.5
cow842,5,Jersey,4,0,203,230,203,230,191,226,196,233,38.5,0.0,0.0,0,0,536.8,367.6,10.8,2917,268.9,5.2,21.5
cow842,6,Jersey,4,0,196,227,203,221,192,228,184,223,38.1,0.0,0.0,0,0,525.9,392.9,10.8,2949,38.5,3.6,18.6
cow843,1,Jersey,1,0,197,231,208,233,204,224,199,229,38.8,0.0,0.0,0,0,563.8,398.9,12.7,3068,38.2,4.5,18.6
cow843,2,Jersey,1,0,189,228,188,233,194,233,192,230,38.7,0.0,0.0,0,0,490.8,351.2,11.7,3681,59.7,4.0,20.9
cow843,3,Jersey,1,0,205,230,205,230,198,237,210,230,38.6,0.0,0.0,0,0,521.2,367.1,11.2,3366,97.6,4.4,19.9
cow843,4,Jersey,1,0,205,230,199,222,202,230,191,223,38.5,0.0,0.0,0,0,519.3,384.3,13.7,3330,64.9,5.1,20.4
cow843,5,Jersey,1,0,197,229,210,233,204,232,197,226,38.5,0.0,0.0,0,0,509.1,374.2,12.2,2819,39.3,4.0,18.6
cow843,6,Jersey,1,0,206,225,186,231,199,223,189,227,38.6,0.0,0.0,0,0,504.4,374.3,11.3,2641,79.7,5.3,21.9
cow844,1,Jersey,2,0,198,231,201,230,207,225,200,222,38.2,0.0,0.0,0,0,522.9,385.0,10.7,3156,74.4,6.3,19.4
cow844,2,Jersey,2,0,200,229,198,221,194,240,201,235,38.3,0.0,0.0,0,0,521.4,379.5,13.1,3497,142.0,5.0,20.9
cow844,3,Jersey,2,0,195,231,201,238,199,221,196,235,38.4,0.0,1.0,0,0,478.1,336.2,11.7,3689,81.9,4.4,16.9
cow844,4,Jersey,2,0,202,238,191,231,196,238,196,229,38.5,0.0,0.0,0,0,552.1,386.1,11.5,2019,21.3,5.4,20.8
cow844,5,Jersey,2,0,196,228,193,233,197,233,190,225,38.3,0.0,0.0,0,0,480.9,349.5,12.3,3979,103.7,3.6,20.4
cow844,6,Jersey,2,0,208,233,201,236,202,223,197,225,38.2,0.0,0.0,0,0,511.3,411.9,12.6,3167,236.9,5.7,19.9
cow845,1,Jersey,5,0,191,230,204,231,194,231,197,224,38.4,0.0,0.0,0,0,508.2,348.6,12.2,3364,81.0,3.9,18.8
cow845,2,Jersey,5,0,192,226,204,225,205,223,201,230,38.3,0.0,0.0,0,0,534.3,381.1,12.6,2304,157.1,6.2,20.3
cow845,3,Jersey,5,0,196,223,198,221,198,231,184,225,38.2,0.0,0.0,0,0,435.2,330.9,12.0,2905,56.0,3.9,20.7
cow845,4,Jersey,5,0,189,227,192,235,207,234,195,239,38.5,0.0,0.0,0,0,555.6,395.9,12.2,3329,117.4,5.0,18.6
cow845,5,Jersey,5,0,198,237,200,230,200,235,188,218,38.5,0.0,0.0,0,0,492.9,383.1,10.6,2530,47.5,3.3,19.7
cow845,6,Jersey,5,0,185,234,194,231,187,236,194,224,38.4,0.0,0.0,0,0,568.8,403.7,13.7,1845,67.0,4.3,18.6
cow846,1,Jersey,4,0,192,233,192,230,186,231,200,223,38.9,0.0,0.0,0,0,500.9,364.3,10.0,3134,67.4,3.6,19.3
cow846,2,Jersey,4,0,195,239,189,227,192,231,208,228,39.1,0.0,0.0,0,0,518.0,393.5,11.9,2980,110.4,3.3,21.2
cow846,3,Jersey,4,0,195,223,205,227,196,231,211,233,39.2,0.0,0.0,0,0,596.6,458.5,9.9,3577,45.0,5.5,20.0
cow846,4,Jersey,4,0,202,227,199,238,194,221,194,230,39.0,0.0,0.0,0,0,508.9,398.7,11.4,2936,28.9,3.5,22.2
cow846,5,Jersey,4,0,201,233,195,240,190,220,194,223,38.8,0.0,0.0,0,0,569.6,407.3,10.8,2965,109.9,3.9,19.9
cow846,6,Jersey,4,0,196,225,197,229,189,226,198,227,38.8,0.0,0.0,0,0,521.6,380.0,11.7,3279,107.1,3.8,18.8
cow847,1,Jersey,2,0,189,231,205,235,196,225,192,224,38.6,0.0,0.0,0,1,311.6,265.8,13.9,1713,2184.6,8.9,8.5
cow847,2,Jersey,2,0,205,234,205,225,194,230,185,219,38.5,0.0,0.0,0,1,297.8,259.3,12.4,1017,4231.7,8.8,12.9
cow847,3,Jersey,2,0,194,229,206,228,195,231,192,230,38.6,0.0,0.0,0,1,328.9,260.1,13.5,1678,1694.6,9.0,10.8
cow847,4,Jersey,2,0,201,236,205,236,187,245,191,234,38.4,0.0,0.0,0,1,267.6,255.4,15.2,1091,2503.1,7.4,14.8
cow847,5,Jersey,2,0,200,229,199,265,197,235,199,230,39.6,1.0,0.0,1,1,255.6,235.1,11.9,1307,1505.0,9.1,8.8
cow847,6,Jersey,2,0,195,238,190,278,199,230,188,221,40.6,0.0,1.0,1,1,269.5,238.9,12.5,1568,1619.9,7.4,13.9
cow848,1,Jersey,6,0,194,232,204,231,198,234,204,223,38.7,0.0,0.0,0,0,524.0,359.5,12.5,3338,100.5,3.9,19.5
cow848,2,Jersey,6,0,208,231,198,233,208,231,188,218,38.6,0.0,0.0,0,0,511.2,375.8,11.6,3127,380.2,3.9,19.6
cow848,3,Jersey,6,0,196,234,202,225,195,217,207,232,38.6,0.0,0.0,0,0,548.4,363.0,11.7,2568,132.6,4.0,21.0
cow848,4,Jersey,6,0,197,237,196,231,196,229,193,219,38.7,0.0,0.0,0,0,572.2,400.8,12.7,2252,116.0,4.4,19.4
cow848,5,Jersey,6,0,196,238,200,225,208,226,206,229,38.6,0.0,0.0,0,0,481.0,346.4,10.5,2925,135.5,3.8,20.4
cow848,6,Jersey,6,0,196,221,191,237,211,224,186,222,38.5,0.0,0.0,0,0,490.6,367.6,10.9,3389,15.7,4.7,17.9
cow849,1,Jersey,2,0,203,224,189,229,190,218,200,244,38.6,0.0,0.0,0,0,462.6,379.4,10.7,3180,99.0,2.5,20.2
cow849,2,Jersey,2,0,199,230,185,231,195,224,207,232,38.5,0.0,0.0,0,0,601.2,439.0,11.1,3097,149.0,4.7,19.8
cow849,3,Jersey,2,0,196,224,194,232,205,228,201,229,38.4,0.0,0.0,0,0,532.2,413.4,13.1,2997,84.2,3.6,19.5
cow849,4,Jersey,2,0,195,227,187,213,205,237,198,238,38.2,0.0,0.0,0,0,539.2,403.1,9.5,3124,77.1,4.0,16.2
cow849,5,Jersey,2,0,201,225,208,230,204,225,193,233,38.2,0.0,0.0,0,0,466.4,368.1,10.1,2602,41.5,4.0,17.7
cow849,6,Jersey,2,0,196,224,202,233,193,226,195,225,38.3,0.0,0.0,0,0,520.0,413.4,9.9,3312,58.9,5.3,20.1
cow850,1,Jersey,4,0,205,229,210,231,185,232,200,225,38.4,0.0,0.0,0,0,540.4,379.0,13.2,3339,44.7,4.9,20.6
cow850,2,Jersey,4,0,206,232,198,236,203,230,197,228,38.5,0.0,0.0,0,0,509.9,359.6,10.8,2858,158.4,4.4,20.5
cow850,3,Jersey,4,0,203,232,203,236,199,233,198,230,,,,0,0,563.0,417.9,11.1,3175,224.1,3.9,19.3
cow850,4,Jersey,4,0,188,233,200,232,212,234,204,231,38.6,0.0,0.0,0,0,612.5,435.4,9.6,2313,302.4,5.1,18.7
cow850,5,Jersey,4,0,204,226,191,231,194,240,195,227,,0.0,0.0,0,0,482.1,361.2,11.2,3072,44.2,5.9,17.8
cow850,6,Jersey,4,0,190,225,196,221,198,236,201,244,38.6,0.0,0.0,0,0,479.1,351.0,12.5,2947,50.1,4.5,17.1
cow851,1,Jersey,3,0,201,229,204,227,205,225,190,233,38.1,0.0,0.0,0,0,484.9,348.2,11.8,3504,47.3,3.2,20.4
cow851,2,Jersey,3,0,197,236,206,229,198,232,209,227,38.6,0.0,0.0,0,0,584.2,447.7,11.4,2921,39.3,3.9,22.5
cow851,3,Jersey,3,0,192,219,206,225,208,232,188,224,38.6,0.0,0.0,0,0,561.7,385.2,9.6,3347,39.7,4.9,19.3
cow851,4,Jersey,3,0,204,228,194,236,192,235,203,232,38.4,0.0,0.0,0,0,514.6,389.1,11.1,2844,55.6,4.1,18.8
cow851,5,Jersey,3,0,194,227,189,217,197,231,198,226,38.5,0.0,0.0,0,0,521.5,390.3,11.7,2086,145.3,3.8,19.9
cow851,6,Jersey,3,0,211,225,204,217,198,230,196,232,38.2,0.0,0.0,0,0,487.3,332.0,10.3,2910,48.4,3.8,19.7
cow852,1,Jersey,4,0,209,232,200,239,194,225,197,233,,0.0,0.0,0,0,555.6,386.4,12.3,3079,164.4,4.6,18.3
cow852,2,Jersey,4,0,202,225,190,230,196,224,193,226,38.5,0.0,0.0,0,0,504.8,359.0,12.6,3060,204.3,3.3,20.8
cow852,3,Jersey,4,0,194,221,189,229,200,234,199,233,38.8,0.0,0.0,0,0,509.6,383.9,10.9,3066,96.7,4.5,19.0
cow852,4,Jersey,4,0,207,236,192,236,200,232,205,232,38.5,0.0,0.0,0,0,544.4,388.0,12.4,2797,185.7,4.6,20.3
cow852,5,Jersey,4,0,204,223,185,232,194,229,204,224,38.2,0.0,0.0,0,0,512.5,373.9,11.4,2871,31.0,4.1,23.1
cow852,6,Jersey,4,0,212,223,199,226,193,234,201,227,38.3,0.0,0.0,0,0,510.6,348.1,12.9,2549,54.0,3.7,20.7
cow853,1,Jersey,1,0,191,231,197,229,202,229,196,227,38.3,0.0,0.0,0,1,295.4,297.1,15.9,501,2324.3,8.8,13.7
cow853,2,Jersey,1,0,203,234,192,231,193,222,191,226,38.4,0.0,0.0,0,1,326.8,275.4,12.2,1257,2388.5,6.9,11.3
cow853,3,Jersey,1,0,208,226,190,225,193,223,196,234,38.9,0.0,0.0,0,1,360.9,303.5,14.4,1002,6312.9,8.1,14.0
cow853,4,Jersey,1,0,182,231,196,300,197,230,199,231,39.3,1.0,1.0,0,1,318.4,259.3,15.1,1732,892.1,8.6,12.7
cow853,5,Jersey,1,0,165,235,200,326,195,226,201,226,39.6,1.0,0.0,1,1,327.1,262.5,12.3,427,1294.4,8.1,11.5
cow853,6,Jersey,1,0,158,233,208,359,202,230,201,222,40.2,1.0,0.0,1,1,287.0,284.6,12.8,1416,1863.2,9.0,15.0
cow854,1,Jersey,6,0,191,223,192,226,203,234,199,242,38.3,0.0,0.0,0,0,491.7,328.5,10.8,3849,55.5,3.6,17.9
cow854,2,Jersey,6,0,197,230,197,225,190,232,195,228,38.3,0.0,0.0,0,0,546.2,400.7,11.3,2927,38.7,3.9,19.7
cow854,3,Jersey,6,0,191,226,192,239,204,234,208,231,37.9,0.0,0.0,0,0,526.8,362.3,11.1,2999,57.2,4.1,19.9
cow854,4,Jersey,6,0,195,230,207,235,192,233,204,220,38.5,0.0,0.0,0,0,463.1,338.6,11.3,3171,67.0,7.1,20.9
cow854,5,Jersey,6,0,203,234,210,229,207,232,192,236,38.6,0.0,0.0,0,0,506.9,360.6,12.5,3202,215.9,4.9,19.4
cow854,6,Jersey,6,0,192,222,198,224,196,233,198,223,38.3,0.0,0.0,0,0,516.7,360.3,9.2,2837,39.3,5.1,18.9
cow855,1,Jersey,4,0,197,227,193,221,193,231,196,226,38.5,0.0,0.0,0,0,499.6,368.4,10.3,2597,139.5,5.0,21.4
cow855,2,Jersey,4,0,194,228,205,227,193,230,200,231,38.4,0.0,0.0,0,0,579.3,369.3,12.3,3261,191.3,4.6,19.2
cow855,3,Jersey,4,0,208,228,190,223,195,230,195,235,38.5,0.0,0.0,0,0,539.2,385.8,12.2,2237,55.7,5.3,19.3
cow855,4,Jersey,4,0,200,236,198,226,207,225,197,236,38.4,0.0,0.0,0,0,574.9,411.3,10.2,3333,95.1,3.0,19.7
cow855,5,Jersey,4,0,205,230,202,227,194,224,186,232,38.3,0.0,0.0,0,0,530.5,361.9,12.2,2843,118.2,4.7,17.6
cow855,6,Jersey,4,0,197,218,198,238,197,227,196,232,38.3,0.0,0.0,0,0,523.3,409.2,13.1,3001,105.5,4.8,21.0
cow856,1,Jersey,4,0,189,236,205,216,200,231,189,220,38.6,0.0,0.0,0,0,482.5,346.8,11.4,2790,84.1,5.3,22.4
cow856,2,Jersey,4,0,204,225,201,233,203,231,207,223,38.5,0.0,0.0,0,0,520.5,376.0,10.3,3572,49.7,3.6,21.2
cow856,3,Jersey,4,0,204,230,191,230,198,232,187,229,38.4,0.0,0.0,0,0,520.5,369.7,12.5,3100,125.5,3.6,19.1
cow856,4,Jersey,4,0,189,229,191,226,193,236,195,228,38.7,0.0,0.0,0,0,465.3,345.7,13.6,2871,61.3,3.7,19.4
cow856,5,Jersey,4,0,200,236,192,233,193,236,202,227,38.5,0.0,0.0,0,0,498.4,390.6,10.4,2860,81.0,4.9,20.7
cow856,6,Jersey,4,0,198,239,196,218,197,234,200,225,38.7,0.0,0.0,0,0,507.1,416.8,11.5,2941,89.7,4.9,19.8
cow857,1,Jersey,2,0,197,229,201,231,203,238,204,241,38.6,0.0,0.0,0,0,536.5,403.3,12.8,3959,143.5,3.7,21.3
cow857,2,Jersey,2,0,203,226,200,223,190,235,193,231,38.6,0.0,0.0,0,0,538.5,410.7,11.6,2473,300.9,6.0,21.3
cow857,3,Jersey,2,0,201,237,200,226,197,230,201,230,38.8,0.0,0.0,0,0,496.7,396.9,9.4,3433,47.7,4.7,20.7
cow857,4,Jersey,2,0,198,223,202,231,204,230,196,236,38.7,0.0,0.0,0,0,538.8,395.7,12.0,3227,82.4,4.6,19.1
cow857,5,Jersey,2,0,192,221,194,221,187,224,205,231,38.8,0.0,0.0,0,0,512.7,403.9,10.3,3616,28.5,4.3,18.7
cow857,6,Jersey,2,0,196,231,194,226,193,235,202,239,38.7,0.0,0.0,0,0,405.2,325.4,10.0,3252,221.0,5.2,20.2
cow858,1,Jersey,4,0,196,221,194,227,196,231,199,238,38.5,0.0,0.0,0,0,500.6,371.0,9.4,3001,81.9,4.8,21.3
cow858,2,Jersey,4,0,194,224,199,224,194,230,209,220,38.3,0.0,0.0,0,0,563.2,412.2,12.9,3408,64.6,6.0,20.9
cow858,3,Jersey,4,0,197,237,200,226,200,230,202,239,38.4,0.0,0.0,0,0,452.7,306.9,10.5,3092,82.4,3.5,20.3
cow858,4,Jersey,4,0,197,219,201,219,193,216,198,239,38.4,0.0,0.0,0,0,524.5,388.0,11.9,3302,85.3,3.3,21.9
cow858,5,Jersey,4,0,194,226,190,232,186,219,202,235,38.2,0.0,0.0,0,0,583.4,390.3,12.2,3571,47.9,3.9,21.5
cow858,6,Jersey,4,0,194,235,206,228,191,231,207,231,38.3,0.0,0.0,0,0,489.6,332.5,11.7,3037,180.5,4.9,18.4
cow859,1,Jersey,6,0,184,233,199,227,192,238,198,228,38.7,0.0,0.0,0,0,520.1,383.5,11.9,2830,124.0,4.2,20.4
cow859,2,Jersey,6,0,208,234,201,231,200,221,190,221,38.9,0.0,0.0,0,0,467.8,328.7,12.0,2742,136.5,5.5,20.4
cow859,3,Jersey,6,0,200,233,184,234,199,232,195,221,38.8,0.0,0.0,0,0,585.1,418.9,11.7,3180,49.7,4.2,20.0
cow859,4,Jersey,6,0,190,226,202,221,204,216,196,231,39.0,0.0,0.0,0,0,516.7,380.5,10.6,2649,47.8,5.4,22.0
cow859,5,Jersey,6,0,188,231,209,223,197,234,195,230,38.7,0.0,0.0,0,0,521.9,384.4,10.5,2860,73.4,3.8,20.3
cow859,6,Jersey,6,0,189,222,202,233,191,225,191,237,38.8,0.0,0.0,0,0,574.2,396.2,11.4,2613,138.0,5.4,19.1
cow860,1,Jersey,5,0,187,232,197,232,193,241,192,228,38.0,0.0,0.0,0,0,546.5,412.1,11.3,3203,112.3,5.6,19.2
cow860,2,Jersey,5,0,192,216,193,233,204,227,202,238,38.4,0.0,0.0,0,0,485.0,357.4,12.0,2699,46.4,4.0,20.2
cow860,3,Jersey,5,0,210,226,208,231,195,233,203,233,38.1,0.0,0.0,0,0,494.1,372.4,12.8,2485,126.0,4.9,18.1
cow860,4,Jersey,5,0,200,221,194,239,201,231,200,237,38.3,0.0,0.0,0,0,539.8,370.3,11.9,2556,40.6,4.7,18.6
cow860,5,Jersey,5,0,196,226,197,233,192,221,195,231,38.3,0.0,0.0,0,0,495.0,361.8,10.5,2772,50.3,4.9,21.5
cow860,6,Jersey,5,0,196,226,192,223,191,227,195,217,38.3,0.0,0.0,0,0,435.3,348.9,8.9,2808,88.6,5.5,19.4
cow861,1,Jersey,6,0,194,236,205,239,198,224,195,219,38.0,0.0,0.0,0,0,517.9,396.2,10.6,3101,35.4,5.3,17.9
cow861,2,Jersey,6,0,210,224,198,220,194,239,195,232,38.0,0.0,0.0,0,0,460.8,330.1,9.9,2935,40.8,4.9,17.8
cow861,3,Jersey,6,0,190,230,200,233,199,228,208,221,37.9,0.0,0.0,0,0,584.7,409.0,10.6,3148,232.1,5.0,19.3
cow861,4,Jersey,6,0,201,231,184,221,194,234,190,228,37.9,0.0,0.0,0,0,527.1,366.4,11.8,3180,204.1,3.5,18.4
cow861,5,Jersey,6,0,208,221,198,229,191,238,199,234,37.9,0.0,0.0,0,0,483.8,346.5,11.6,3296,386.3,4.5,19.6
cow861,6,Jersey,6,0,200,228,191,241,187,242,195,227,37.9,0.0,0.0,0,0,492.1,338.0,13.7,2237,108.4,3.6,19.5
cow862,1,Jersey,6,0,200,236,195,225,202,228,195,234,38.5,0.0,0.0,0,0,444.4,332.2,12.1,2549,124.0,4.5,19.1
cow862,2,Jersey,6,0,189,228,192,228,195,223,194,219,38.5,0.0,0.0,0,0,476.0,365.0,13.8,3222,71.4,5.4,21.5
cow862,3,Jersey,6,0,206,237,194,231,192,232,198,231,38.6,0.0,0.0,0,0,560.7,390.3,12.4,3085,62.4,4.5,20.6
cow862,4,Jersey,6,0,196,232,200,231,190,231,195,237,38.6,0.0,0.0,0,0,609.3,431.9,12.8,3391,145.1,2.5,23.0
cow862,5,Jersey,6,0,196,241,197,226,198,226,200,228,38.6,0.0,0.0,0,0,549.1,393.5,11.1,2382,203.5,3.7,18.7
cow862,6,Jersey,6,0,204,240,193,234,195,228,208,226,38.2,0.0,0.0,0,0,516.3,396.8,10.2,2810,136.8,5.0,18.8
cow863,1,Jersey,4,0,197,221,200,236,191,226,203,237,38.5,0.0,0.0,0,1,277.7,233.6,13.0,1181,1014.1,7.6,9.3
cow863,2,Jersey,4,0,221,250,215,231,204,226,201,229,38.9,0.0,1.0,0,1,256.7,221.7,13.5,1367,2735.7,8.6,10.3
cow863,3,Jersey,4,0,219,266,223,225,195,228,203,234,39.6,1.0,0.0,1,1,377.4,289.2,12.7,1314,1072.6,7.0,11.5
cow863,4,Jersey,4,0,228,262,223,228,207,220,192,227,40.1,1.0,1.0,1,1,287.5,230.0,12.3,1488,1536.1,8.3,11.4
cow863,5,Jersey,4,0,233,270,236,220,206,228,204,234,40.0,1.0,1.0,0,1,379.6,315.3,14.0,1254,7459.0,8.3,14.9
cow863,6,Jersey,4,0,239,275,242,239,199,226,198,234,40.5,1.0,1.0,1,1,350.7,286.0,12.3,1849,758.8,8.6,11.6
cow864,1,Jersey,1,0,200,234,205,231,194,230,194,225,38.7,0.0,0.0,0,0,450.4,339.2,9.7,3676,355.3,4.0,22.9
cow864,2,Jersey,1,0,201,234,211,229,192,237,199,213,38.5,0.0,0.0,0,0,493.4,387.0,10.2,2553,116.1,5.1,21.5
cow864,3,Jersey,1,0,197,226,204,226,209,233,198,218,38.6,0.0,0.0,0,0,493.2,387.9,11.2,3018,57.6,5.7,19.7
cow864,4,Jersey,1,0,193,227,202,232,195,229,191,226,38.8,0.0,0.0,0,0,516.8,348.5,10.3,3319,83.3,2.7,19.7
cow864,5,Jersey,1,0,191,240,190,231,206,225,185,229,38.6,0.0,0.0,0,0,517.6,390.2,11.2,3234,49.5,4.5,20.9
cow864,6,Jersey,1,0,202,234,196,227,199,225,196,229,38.6,0.0,0.0,0,0,639.8,456.0,12.2,2837,54.4,3.1,19.3
cow865,1,Jersey,1,0,194,229,193,235,195,228,193,227,38.6,0.0,0.0,0,0,476.9,345.8,12.2,3102,83.6,3.8,18.5
cow865,2,Jersey,1,0,194,238,200,235,207,233,196,229,38.4,0.0,0.0,0,0,529.2,391.4,10.7,2367,63.3,3.9,20.7
cow865,3,Jersey,1,0,203,241,199,228,195,227,189,232,38.2,0.0,0.0,0,0,544.7,363.7,9.9,2992,41.7,4.4,19.4
cow865,4,Jersey,1,0,197,231,192,234,191,221,196,220,38.4,0.0,0.0,0,0,519.9,406.3,10.8,2416,68.2,4.8,21.0
cow865,5,Jersey,1,0,192,228,199,224,191,231,183,228,38.5,0.0,0.0,0,0,524.4,391.9,12.3,3203,32.0,5.2,17.0
cow865,6,Jersey,1,0,202,236,194,236,194,223,198,232,38.4,0.0,0.0,0,0,478.2,339.4,12.6,2554,33.0,4.7,19.3
cow866,1,Jersey,4,0,208,223,200,234,187,224,198,220,38.6,0.0,0.0,0,0,524.3,372.0,11.9,3065,32.8,5.0,22.0
cow866,2,Jersey,4,0,207,228,185,223,195,222,202,217,38.7,0.0,0.0,0,0,540.5,361.6,12.9,3128,252.0,3.6,21.1
cow866,3,Jersey,4,0,207,225,198,230,198,235,196,233,38.4,0.0,0.0,0,0,533.1,382.2,13.6,3030,105.1,5.3,18.9
cow866,4,Jersey,4,0,193,226,195,235,187,220,197,235,38.5,0.0,0.0,0,0,542.8,385.0,10.9,2747,119.9,2.5,18.8
cow866,5,Jersey,4,0,197,217,202,243,195,234,200,230,38.7,0.0,0.0,0,0,576.5,390.1,13.3,2916,80.1,5.7,19.1
cow866,6,Jersey,4,0,212,218,198,221,201,224,194,221,38.5,0.0,0.0,0,0,557.5,416.5,11.2,3472,112.7,5.6,20.8
cow867,1,Jersey,4,0,193,228,204,221,196,233,195,223,38.6,0.0,0.0,0,0,522.9,404.7,12.7,2830,179.0,5.1,20.8
cow867,2,Jersey,4,0,197,222,201,243,193,241,197,227,38.6,0.0,0.0,0,0,473.1,351.4,12.4,3009,105.3,6.3,19.9
cow867,3,Jersey,4,0,201,240,189,227,193,222,204,236,38.5,0.0,0.0,0,0,496.0,360.1,9.1,2777,246.7,3.1,21.2
cow867,4,Jersey,4,0,195,228,201,231,202,223,197,223,38.5,0.0,0.0,0,0,511.2,382.6,10.3,3408,77.4,5.1,20.4
cow867,5,Jersey,4,0,184,225,200,233,204,223,193,222,38.9,0.0,0.0,0,0,530.1,385.7,10.0,3031,120.1,4.6,20.5
cow867,6,Jersey,4,0,203,229,193,226,200,232,202,228,38.8,0.0,0.0,0,0,500.9,349.0,9.4,2694,129.2,4.7,21.0
cow868,1,Jersey,3,0,201,237,194,234,198,228,198,231,38.2,0.0,0.0,0,1,257.6,220.8,14.6,1303,941.4,7.1,9.1
cow868,2,Jersey,3,0,248,290,194,238,211,246,195,223,38.6,0.0,0.0,0,1,247.5,221.1,16.0,1204,2065.2,8.3,10.9
cow868,3,Jersey,3,0,265,307,195,227,202,227,200,225,39.1,1.0,1.0,1,1,229.0,219.8,13.2,1857,452.4,8.3,14.3
cow868,4,Jersey,3,0,273,321,198,236,203,226,193,228,38.9,1.0,1.0,0,1,285.6,249.5,14.5,1282,1797.0,7.4,12.2
cow868,5,Jersey,3,0,295,338,195,238,196,227,192,239,39.6,1.0,1.0,1,1,236.2,223.5,15.3,747,1593.3,7.9,8.0
cow868,6,Jersey,3,0,309,360,185,232,200,226,197,233,39.9,1.0,1.0,1,1,255.0,203.5,13.7,1499,1518.3,6.9,17.2
cow869,1,Jersey,2,0,204,230,194,235,199,229,193,239,38.4,0.0,0.0,0,0,504.2,382.5,11.5,3714,59.9,4.2,20.1
cow869,2,Jersey,2,0,193,232,191,236,199,233,191,235,38.3,0.0,0.0,0,0,466.6,348.0,11.2,3479,113.1,5.3,20.2
cow869,3,Jersey,2,0,190,236,203,236,191,225,192,228,38.8,0.0,0.0,1,0,535.2,435.1,12.1,2559,43.1,5.3,19.5
cow869,4,Jersey,2,0,215,226,196,233,192,234,187,220,38.4,0.0,0.0,0,0,549.6,390.8,12.5,2893,287.1,5.1,20.2
cow869,5,Jersey,2,0,200,229,198,229,193,235,206,240,38.6,0.0,0.0,0,0,498.0,372.6,12.1,2988,117.6,5.3,18.7
cow869,6,Jersey,2,0,213,234,196,221,198,231,195,230,38.4,0.0,0.0,0,0,502.5,420.4,12.0,2993,45.6,5.3,20.4
cow870,1,Jersey,2,0,201,233,211,214,215,222,205,236,38.3,0.0,0.0,0,0,541.5,396.4,11.4,3152,124.2,4.0,19.7
cow870,2,Jersey,2,0,193,234,197,220,196,230,201,224,38.7,0.0,0.0,0,0,491.4,361.6,9.6,2862,157.9,4.8,21.2
cow870,3,Jersey,2,0,206,232,194,229,199,233,205,234,38.7,1.0,0.0,0,0,488.7,343.4,12.6,2634,102.5,5.4,17.1
cow870,4,Jersey,2,0,199,223,203,230,205,225,191,229,38.3,0.0,0.0,0,0,567.9,436.2,10.0,3381,39.7,3.4,21.3
cow870,5,Jersey,2,0,201,229,194,233,194,233,193,223,38.5,0.0,0.0,0,0,555.4,380.4,12.2,2551,372.6,3.4,19.9
cow870,6,Jersey,2,0,194,228,205,222,192,224,191,220,,0.0,0.0,0,0,544.1,402.1,12.4,2679,123.5,3.3,20.0
cow871,1,Jersey,5,0,182,230,200,226,194,229,194,233,38.6,0.0,0.0,0,0,557.0,393.7,10.1,2548,33.6,3.1,18.8
cow871,2,Jersey,5,0,206,232,196,225,204,234,206,243,38.2,0.0,0.0,0,0,440.9,329.1,10.8,3245,91.8,3.7,23.4
cow871,3,Jersey,5,0,194,230,200,235,195,228,207,236,38.2,0.0,0.0,0,0,574.2,386.9,14.0,3043,68.2,4.1,20.8
cow871,4,Jersey,5,0,197,235,193,231,189,219,202,227,38.4,0.0,0.0,0,0,535.7,413.6,11.4,3353,79.8,5.7,21.0
cow871,5,Jersey,5,0,192,232,191,226,198,238,199,238,38.2,0.0,0.0,0,0,560.4,399.3,10.0,2686,34.8,4.2,19.3
cow871,6,Jersey,5,0,200,215,211,224,205,228,195,221,38.3,0.0,0.0,0,0,535.5,367.4,12.5,2499,82.5,3.3,17.6
cow872,1,Jersey,2,0,195,224,207,228,194,222,195,241,38.8,0.0,0.0,0,1,297.0,278.7,12.6,1122,1021.1,8.1,12.3
cow872,2,Jersey,2,0,202,232,200,236,193,227,198,223,38.5,0.0,0.0,1,1,284.0,239.3,11.2,1227,1505.4,7.8,9.3
cow872,3,Jersey,2,0,202,233,201,225,187,227,195,227,38.9,0.0,0.0,0,1,309.7,269.8,14.1,1384,2726.5,7.4,11.3
cow872,4,Jersey,2,0,227,260,199,228,195,229,207,221,39.3,0.0,1.0,0,1,282.5,262.7,12.4,627,1358.9,7.5,13.2
cow872,5,Jersey,2,0,229,262,191,233,200,219,200,238,39.6,1.0,1.0,1,1,329.7,284.4,13.9,1491,1578.9,8.9,11.5
cow872,6,Jersey,2,0,243,279,191,229,201,233,191,233,40.6,1.0,0.0,0,1,231.5,177.4,12.5,942,3864.4,6.9,10.2
cow873,1,Jersey,1,0,196,217,200,228,203,225,196,228,39.0,0.0,0.0,0,0,498.3,379.5,12.3,2741,43.0,3.2,16.5
cow873,2,Jersey,1,0,203,228,195,236,208,217,201,243,38.9,0.0,0.0,0,0,601.8,427.3,11.7,3469,50.8,4.9,17.9
cow873,3,Jersey,1,0,193,225,196,226,198,232,187,230,38.6,0.0,0.0,0,0,495.0,359.1,8.4,2127,33.4,4.0,21.1
cow873,4,Jersey,1,0,193,232,200,230,185,235,202,224,38.9,0.0,0.0,0,0,510.5,372.3,12.0,3129,45.0,5.7,20.9
cow873,5,Jersey,1,0,191,227,195,233,194,227,196,233,38.7,0.0,0.0,0,0,484.7,329.8,11.2,3127,86.8,4.4,18.5
cow873,6,Jersey,1,0,198,243,192,233,202,225,195,224,38.5,0.0,0.0,0,0,533.4,391.5,13.2,2672,123.5,4.4,18.8
cow874,1,Jersey,3,0,193,225,196,228,200,228,197,226,38.8,0.0,0.0,0,0,490.5,337.8,12.0,2821,45.5,5.1,18.7
cow874,2,Jersey,3,0,195,227,199,242,205,226,194,229,38.9,0.0,0.0,0,0,512.6,370.4,12.4,3488,121.0,3.2,18.4
cow874,3,Jersey,3,0,205,237,198,222,189,225,203,232,38.8,0.0,0.0,0,0,554.0,403.2,10.6,3785,85.4,4.8,20.8
cow874,4,Jersey,3,0,189,216,201,224,199,239,197,231,38.8,0.0,0.0,0,0,492.0,382.6,10.6,3426,30.6,4.2,20.5
cow874,5,Jersey,3,0,203,224,197,235,207,235,196,221,38.8,0.0,0.0,0,0,551.5,384.2,11.5,3754,89.6,5.3,16.9
cow874,6,Jersey,3,0,190,235,190,234,203,231,204,227,38.9,0.0,0.0,0,0,552.9,425.9,11.1,2723,181.3,4.0,21.0
cow875,1,Jersey,4,0,194,235,196,232,196,230,193,233,38.4,0.0,0.0,0,0,562.2,422.4,13.1,2368,21.5,4.6,23.5
cow875,2,Jersey,4,0,196,234,196,237,201,222,203,218,38.6,0.0,0.0,0,0,525.6,375.6,11.3,2979,317.4,4.2,18.9
cow875,3,Jersey,4,0,197,226,203,239,192,218,203,231,38.5,0.0,0.0,0,0,649.7,437.8,10.0,3322,52.1,4.8,19.9
cow875,4,Jersey,4,0,195,231,196,223,202,232,208,224,38.6,0.0,0.0,0,0,562.2,379.3,10.5,2258,25.4,4.3,21.1
cow875,5,Jersey,4,0,205,233,201,228,196,232,196,238,38.4,0.0,0.0,0,0,533.0,392.7,12.7,2629,87.4,4.7,20.4
cow875,6,Jersey,4,0,202,221,200,227,195,241,202,234,38.1,0.0,0.0,0,0,485.0,345.7,11.3,2674,141.0,5.9,20.4
cow876,1,Jersey,5,0,196,231,200,233,193,227,191,223,38.5,0.0,0.0,0,0,516.1,399.3,11.2,3143,65.4,4.3,19.1
cow876,2,Jersey,5,0,191,231,191,223,192,237,194,229,38.4,0.0,0.0,0,0,577.1,402.0,12.8,3091,98.5,4.8,18.9
cow876,3,Jersey,5,0,202,229,193,226,188,223,203,240,38.3,0.0,0.0,0,0,588.4,404.8,10.4,2690,343.5,6.3,17.6
cow876,4,Jersey,5,0,201,228,208,231,193,229,202,221,38.3,0.0,0.0,0,0,579.1,419.7,8.8,3072,91.6,4.8,19.3
cow876,5,Jersey,5,0,204,223,200,232,207,227,188,234,38.2,0.0,0.0,0,0,551.4,386.5,10.5,2542,623.4,2.6,19.9
cow876,6,Jersey,5,0,184,227,198,228,187,231,193,227,38.5,0.0,0.0,0,0,469.8,350.0,11.8,2829,190.3,4.0,20.2
cow877,1,Jersey,2,0,203,230,199,230,202,221,198,220,38.4,0.0,0.0,0,1,314.5,284.4,13.2,794,2079.9,7.0,14.1
cow877,2,Jersey,2,0,198,229,192,230,191,231,198,219,38.6,0.0,0.0,0,1,245.3,227.3,11.6,1240,2523.7,8.7,13.4
cow877,3,Jersey,2,0,202,227,187,238,199,225,190,233,38.6,0.0,0.0,0,1,235.5,221.5,14.7,980,1542.4,7.9,15.6
cow877,4,Jersey,2,0,269,233,199,222,191,223,208,238,39.1,0.0,0.0,0,1,304.6,264.4,13.7,1576,2439.8,8.9,14.2
cow877,5,Jersey,2,0,288,227,194,222,197,233,193,230,39.5,1.0,0.0,0,1,315.9,237.1,14.0,1290,3137.2,8.5,13.7
cow877,6,Jersey,2,0,314,220,193,218,193,233,199,233,39.8,0.0,1.0,0,1,331.1,283.7,14.0,1209,1440.6,8.5,16.3
cow878,1,Jersey,5,0,195,224,215,214,195,238,191,223,38.2,0.0,0.0,0,0,539.9,394.8,9.9,3707,30.6,3.5,19.8
cow878,2,Jersey,5,0,201,229,200,232,199,224,198,232,38.3,0.0,0.0,0,0,541.3,408.8,11.9,3153,197.9,4.9,19.1
cow878,3,Jersey,5,0,199,234,195,232,200,233,205,233,38.2,0.0,0.0,0,0,480.6,367.3,12.6,2853,155.6,5.6,19.3
cow878,4,Jersey,5,0,196,233,197,229,199,240,192,226,38.2,0.0,0.0,0,0,515.8,373.8,12.9,2767,29.8,3.3,18.4
cow878,5,Jersey,5,0,196,234,199,231,199,225,198,239,37.9,0.0,0.0,0,0,459.7,362.4,12.4,2528,89.4,4.2,21.7
cow878,6,Jersey,5,0,204,230,199,231,199,225,196,219,38.4,0.0,0.0,0,0,439.9,326.7,12.1,2974,161.5,4.8,18.4
cow879,1,Jersey,2,0,195,236,209,229,185,230,211,229,38.4,0.0,0.0,0,0,549.6,402.2,9.4,3123,150.4,4.6,20.5
cow879,2,Jersey,2,0,204,237,201,234,196,229,201,215,38.3,0.0,0.0,0,0,489.9,356.3,11.5,2234,49.2,5.6,20.7
cow879,3,Jersey,2,0,193,227,194,221,189,223,199,216,38.1,0.0,0.0,0,0,554.9,409.3,10.4,2454,156.5,5.1,20.2
cow879,4,Jersey,2,0,198,234,204,221,183,227,194,229,38.4,0.0,0.0,0,0,564.3,399.8,13.0,2794,80.3,4.8,20.2
cow879,5,Jersey,2,0,200,233,188,221,193,237,204,231,38.1,0.0,0.0,0,0,495.2,394.8,12.9,2561,103.9,5.2,20.2
cow879,6,Jersey,2,0,201,234,189,230,197,229,206,229,38.0,0.0,0.0,0,0,543.6,430.5,10.4,3017,42.1,5.1,21.0
cow880,1,Jersey,1,0,192,230,194,226,202,231,196,235,38.4,0.0,0.0,0,0,493.6,379.9,11.4,3073,5.0,4.5,19.9
cow880,2,Jersey,1,0,201,231,190,234,196,235,211,232,38.7,0.0,0.0,0,0,446.2,363.4,11.8,2951,46.4,4.2,19.1
cow880,3,Jersey,1,0,188,227,199,221,198,231,204,221,38.3,0.0,0.0,0,0,524.9,355.3,12.6,3220,115.1,5.3,21.5
cow880,4,Jersey,1,0,200,231,196,231,190,238,200,226,38.8,0.0,0.0,0,0,501.2,343.1,9.5,2766,68.9,3.9,19.2
cow880,5,Jersey,1,0,194,226,191,225,197,224,195,232,38.4,0.0,0.0,0,0,502.4,363.6,8.8,2982,124.5,4.4,21.6
cow880,6,Jersey,1,0,192,226,196,231,208,229,192,244,38.6,0.0,0.0,0,0,599.0,428.2,11.5,2599,170.5,3.6,17.4
cow881,1,Jersey,1,0,196,231,190,231,203,242,192,230,38.6,0.0,0.0,0,0,459.0,339.8,8.5,3114,63.2,5.1,20.0
cow881,2,Jersey,1,0,205,237,202,227,190,226,201,239,38.7,0.0,0.0,0,0,535.3,359.6,11.7,3030,59.1,5.5,18.2
cow881,3,Jersey,1,0,183,229,193,232,191,225,202,239,38.8,0.0,0.0,0,0,480.2,376.9,12.2,2521,17.5,3.8,18.0
cow881,4,Jersey,1,0,202,234,198,235,198,233,192,232,38.8,0.0,0.0,0,0,556.3,440.6,13.0,2938,27.3,4.4,19.6
cow881,5,Jersey,1,0,196,227,210,225,208,228,199,236,38.7,0.0,0.0,0,0,531.9,410.2,10.8,2985,31.5,4.1,19.4
cow881,6,Jersey,1,0,201,231,199,231,198,228,206,223,38.6,0.0,0.0,0,0,535.2,408.6,11.7,3112,116.7,5.4,19.2
cow882,1,Jersey,6,0,201,237,196,236,193,229,198,222,38.5,0.0,0.0,0,1,257.2,236.4,14.3,1427,1541.0,9.1,13.6
cow882,2,Jersey,6,0,192,223,203,217,195,229,196,232,38.4,0.0,0.0,0,1,264.4,221.5,12.1,1012,1297.2,7.6,11.6
cow882,3,Jersey,6,0,196,232,202,232,189,225,195,234,38.4,0.0,0.0,0,1,332.1,278.6,14.6,1605,1182.9,5.5,11.0
cow882,4,Jersey,6,0,192,209,193,234,210,224,206,227,39.5,1.0,0.0,0,1,365.8,335.4,13.8,1509,1065.0,8.9,12.8
cow882,5,Jersey,6,0,202,198,192,244,200,230,201,222,40.0,0.0,0.0,1,1,314.2,260.2,12.8,1010,4199.6,8.0,13.1
cow882,6,Jersey,6,0,192,182,198,231,202,220,197,228,40.8,1.0,1.0,1,1,259.1,225.3,13.7,843,2151.2,8.0,9.2
cow883,1,Jersey,6,0,201,231,193,230,197,239,194,230,38.5,0.0,0.0,0,0,533.6,408.1,11.3,2741,157.5,5.3,21.1
cow883,2,Jersey,6,0,200,221,205,228,207,238,196,230,38.2,0.0,0.0,0,0,617.1,459.4,12.4,2411,17.5,4.2,21.6
cow883,3,Jersey,6,0,199,233,189,228,202,230,222,231,38.3,0.0,0.0,0,0,524.1,367.2,11.1,3083,114.8,4.0,19.5
cow883,4,Jersey,6,0,194,227,209,233,206,231,200,225,38.4,0.0,0.0,0,0,578.5,410.4,11.8,3473,56.9,4.2,20.7
cow883,5,Jersey,6,0,203,223,201,229,188,221,190,228,38.9,0.0,0.0,0,0,490.4,353.2,10.8,3569,65.4,4.9,19.7
cow883,6,Jersey,6,0,204,230,206,227,200,226,200,234,38.5,0.0,0.0,0,0,518.3,380.2,10.4,2564,202.2,5.2,21.2
cow884,1,Jersey,5,0,198,235,197,231,194,221,195,238,38.4,0.0,0.0,0,0,544.8,414.7,11.7,3315,60.7,5.8,20.4
cow884,2,Jersey,5,0,199,231,190,233,201,233,196,225,38.7,0.0,0.0,0,0,535.9,375.1,10.4,3034,111.6,4.8,20.5
cow884,3,Jersey,5,0,204,221,198,227,200,229,197,232,38.6,0.0,0.0,0,0,489.3,381.2,12.5,2042,39.3,4.4,22.1
cow884,4,Jersey,5,0,196,224,195,231,211,234,202,214,38.5,0.0,0.0,0,0,487.6,362.4,12.2,2867,81.4,5.2,19.5
cow884,5,Jersey,5,0,200,239,199,240,197,229,195,223,38.5,0.0,0.0,0,0,559.5,445.6,10.6,2823,26.5,3.7,18.7
cow884,6,Jersey,5,0,201,226,197,225,195,232,195,236,38.4,0.0,0.0,0,0,567.7,414.3,11.8,3484,76.3,5.6,19.1
cow885,1,Jersey,2,0,203,229,203,225,191,234,201,236,39.1,0.0,0.0,0,0,580.5,414.5,10.6,2652,103.7,4.7,24.4
cow885,2,Jersey,2,0,198,221,198,233,196,232,195,227,38.6,0.0,0.0,0,0,592.2,433.6,9.6,3225,170.6,4.3,22.4
cow885,3,Jersey,2,0,191,227,195,234,202,232,193,221,38.7,0.0,0.0,0,0,525.4,377.2,10.8,2957,45.1,3.7,19.7
cow885,4,Jersey,2,0,194,231,192,241,197,225,203,227,38.7,0.0,0.0,0,0,507.6,340.2,11.4,2422,55.1,5.0,18.7
cow885,5,Jersey,2,0,199,234,197,220,195,217,210,225,38.9,0.0,0.0,0,0,574.0,408.1,12.1,2779,50.9,4.3,19.4
cow885,6,Jersey,2,0,202,218,193,220,196,222,197,226,39.1,0.0,0.0,0,0,548.5,392.5,11.7,3613,66.6,4.4,20.6
cow886,1,Jersey,4,0,185,231,197,232,209,238,198,223,38.6,0.0,0.0,0,1,255.7,202.8,14.6,1231,917.6,6.7,13.1
cow886,2,Jersey,4,0,190,257,252,226,196,227,192,225,38.8,1.0,1.0,1,1,253.7,228.9,12.3,1662,350.7,7.7,9.9
cow886,3,Jersey,4,0,189,265,268,234,207,228,199,233,39.2,1.0,1.0,1,1,314.7,229.6,13.0,1640,861.1,7.5,15.5
cow886,4,Jersey,4,0,203,263,281,228,192,221,199,215,39.5,1.0,0.0,1,1,287.9,244.5,15.5,1121,1918.1,8.3,12.1
cow886,5,Jersey,4,0,200,273,291,228,195,233,196,226,39.6,1.0,0.0,1,1,293.9,258.8,11.2,787,1770.8,7.8,13.3
cow886,6,Jersey,4,0,197,278,304,227,190,231,199,227,39.9,1.0,1.0,1,1,337.9,282.5,13.0,839,3113.4,5.9,12.3
cow887,1,Jersey,3,0,194,233,201,231,203,222,197,231,38.3,0.0,0.0,0,0,550.4,390.8,10.2,3581,142.1,4.2,19.6
cow887,2,Jersey,3,0,196,215,205,229,196,217,204,234,38.3,0.0,0.0,0,0,573.2,410.4,11.3,3061,58.2,3.3,19.9
cow887,3,Jersey,3,0,212,225,198,220,202,221,183,227,38.3,0.0,0.0,0,0,442.7,319.5,11.0,2306,26.6,3.7,19.7
cow887,4,Jersey,3,0,195,229,202,226,190,225,202,233,38.4,0.0,0.0,0,0,530.1,386.3,12.2,3334,104.9,5.3,20.3
cow887,5,Jersey,3,0,191,230,199,211,188,234,206,224,38.3,0.0,0.0,0,0,547.8,397.7,11.8,2285,78.9,3.1,23.0
cow887,6,Jersey,3,0,205,227,200,221,193,235,192,224,38.2,0.0,0.0,0,0,458.9,327.2,9.9,2670,66.4,4.7,19.6
cow888,1,Jersey,1,0,189,235,198,223,198,234,201,229,38.7,0.0,0.0,0,0,493.8,369.1,10.8,3033,184.6,4.1,20.4
cow888,2,Jersey,1,0,182,239,204,234,194,228,209,234,38.8,0.0,0.0,0,0,486.4,364.5,11.5,4008,108.4,3.9,19.0
cow888,3,Jersey,1,0,198,231,201,231,202,233,211,226,38.8,0.0,0.0,0,0,520.9,377.5,12.4,3326,86.5,3.7,19.7
cow888,4,Jersey,1,0,201,232,198,225,193,234,202,228,38.6,0.0,0.0,0,0,585.1,462.6,14.4,2807,89.0,4.8,23.8
cow888,5,Jersey,1,0,200,222,205,228,192,220,195,236,38.9,0.0,0.0,0,0,600.9,426.0,12.3,3011,142.9,4.8,19.0
cow888,6,Jersey,1,0,202,228,197,235,178,228,205,224,38.7,0.0,0.0,0,0,487.4,355.4,10.3,3368,49.3,3.1,22.7
cow889,1,Jersey,4,0,198,233,197,238,203,228,197,227,38.6,0.0,0.0,0,0,541.1,385.0,11.4,3569,43.2,5.4,18.8
cow889,2,Jersey,4,0,207,228,192,232,204,226,190,225,38.1,0.0,0.0,0,0,542.4,375.9,11.7,2901,67.6,3.6,19.7
cow889,3,Jersey,4,0,194,224,202,232,197,231,195,218,38.7,0.0,0.0,0,0,535.5,401.6,10.9,2913,35.2,4.8,19.4
cow889,4,Jersey,4,0,199,233,189,233,197,230,189,229,38.6,0.0,0.0,0,0,536.0,377.2,12.1,2668,77.0,3.6,21.1
cow889,5,Jersey,4,0,197,225,195,231,192,235,189,232,38.7,0.0,0.0,0,0,532.1,377.1,8.8,3266,84.9,4.1,20.4
cow889,6,Jersey,4,0,200,236,190,230,200,227,201,244,,0.0,0.0,0,0,587.5,410.8,12.2,3410,75.7,3.5,21.8
cow890,1,Jersey,1,0,191,233,213,229,192,235,191,224,38.7,0.0,0.0,0,1,339.1,263.7,12.9,525,1491.1,7.6,5.8
cow890,2,Jersey,1,0,193,227,199,217,187,232,202,227,38.8,0.0,0.0,0,1,252.6,198.0,13.4,1141,7560.6,7.8,11.1
cow890,3,Jersey,1,0,198,225,197,228,192,222,201,233,38.8,0.0,0.0,0,1,326.8,265.8,15.3,815,4258.3,7.1,17.0
cow890,4,Jersey,1,0,194,229,202,223,198,228,199,221,38.7,0.0,0.0,0,1,330.7,292.1,12.0,1360,1845.0,8.3,9.5
cow890,5,Jersey,1,0,208,226,172,223,200,219,189,240,39.3,1.0,0.0,0,1,307.6,266.1,13.8,805,2150.6,8.4,15.0
cow890,6,Jersey,1,0,196,229,159,232,191,222,203,224,39.9,1.0,0.0,0,1,340.3,310.2,14.5,772,6049.5,10.2,12.7
cow891,1,Jersey,4,0,209,232,198,228,205,228,202,236,38.1,0.0,0.0,0,0,527.5,398.0,11.7,3449,53.0,5.2,20.6
cow891,2,Jersey,4,0,195,233,202,241,199,223,198,229,38.4,0.0,0.0,0,0,528.0,394.2,9.6,2934,40.8,5.4,19.5
cow891,3,Jersey,4,0,203,222,192,228,205,222,204,220,38.0,0.0,0.0,0,0,524.8,416.8,13.1,2976,92.9,3.1,20.9
cow891,4,Jersey,4,0,195,239,196,232,198,231,202,227,38.1,0.0,0.0,0,0,439.3,329.8,11.2,3173,105.7,2.9,21.6
cow891,5,Jersey,4,0,204,227,194,222,200,224,194,232,38.2,0.0,0.0,0,0,516.8,379.2,10.9,3388,111.3,4.3,18.5
cow891,6,Jersey,4,0,193,229,192,224,193,231,192,230,38.2,0.0,0.0,0,0,493.3,363.8,11.1,2833,140.7,5.9,20.2
cow892,1,Jersey,2,0,193,223,190,238,198,220,197,231,38.5,0.0,0.0,0,0,472.5,379.3,11.0,2841,47.9,6.5,20.7
cow892,2,Jersey,2,0,189,222,208,227,208,234,190,226,38.7,0.0,0.0,0,0,577.4,414.5,10.1,2843,30.0,3.9,22.3
cow892,3,Jersey,2,0,196,233,188,229,207,228,197,235,38.6,0.0,0.0,0,0,540.2,380.4,11.7,3433,53.0,4.0,20.4
cow892,4,Jersey,2,0,186,245,207,238,194,240,206,222,38.3,0.0,0.0,0,0,518.8,389.9,10.8,2973,118.7,4.9,21.2
cow892,5,Jersey,2,0,194,243,195,235,193,227,191,234,38.2,0.0,0.0,0,0,497.4,351.8,12.3,2884,42.0,4.3,19.6
cow892,6,Jersey,2,0,194,233,193,230,194,231,195,228,38.5,0.0,0.0,0,0,531.8,396.7,12.1,3156,20.9,4.4,19.5
cow893,1,Jersey,2,0,209,224,200,240,192,243,191,226,38.6,0.0,0.0,0,0,559.7,411.2,13.5,3733,87.8,5.0,20.5
cow893,2,Jersey,2,0,195,230,196,224,209,230,191,220,38.5,0.0,0.0,0,0,486.9,356.7,11.2,3030,53.7,6.7,22.3
cow893,3,Jersey,2,0,204,223,199,231,193,218,199,227,38.5,0.0,0.0,0,0,519.8,390.1,10.5,2892,24.1,5.5,18.2
cow893,4,Jersey,2,0,188,237,205,234,208,225,198,224,38.4,0.0,0.0,0,0,554.7,374.1,9.7,3777,83.6,6.0,17.7
cow893,5,Jersey,2,0,202,232,206,226,207,240,198,218,39.0,0.0,0.0,0,0,442.6,336.5,14.1,3532,60.8,3.0,20.4
cow893,6,Jersey,2,0,198,227,195,222,205,228,203,232,38.8,0.0,0.0,0,0,517.7,370.3,12.3,3474,252.8,5.4,19.9
cow894,1,Jersey,2,0,194,218,207,230,197,235,194,232,,0.0,0.0,0,0,502.8,421.2,10.7,2800,84.5,3.7,23.3
cow894,2,Jersey,2,0,207,229,207,239,212,233,195,229,38.4,0.0,0.0,0,0,514.6,379.6,13.5,2760,119.1,5.8,19.8
cow894,3,Jersey,2,0,190,229,207,230,198,235,192,236,38.7,0.0,0.0,0,0,499.9,357.2,13.1,2266,78.5,5.6,21.5
cow894,4,Jersey,2,0,194,228,201,219,194,231,203,232,38.5,0.0,0.0,0,0,525.5,358.5,9.9,3386,52.6,5.0,19.1
cow894,5,Jersey,2,0,190,236,203,227,200,223,204,220,38.6,0.0,0.0,0,0,596.9,449.7,10.6,3031,56.7,3.9,20.6
cow894,6,Jersey,2,0,206,226,193,237,197,238,198,227,38.5,0.0,0.0,0,0,507.0,365.9,11.3,2280,167.6,4.1,20.0
cow895,1,Jersey,1,0,202,226,203,227,209,224,192,222,38.7,0.0,0.0,0,0,531.7,372.8,10.2,3481,133.1,4.2,21.3
cow895,2,Jersey,1,0,194,228,202,230,192,219,202,239,38.6,0.0,0.0,0,0,599.8,433.9,11.4,2865,28.4,5.1,19.8
cow895,3,Jersey,1,0,189,226,193,228,195,234,204,226,38.5,0.0,0.0,0,0,498.0,378.5,12.4,2914,33.5,4.8,19.0
cow895,4,Jersey,1,0,190,235,195,239,187,230,199,228,38.5,0.0,0.0,0,0,592.6,435.0,9.9,2395,34.8,5.6,21.4
cow895,5,Jersey,1,0,196,228,196,227,186,233,197,229,38.7,0.0,0.0,0,0,520.2,380.5,11.9,3197,165.2,5.8,19.3
cow895,6,Jersey,1,0,190,231,184,232,193,236,197,233,38.7,0.0,0.0,0,0,591.3,425.6,12.9,3201,24.0,3.8,19.9
cow896,1,Jersey,2,0,192,231,195,234,191,223,197,218,38.8,0.0,0.0,0,0,550.0,402.2,12.0,2981,136.8,4.9,19.7
cow896,2,Jersey,2,0,185,239,212,225,199,234,189,230,38.8,0.0,0.0,0,0,532.3,393.4,11.4,2833,104.6,4.9,19.9
cow896,3,Jersey,2,0,206,239,200,226,196,237,195,234,38.7,0.0,0.0,0,0,517.4,386.1,10.7,4051,87.9,4.4,21.0
cow896,4,Jersey,2,0,205,227,194,231,200,233,199,224,38.8,0.0,0.0,0,0,495.0,384.7,12.5,2519,57.3,5.3,19.1
cow896,5,Jersey,2,0,195,230,194,235,202,228,200,227,38.7,0.0,0.0,0,0,523.0,382.8,10.1,2711,180.5,4.9,21.9
cow896,6,Jersey,2,0,205,230,191,225,207,232,199,237,38.9,0.0,0.0,0,0,555.9,386.8,11.8,3283,85.9,4.0,22.3
cow897,1,Jersey,5,0,199,243,204,231,203,229,199,233,,,,0,0,519.5,377.1,11.5,2594,29.3,4.4,21.6
cow897,2,Jersey,5,0,191,235,197,232,201,223,194,225,38.4,0.0,0.0,0,0,507.3,386.0,12.9,2565,34.4,4.2,20.0
cow897,3,Jersey,5,0,203,234,204,239,189,225,197,227,38.6,0.0,0.0,0,0,510.0,341.8,10.8,3453,25.5,3.9,17.2
cow897,4,Jersey,5,0,190,240,198,230,198,229,201,229,38.6,0.0,0.0,0,0,559.7,371.8,10.9,3242,182.0,4.4,19.7
cow897,5,Jersey,5,0,190,228,209,236,198,222,205,225,38.1,0.0,0.0,0,0,569.0,425.9,10.0,3194,212.5,3.5,21.4
cow897,6,Jersey,5,0,194,236,194,231,191,224,193,228,38.7,0.0,0.0,0,0,493.3,391.4,12.0,3073,168.2,4.9,22.0
cow898,1,Jersey,6,0,205,230,209,232,186,214,192,232,38.5,0.0,0.0,0,0,493.3,341.2,11.0,2723,72.0,5.6,19.0
cow898,2,Jersey,6,0,198,225,198,227,198,228,195,234,38.2,0.0,0.0,0,0,535.2,390.9,10.5,2899,29.7,4.5,21.5
cow898,3,Jersey,6,0,196,227,200,224,208,222,191,230,38.5,0.0,0.0,0,0,581.1,409.5,10.6,2968,38.4,5.3,20.2
cow898,4,Jersey,6,0,191,226,198,222,206,228,204,228,38.3,0.0,0.0,0,0,565.8,402.8,12.1,3338,40.1,4.6,17.3
cow898,5,Jersey,6,0,195,235,202,235,196,229,199,238,38.4,0.0,0.0,0,0,469.9,355.5,10.2,3170,77.0,3.7,19.4
cow898,6,Jersey,6,0,179,235,202,241,200,226,198,227,38.5,0.0,0.0,0,0,509.4,350.4,10.3,2629,207.1,6.1,18.5
cow899,1,Jersey,1,0,207,225,205,238,200,235,193,234,38.5,0.0,0.0,0,0,482.8,337.7,12.6,3316,206.6,2.6,19.5
cow899,2,Jersey,1,0,200,224,197,222,201,219,196,231,38.6,0.0,0.0,0,0,509.3,368.2,11.3,2329,56.7,4.5,20.4
cow899,3,Jersey,1,0,199,234,197,236,197,229,206,232,38.5,0.0,0.0,0,0,584.2,415.9,12.6,2872,16.9,3.9,20.7
cow899,4,Jersey,1,0,195,238,204,231,204,231,199,226,38.7,0.0,0.0,0,0,463.1,325.6,11.1,2543,35.5,5.8,19.3
cow899,5,Jersey,1,0,200,218,203,225,184,222,204,229,38.4,0.0,0.0,0,0,455.2,355.4,11.5,2657,180.5,4.7,19.3
cow899,6,Jersey,1,0,206,230,203,226,207,233,199,226,38.3,0.0,0.0,0,0,486.9,352.6,11.7,3771,93.2,6.5,21.1
cow900,1,Jersey,1,0,191,226,199,223,203,227,188,215,38.5,0.0,0.0,0,0,531.5,379.3,13.2,2412,62.1,4.5,19.1
cow900,2,Jersey,1,0,196,230,205,223,190,231,192,227,38.6,0.0,0.0,0,0,544.8,400.0,13.1,2672,59.2,3.9,20.3
cow900,3,Jersey,1,0,197,229,194,237,208,220,189,225,38.6,0.0,0.0,0,0,537.5,388.2,12.9,3204,47.3,3.1,19.8
cow900,4,Jersey,1,0,206,229,202,228,208,234,200,221,38.6,0.0,0.0,0,0,567.0,423.3,10.7,2812,34.6,5.4,20.0
cow900,5,Jersey,1,0,194,225,208,229,191,238,206,227,38.7,0.0,0.0,0,0,449.5,320.9,10.3,3062,332.4,3.8,18.2
cow900,6,Jersey,1,0,201,233,199,243,194,223,196,236,38.7,0.0,0.0,0,0,567.5,383.4,12.4,3572,260.3,4.2,19.8
cow901,1,Jersey,6,0,194,227,194,230,200,232,205,222,38.8,0.0,0.0,0,1,282.5,241.9,15.2,1562,1028.8,9.0,12.2
cow901,2,Jersey,6,0,201,228,190,224,196,229,188,233,38.6,0.0,0.0,0,1,324.3,273.6,14.9,1113,485.5,8.8,9.8
cow901,3,Jersey,6,0,195,230,193,229,192,225,197,231,38.6,0.0,0.0,0,1,242.1,200.9,13.5,1247,2286.4,7.5,10.9
cow901,4,Jersey,6,0,254,230,192,234,215,225,185,225,39.3,1.0,0.0,0,1,295.2,230.1,14.4,1512,1771.7,7.6,14.5
cow901,5,Jersey,6,0,282,230,191,231,206,227,195,220,40.1,1.0,0.0,1,1,304.5,264.0,14.4,1554,3310.2,6.6,10.9
cow901,6,Jersey,6,0,305,232,191,238,201,227,201,234,40.4,1.0,1.0,1,1,341.2,269.1,13.7,1308,3972.9,6.4,9.3
cow902,1,Jersey,5,0,197,224,193,225,203,245,196,236,38.6,0.0,0.0,0,0,456.6,315.8,11.7,3144,35.4,5.1,21.5
cow902,2,Jersey,5,0,195,242,208,228,205,234,193,227,38.4,0.0,0.0,0,0,521.2,398.1,11.6,3145,192.3,5.2,19.2
cow902,3,Jersey,5,0,204,229,201,237,191,229,200,234,38.3,0.0,0.0,0,0,476.6,342.6,10.6,2963,62.2,4.8,21.0
cow902,4,Jersey,5,0,205,228,193,235,200,233,202,234,38.3,0.0,0.0,0,0,540.2,412.8,10.7,2758,120.9,4.6,17.9
cow902,5,Jersey,5,0,187,223,190,240,185,228,192,229,38.8,0.0,0.0,0,0,551.1,399.2,10.7,3297,66.3,3.9,19.7
cow902,6,Jersey,5,0,195,226,195,224,196,227,200,236,38.2,0.0,0.0,0,0,571.5,416.2,9.6,3117,150.2,5.7,20.8
cow903,1,Jersey,1,0,191,231,201,235,208,222,202,230,38.2,0.0,0.0,0,0,498.6,363.4,11.7,2168,15.5,3.1,18.7
cow903,2,Jersey,1,0,188,220,194,230,195,230,199,233,38.3,0.0,0.0,0,0,557.1,354.5,11.5,2670,132.3,4.1,21.5
cow903,3,Jersey,1,0,204,223,193,235,195,231,197,228,38.0,0.0,0.0,0,0,574.4,392.2,12.4,2808,44.7,4.6,18.4
cow903,4,Jersey,1,0,195,229,196,228,205,233,198,219,38.1,0.0,0.0,0,0,454.3,338.3,13.0,2920,83.6,4.5,20.8
cow903,5,Jersey,1,0,195,223,210,228,201,227,194,226,38.4,0.0,0.0,0,0,544.5,401.3,13.1,3482,187.7,4.5,22.4
cow903,6,Jersey,1,0,190,232,203,234,202,225,201,235,38.1,0.0,0.0,0,0,558.3,370.8,13.2,4281,45.6,4.1,21.7
cow904,1,Jersey,5,0,202,227,216,224,207,230,201,222,38.7,0.0,0.0,0,0,509.7,372.8,10.6,2016,40.9,4.9,16.9
cow904,2,Jersey,5,0,192,232,194,228,202,227,193,221,38.8,0.0,0.0,0,0,471.6,330.7,9.8,3122,61.4,3.5,23.7
cow904,3,Jersey,5,0,198,221,200,224,204,229,198,220,39.1,0.0,0.0,0,0,557.7,406.9,12.6,3028,58.8,4.4,18.4
cow904,4,Jersey,5,0,191,224,191,232,196,222,199,230,38.8,0.0,0.0,0,0,472.0,350.9,13.2,2928,38.5,4.8,23.2
cow904,5,Jersey,5,0,199,230,199,236,196,228,198,233,38.7,0.0,0.0,0,0,512.9,389.1,13.4,3217,85.5,4.2,18.8
cow904,6,Jersey,5,0,205,231,194,233,190,230,212,223,38.7,0.0,0.0,0,0,518.4,398.2,12.1,3060,88.6,4.5,19.0
cow905,1,Jersey,1,0,191,228,200,234,197,225,199,227,38.7,0.0,0.0,0,0,548.6,405.4,9.1,2855,109.4,4.7,19.7
cow905,2,Jersey,1,0,194,230,192,232,202,223,206,230,38.5,0.0,0.0,0,0,494.9,380.4,11.9,3012,45.1,3.1,19.9
cow905,3,Jersey,1,0,202,228,195,220,197,234,198,234,38.9,0.0,0.0,0,0,492.6,357.3,12.2,3223,41.4,3.2,20.3
cow905,4,Jersey,1,0,194,231,199,235,195,237,195,218,38.4,0.0,0.0,0,0,524.0,433.2,13.0,3185,73.2,4.6,20.7
cow905,5,Jersey,1,0,194,235,194,229,197,223,201,227,38.7,0.0,0.0,0,0,560.3,382.2,13.2,3075,67.1,4.0,20.1
cow905,6,Jersey,1,0,183,221,199,240,197,216,198,227,,0.0,0.0,0,0,611.5,425.4,12.6,2767,68.0,4.1,22.4
cow906,1,Jersey,4,0,201,233,201,217,196,226,206,233,38.6,0.0,0.0,0,0,459.7,360.0,10.8,4128,48.7,5.0,20.3
cow906,2,Jersey,4,0,195,223,187,227,195,228,202,232,38.3,0.0,0.0,0,0,532.6,401.1,10.3,3144,99.8,3.7,20.4
cow906,3,Jersey,4,0,199,229,197,223,191,226,184,228,38.6,0.0,0.0,0,0,476.5,362.7,12.1,3305,41.4,2.6,18.7
cow906,4,Jersey,4,0,198,229,197,233,207,223,207,226,38.7,0.0,0.0,0,0,560.8,416.6,10.5,2797,73.0,5.8,20.3
cow906,5,Jersey,4,0,213,237,203,235,193,228,216,229,38.7,0.0,0.0,0,0,482.5,320.0,13.3,3076,64.3,5.5,19.3
cow906,6,Jersey,4,0,196,237,195,234,203,229,205,236,38.6,0.0,0.0,0,0,493.0,392.4,9.5,3073,77.6,5.5,19.0
cow907,1,Jersey,6,0,206,228,196,225,196,236,197,226,38.6,0.0,0.0,0,1,271.4,237.2,14.2,535,5186.1,7.1,15.6
cow907,2,Jersey,6,0,200,232,199,222,193,223,193,225,38.9,0.0,0.0,0,1,292.0,275.6,13.9,1013,691.7,7.9,14.6
cow907,3,Jersey,6,0,202,220,196,226,197,232,198,234,38.5,0.0,0.0,0,1,307.9,226.2,13.3,1006,290.4,7.0,15.1
cow907,4,Jersey,6,0,200,209,201,236,194,244,219,236,39.2,1.0,0.0,1,1,314.3,271.2,12.4,1060,1236.0,8.0,13.9
cow907,5,Jersey,6,0,207,189,194,226,200,224,208,234,39.5,0.0,1.0,1,1,294.8,244.7,11.0,872,788.9,7.7,8.4
cow907,6,Jersey,6,0,206,178,206,237,202,234,195,223,40.1,1.0,1.0,0,1,241.8,233.4,12.9,1318,176.0,7.1,15.7
cow908,1,Jersey,2,0,202,223,203,224,200,234,201,234,38.7,0.0,0.0,0,0,549.1,403.2,10.9,3559,265.4,4.9,18.3
cow908,2,Jersey,2,0,200,234,198,224,200,224,197,225,38.7,0.0,0.0,0,0,517.9,385.3,12.8,3052,116.9,4.3,19.1
cow908,3,Jersey,2,0,193,234,194,233,196,231,206,229,38.7,0.0,0.0,0,0,566.5,388.8,10.6,2527,125.9,5.9,19.9
cow908,4,Jersey,2,0,194,226,196,226,201,233,194,226,38.7,0.0,0.0,0,0,491.7,362.0,12.0,2588,65.2,4.6,21.4
cow908,5,Jersey,2,0,197,237,202,228,198,236,200,235,38.6,0.0,0.0,0,0,455.9,338.3,9.9,2849,106.2,2.5,22.5
cow908,6,Jersey,2,0,206,232,203,223,202,226,193,233,38.9,0.0,0.0,0,0,518.6,388.1,12.1,2434,59.3,3.1,22.6
cow909,1,Jersey,5,0,208,226,188,228,205,224,194,233,37.5,0.0,0.0,0,0,571.8,428.9,8.8,3122,139.4,6.2,18.5
cow909,2,Jersey,5,0,208,236,202,230,199,234,180,225,37.9,0.0,0.0,0,0,526.4,386.6,14.0,3541,90.5,4.2,18.1
cow909,3,Jersey,5,0,186,231,193,228,203,245,196,224,38.0,0.0,0.0,0,0,512.0,352.2,11.3,2770,77.5,4.7,19.4
cow909,4,Jersey,5,0,199,227,201,226,192,246,201,228,38.1,0.0,0.0,0,0,485.2,361.0,8.1,3030,81.6,4.5,19.5
cow909,5,Jersey,5,0,196,236,190,235,196,222,194,219,37.9,0.0,0.0,0,0,590.3,469.2,10.6,2828,218.6,5.6,17.6
cow909,6,Jersey,5,0,192,232,202,226,193,239,199,223,37.9,1.0,0.0,0,0,478.8,384.9,10.4,2748,89.2,3.0,20.0
cow910,1,Jersey,1,0,198,226,183,225,212,231,201,224,39.0,0.0,0.0,0,0,491.0,309.1,10.7,3076,39.0,5.6,21.0
cow910,2,Jersey,1,0,207,222,199,228,199,241,191,223,38.7,0.0,0.0,0,0,542.8,394.8,11.1,2735,100.2,5.5,21.3
cow910,3,Jersey,1,0,190,225,201,229,203,240,199,235,39.1,1.0,0.0,0,0,445.8,352.2,10.7,2677,111.4,4.5,21.7
cow910,4,Jersey,1,0,194,232,203,228,198,226,197,225,38.4,0.0,0.0,0,0,571.0,407.3,10.5,2352,71.9,4.8,21.4
cow910,5,Jersey,1,0,193,237,192,228,188,245,199,227,38.6,0.0,0.0,0,0,545.0,386.7,10.1,3026,76.6,4.2,19.1
cow910,6,Jersey,1,0,186,235,203,223,197,233,202,229,38.6,0.0,0.0,0,0,556.0,396.8,12.5,3427,38.0,3.2,22.2
cow911,1,Jersey,3,0,202,228,202,231,199,238,199,226,38.8,0.0,0.0,0,0,542.3,403.3,12.9,3283,84.9,5.0,19.2
cow911,2,Jersey,3,0,186,224,186,224,199,233,210,225,38.6,0.0,0.0,0,0,513.6,355.5,11.2,3597,34.3,4.7,18.9
cow911,3,Jersey,3,0,196,236,201,215,181,225,196,226,38.8,0.0,0.0,0,0,477.5,375.9,11.5,2730,66.8,4.7,19.2
cow911,4,Jersey,3,0,199,222,190,231,196,224,193,233,38.6,0.0,0.0,0,0,514.4,375.6,10.1,3340,50.0,4.9,20.0
cow911,5,Jersey,3,0,206,239,178,226,199,228,199,231,38.9,0.0,0.0,0,0,481.0,339.8,11.6,2559,156.6,4.0,20.1
cow911,6,Jersey,3,0,205,225,191,224,196,234,197,223,38.5,0.0,0.0,0,0,539.4,411.9,11.8,3284,231.7,5.7,18.8
cow912,1,Jersey,2,0,200,221,206,234,196,227,200,231,38.3,0.0,0.0,0,0,552.3,371.6,11.2,3658,36.0,4.5,20.0
cow912,2,Jersey,2,0,199,237,199,237,197,231,197,227,38.4,0.0,0.0,0,0,579.1,405.4,12.0,3199,79.2,4.9,22.4
cow912,3,Jersey,2,0,207,221,202,224,189,237,199,245,38.3,0.0,0.0,0,0,534.9,378.6,11.9,3665,64.1,4.3,18.2
cow912,4,Jersey,2,0,209,222,202,229,202,232,192,224,38.3,0.0,0.0,0,0,557.0,440.8,10.2,2761,109.5,5.3,22.5
cow912,5,Jersey,2,0,200,234,209,236,192,229,203,226,38.3,0.0,0.0,0,0,508.1,360.5,12.9,2946,84.9,4.6,19.1
cow912,6,Jersey,2,0,195,217,200,239,198,234,192,228,38.4,0.0,0.0,0,0,500.9,329.7,11.3,2634,60.8,4.4,20.2
cow913,1,Jersey,3,0,192,233,197,222,192,225,192,235,38.6,0.0,0.0,0,0,538.9,380.9,13.5,3014,84.7,5.5,20.1
cow913,2,Jersey,3,0,189,232,194,232,192,234,201,230,38.6,0.0,0.0,0,0,504.5,378.9,12.0,3108,68.5,3.1,21.0
cow913,3,Jersey,3,0,203,235,211,231,198,226,208,222,38.5,0.0,0.0,0,0,530.8,400.6,13.9,3010,238.1,4.3,18.6
cow913,4,Jersey,3,0,187,230,197,222,194,233,194,234,38.8,0.0,0.0,0,0,477.6,395.5,12.9,2810,45.9,4.0,20.9
cow913,5,Jersey,3,0,191,227,189,223,194,232,200,221,38.5,0.0,0.0,0,0,484.7,384.2,11.8,2804,94.9,4.8,19.2
cow913,6,Jersey,3,0,197,229,198,222,193,220,209,235,38.6,0.0,0.0,0,0,545.4,398.6,10.6,3138,113.0,4.8,18.7
cow914,1,Jersey,1,0,192,217,213,226,191,233,206,227,38.4,0.0,0.0,0,0,555.5,385.2,10.7,2936,107.5,4.5,18.9
cow914,2,Jersey,1,0,186,231,198,221,189,226,203,225,38.2,0.0,0.0,0,0,480.6,385.6,12.1,2539,64.7,3.9,20.2
cow914,3,Jersey,1,0,203,234,212,231,212,224,188,224,38.5,0.0,0.0,0,0,546.8,389.5,11.7,2241,204.4,4.5,19.2
cow914,4,Jersey,1,0,189,231,196,217,194,230,191,232,38.5,0.0,0.0,0,0,498.7,355.4,10.8,2762,18.8,4.8,17.7
cow914,5,Jersey,1,0,191,229,190,224,200,243,188,228,38.3,0.0,0.0,0,0,520.7,372.9,12.5,2447,37.3,4.4,19.0
cow914,6,Jersey,1,0,200,227,203,229,194,235,195,233,38.3,0.0,0.0,0,0,576.7,391.5,11.5,2666,125.6,5.4,20.8
cow915,1,Jersey,3,0,189,245,187,225,198,234,199,229,38.4,0.0,0.0,0,0,552.3,391.0,12.5,2831,43.2,5.0,20.7
cow915,2,Jersey,3,0,205,232,199,223,194,231,196,239,38.7,0.0,0.0,0,0,551.8,394.9,10.3,2942,41.5,4.5,19.2
cow915,3,Jersey,3,0,198,229,202,230,204,233,199,233,38.4,0.0,0.0,0,0,596.4,439.0,12.7,2734,57.5,2.6,20.1
cow915,4,Jersey,3,0,196,228,199,237,201,230,197,237,38.4,0.0,0.0,0,0,491.8,356.1,12.1,3876,46.2,4.3,19.0
cow915,5,Jersey,3,0,203,232,195,230,211,227,193,223,38.6,0.0,0.0,0,0,480.6,333.5,12.9,2496,123.3,5.0,20.2
cow915,6,Jersey,3,0,194,240,199,236,189,223,206,225,38.7,0.0,0.0,0,0,491.1,333.8,12.7,3484,148.4,4.3,18.4
cow916,1,Jersey,5,0,199,233,196,230,209,230,193,225,38.7,0.0,0.0,0,0,509.8,377.7,11.4,2935,84.4,4.7,21.4
cow916,2,Jersey,5,0,193,229,187,233,196,225,207,234,38.7,0.0,0.0,0,0,425.8,324.8,11.3,2737,164.6,4.3,19.7
cow916,3,Jersey,5,0,192,225,202,218,196,214,197,233,38.8,0.0,0.0,0,0,511.7,365.0,13.6,3235,30.5,4.7,18.9
cow916,4,Jersey,5,0,192,228,205,222,199,226,191,223,38.8,0.0,0.0,0,0,498.2,358.5,11.2,2819,83.7,5.6,19.9
cow916,5,Jersey,5,0,198,219,190,228,201,225,199,229,38.8,0.0,0.0,0,0,551.4,405.8,12.4,2677,201.6,5.1,18.8
cow916,6,Jersey,5,0,190,234,192,226,203,228,198,235,38.8,0.0,0.0,0,0,534.1,413.5,11.0,3716,156.0,3.5,22.3
cow917,1,Jersey,3,0,207,221,200,237,201,234,197,238,38.3,0.0,0.0,0,1,271.0,226.5,11.3,422,6349.0,6.7,11.7
cow917,2,Jersey,3,0,200,240,220,255,196,230,196,228,38.8,1.0,0.0,0,1,318.6,270.8,12.0,1202,1240.2,8.4,13.4
cow917,3,Jersey,3,0,206,220,223,260,189,228,198,232,39.5,1.0,0.0,0,1,323.9,289.6,14.0,1376,4178.5,8.9,9.7
cow917,4,Jersey,3,0,194,236,231,264,191,232,206,243,39.1,1.0,1.0,1,1,264.3,222.6,14.3,1863,1414.6,6.7,15.3
cow917,5,Jersey,3,0,197,231,227,272,199,238,200,235,39.5,1.0,1.0,1,1,275.3,242.9,14.0,1141,3223.3,7.8,15.0
cow917,6,Jersey,3,0,202,225,236,280,193,234,198,235,39.4,1.0,1.0,1,1,206.0,200.9,14.9,2364,5738.6,9.9,15.4
cow918,1,Jersey,3,0,199,221,197,226,199,226,189,226,38.5,0.0,0.0,0,0,476.4,330.2,12.0,3304,45.9,4.3,20.8
cow918,2,Jersey,3,0,194,229,199,237,198,228,192,217,38.5,0.0,0.0,0,0,490.3,365.2,10.6,2053,22.0,6.5,21.4
cow918,3,Jersey,3,0,203,232,202,235,203,238,204,234,38.4,0.0,0.0,0,0,523.0,382.3,12.2,2419,284.6,3.8,18.7
cow918,4,Jersey,3,0,200,230,195,225,189,229,188,234,38.6,0.0,0.0,0,0,482.2,367.3,11.7,3095,111.3,4.0,20.1
cow918,5,Jersey,3,0,198,228,191,219,193,228,198,238,38.6,0.0,0.0,0,0,499.5,346.3,10.8,2542,73.8,3.9,19.4
cow918,6,Jersey,3,0,197,236,192,234,201,239,198,236,38.9,0.0,0.0,0,0,471.0,350.8,12.1,3219,71.0,3.5,19.6
cow919,1,Jersey,3,0,193,236,196,232,195,233,204,234,38.4,0.0,0.0,0,0,526.8,409.0,11.6,2819,18.7,3.1,18.5
cow919,2,Jersey,3,0,204,235,187,232,195,237,205,235,38.4,0.0,0.0,0,0,537.0,427.6,10.8,2522,91.8,4.3,21.1
cow919,3,Jersey,3,0,195,226,193,230,198,244,187,234,38.3,0.0,0.0,0,0,536.1,412.7,11.3,2614,55.1,4.6,19.9
cow919,4,Jersey,3,0,198,226,197,220,196,236,214,234,38.3,0.0,0.0,0,0,520.5,359.1,13.2,3341,82.4,3.9,18.8
cow919,5,Jersey,3,0,204,230,192,236,196,221,203,222,38.6,0.0,0.0,0,0,458.4,351.1,13.2,2191,81.1,4.1,19.3
cow919,6,Jersey,3,0,195,224,189,228,200,228,203,222,38.7,0.0,0.0,0,0,495.2,356.4,11.7,3418,7.7,5.7,21.2
cow920,1,Jersey,4,0,195,237,198,230,201,227,203,233,38.5,0.0,0.0,0,0,503.7,375.3,11.6,3430,111.4,5.3,21.6
cow920,2,Jersey,4,0,201,223,202,232,195,237,179,229,38.6,0.0,0.0,0,0,503.9,356.4,9.8,2867,90.5,4.3,22.7
cow920,3,Jersey,4,0,200,235,199,228,196,234,202,237,38.7,0.0,0.0,0,0,523.0,351.0,13.6,2438,99.3,4.8,21.3
cow920,4,Jersey,4,0,201,237,191,225,202,226,200,221,38.3,0.0,0.0,0,0,577.0,408.0,12.7,3222,70.0,3.2,19.5
cow920,5,Jersey,4,0,193,230,195,234,204,230,193,241,39.0,0.0,0.0,0,0,552.5,412.5,12.4,2805,82.2,4.7,19.1
cow920,6,Jersey,4,0,195,231,200,225,197,226,214,226,38.7,0.0,0.0,0,0,480.5,361.5,8.8,2394,89.5,4.5,21.7
cow921,1,Jersey,3,0,205,231,203,231,189,225,208,230,38.4,0.0,0.0,0,0,547.1,403.5,11.5,3764,96.0,4.2,17.1
cow921,2,Jersey,3,0,200,236,199,216,193,228,201,222,38.1,0.0,0.0,0,0,545.6,399.3,11.3,2646,110.3,4.5,20.5
cow921,3,Jersey,3,0,186,236,195,235,200,232,205,233,38.5,0.0,0.0,0,0,487.8,367.9,12.3,2411,96.6,4.4,19.8
cow921,4,Jersey,3,0,196,242,209,230,188,227,192,228,38.5,0.0,0.0,0,0,554.0,409.9,11.0,3114,285.0,3.4,17.7
cow921,5,Jersey,3,0,203,230,203,226,204,237,190,219,38.3,0.0,0.0,0,0,513.6,371.2,11.2,2973,48.1,5.8,20.5
cow921,6,Jersey,3,0,200,227,203,224,192,218,194,227,38.3,0.0,0.0,0,0,463.6,347.7,12.2,3594,61.3,5.3,19.2
cow922,1,Jersey,5,0,203,236,197,240,199,229,197,231,39.0,0.0,0.0,0,1,313.2,297.3,12.6,1148,7807.9,7.7,14.6
cow922,2,Jersey,5,0,192,218,222,231,198,235,207,231,38.9,0.0,0.0,0,1,303.7,262.8,12.8,1152,1761.5,6.6,11.2
cow922,3,Jersey,5,0,199,221,225,230,196,232,209,225,39.4,0.0,1.0,0,1,285.9,250.3,13.7,1434,4227.4,6.0,14.6
cow922,4,Jersey,5,0,192,231,228,229,200,221,192,226,40.1,1.0,1.0,1,1,293.5,256.0,15.1,1380,2225.5,9.6,10.0
cow922,5,Jersey,5,0,204,232,228,229,198,215,204,220,40.3,1.0,1.0,1,1,266.2,233.8,14.5,1392,1660.6,7.9,11.7
cow922,6,Jersey,5,0,205,228,239,228,193,221,195,231,40.7,1.0,1.0,1,1,319.4,261.8,14.8,1409,4417.6,8.6,15.7
cow923,1,Jersey,3,0,194,239,196,231,188,235,194,233,38.6,0.0,0.0,0,0,518.3,382.7,11.6,3066,113.6,3.7,20.1
cow923,2,Jersey,3,0,200,229,178,230,206,230,196,228,38.5,0.0,0.0,0,0,526.7,374.9,13.3,2833,27.5,4.3,20.9
cow923,3,Jersey,3,0,195,222,194,216,209,239,196,230,38.5,0.0,0.0,0,0,534.3,386.0,9.4,3333,89.5,4.3,20.5
cow923,4,Jersey,3,0,178,228,195,222,195,241,206,232,38.7,0.0,0.0,0,0,473.8,338.1,13.9,2856,39.9,4.7,20.8
cow923,5,Jersey,3,0,190,219,194,226,195,233,207,232,38.6,0.0,0.0,0,0,484.2,360.5,14.1,3322,191.1,4.6,23.0
cow923,6,Jersey,3,0,199,228,193,231,192,210,203,222,38.5,0.0,0.0,0,0,431.6,337.5,12.0,3555,266.7,3.8,21.4
cow924,1,Jersey,4,0,190,235,208,220,190,236,202,224,38.5,0.0,0.0,0,0,542.6,389.7,12.5,2729,289.9,3.8,19.4
cow924,2,Jersey,4,0,190,226,187,238,200,229,205,227,38.4,0.0,0.0,0,0,471.5,314.8,11.5,3962,101.7,4.4,17.5
cow924,3,Jersey,4,0,197,215,202,228,192,239,191,227,38.5,0.0,0.0,0,0,525.3,393.8,11.2,2715,57.7,3.1,20.9
cow924,4,Jersey,4,0,199,230,209,236,194,229,197,229,38.5,0.0,0.0,0,0,534.8,391.1,10.8,2718,99.2,3.8,22.1
cow924,5,Jersey,4,0,190,232,194,227,201,232,195,227,38.6,0.0,0.0,0,0,544.1,376.6,11.4,3216,41.5,4.4,21.1
cow924,6,Jersey,4,0,193,223,197,228,201,233,201,234,38.6,0.0,0.0,0,0,471.8,365.0,12.2,3177,401.5,4.8,19.4
cow925,1,Jersey,4,0,195,221,196,228,189,229,204,243,38.4,0.0,0.0,0,0,517.4,353.3,12.0,3029,181.3,5.7,19.4
cow925,2,Jersey,4,0,207,215,202,230,197,231,198,232,38.4,0.0,0.0,0,0,586.8,438.9,13.9,3327,98.0,4.1,20.0
cow925,3,Jersey,4,0,193,234,207,226,201,228,196,231,38.3,0.0,0.0,0,0,588.6,420.1,11.6,3101,158.2,4.5,20.8
cow925,4,Jersey,4,0,204,225,199,227,197,228,190,226,38.2,0.0,0.0,0,0,559.5,362.9,9.7,3826,56.6,3.0,20.1
cow925,5,Jersey,4,0,193,229,198,234,207,233,198,227,38.0,0.0,0.0,0,0,533.5,391.3,13.5,2979,36.9,4.8,22.4
cow925,6,Jersey,4,0,202,225,199,226,186,231,204,230,38.5,0.0,0.0,0,0,479.8,348.6,10.0,2658,17.2,3.8,20.7
cow926,1,Jersey,2,0,195,232,203,243,189,240,199,221,39.1,0.0,0.0,0,1,323.7,262.2,12.8,1079,2133.4,7.8,14.8
cow926,2,Jersey,2,0,196,226,193,235,202,226,193,218,38.7,0.0,0.0,0,1,288.7,237.9,13.8,1489,1687.1,8.4,14.3
cow926,3,Jersey,2,0,200,232,196,238,206,235,198,234,39.1,0.0,0.0,0,1,317.4,266.2,14.0,1494,3032.2,8.4,10.0
cow926,4,Jersey,2,0,197,260,256,233,199,218,193,229,39.9,0.0,0.0,0,1,269.7,231.1,11.8,1383,2016.4,6.8,14.0
cow926,5,Jersey,2,0,201,269,286,233,201,217,195,233,40.4,1.0,0.0,1,1,288.1,217.4,12.6,960,2923.2,8.6,16.9
cow926,6,Jersey,2,0,194,279,302,240,216,237,201,242,41.1,1.0,1.0,1,1,301.6,281.8,11.7,1743,3836.0,8.0,10.9
cow927,1,Jersey,5,0,211,231,200,233,198,227,190,227,38.7,0.0,0.0,0,0,529.9,381.5,12.2,3775,29.0,5.5,20.3
cow927,2,Jersey,5,0,203,228,195,227,195,239,210,241,38.2,0.0,0.0,0,0,539.7,378.7,12.9,3012,144.8,5.7,18.6
cow927,3,Jersey,5,0,207,218,196,230,207,217,195,231,38.4,0.0,0.0,0,0,496.8,345.8,10.0,3724,60.0,5.8,17.7
cow927,4,Jersey,5,0,202,220,198,217,194,228,196,229,38.6,0.0,0.0,0,0,466.3,361.6,12.7,3347,113.6,3.4,19.8
cow927,5,Jersey,5,0,195,234,190,239,199,227,201,238,38.3,0.0,0.0,0,0,585.0,395.6,12.6,3887,160.9,4.8,18.6
cow927,6,Jersey,5,0,200,241,196,231,193,238,196,233,38.4,0.0,0.0,0,0,619.6,442.2,10.7,3189,161.7,3.2,19.8
cow928,1,Jersey,1,0,202,227,198,229,201,232,194,214,38.8,0.0,0.0,0,0,537.9,380.2,9.1,3055,86.8,5.5,22.4
cow928,2,Jersey,1,0,190,232,191,232,195,226,198,228,38.5,0.0,0.0,0,0,467.0,338.8,10.2,3337,89.9,5.7,17.2
cow928,3,Jersey,1,0,189,221,197,224,195,228,200,228,38.7,0.0,0.0,0,0,489.1,341.6,10.8,2827,147.1,5.3,21.7
cow928,4,Jersey,1,0,196,229,188,232,202,224,199,223,38.6,0.0,0.0,0,0,540.4,381.1,13.4,3163,28.2,4.2,20.9
cow928,5,Jersey,1,0,206,227,195,227,196,232,193,231,38.7,0.0,0.0,0,0,573.6,412.3,11.4,3532,41.2,4.9,18.8
cow928,6,Jersey,1,0,197,229,190,227,193,242,196,227,38.5,0.0,0.0,0,0,471.5,355.1,10.3,3328,65.5,4.1,18.5
cow929,1,Jersey,4,0,204,224,200,234,205,226,194,219,38.6,0.0,1.0,0,0,515.0,362.9,11.7,2988,31.6,4.5,20.9
cow929,2,Jersey,4,0,187,240,208,233,190,238,205,235,38.7,0.0,0.0,0,0,527.8,383.1,9.9,3080,65.8,4.4,20.0
cow929,3,Jersey,4,0,202,219,196,238,201,225,193,226,38.9,0.0,0.0,0,0,554.6,416.7,12.1,3303,63.4,2.9,20.1
cow929,4,Jersey,4,0,200,232,212,239,206,228,188,238,38.9,0.0,0.0,0,0,506.3,341.8,10.3,3290,84.4,3.9,18.9
cow929,5,Jersey,4,0,186,220,194,223,188,236,195,218,38.8,0.0,0.0,0,0,457.4,342.4,10.5,3300,76.4,6.3,18.1
cow929,6,Jersey,4,0,195,225,196,235,204,230,182,228,38.6,0.0,0.0,0,0,544.8,377.8,12.0,3136,166.3,4.4,18.5
cow930,1,Jersey,2,0,199,235,187,234,203,226,190,233,38.3,0.0,0.0,0,0,565.0,388.0,13.6,2670,118.0,4.6,22.0
cow930,2,Jersey,2,0,206,231,185,227,209,232,205,228,38.3,0.0,0.0,0,0,516.7,382.7,14.1,2734,75.6,4.5,19.9
cow930,3,Jersey,2,0,190,228,196,223,199,225,199,220,38.1,0.0,0.0,0,0,536.2,379.9,10.3,3184,63.1,4.2,19.1
cow930,4,Jersey,2,0,213,221,197,227,206,224,202,227,38.1,0.0,0.0,0,0,501.0,346.7,10.8,3333,76.9,4.5,19.8
cow930,5,Jersey,2,0,201,228,185,231,208,239,199,227,38.3,0.0,0.0,0,0,486.2,383.5,12.1,3281,77.8,4.2,18.1
cow930,6,Jersey,2,0,205,228,197,234,204,233,187,219,38.3,0.0,0.0,0,0,561.1,421.2,12.9,2730,452.5,2.7,21.8
cow931,1,Jersey,5,0,191,227,207,229,201,221,202,229,38.6,0.0,0.0,0,1,310.5,229.5,10.9,1240,616.4,8.6,12.5
cow931,2,Jersey,5,0,188,224,190,231,198,241,204,237,38.5,0.0,0.0,0,1,314.6,240.2,13.6,830,945.8,9.3,10.5
cow931,3,Jersey,5,0,200,234,198,233,189,231,190,228,38.3,0.0,0.0,0,1,355.1,301.7,12.9,743,840.4,7.1,15.8
cow931,4,Jersey,5,0,201,232,189,236,213,236,202,235,38.6,0.0,0.0,0,1,252.8,224.6,11.2,1333,2478.8,7.7,11.5
cow931,5,Jersey,5,0,190,327,198,208,188,225,205,227,39.0,0.0,0.0,0,1,272.9,268.8,11.9,1843,2401.0,9.2,11.1
cow931,6,Jersey,5,0,207,359,195,187,212,228,188,222,39.7,1.0,0.0,0,1,301.3,269.9,12.8,1340,1257.3,7.4,12.2
cow932,1,Jersey,4,0,201,229,197,235,194,227,201,229,38.6,0.0,0.0,0,0,497.4,371.8,11.6,3763,147.5,4.8,19.5
cow932,2,Jersey,4,0,194,237,195,227,191,226,198,232,38.8,0.0,0.0,0,0,551.3,380.4,12.7,2934,102.5,8.0,19.7
cow932,3,Jersey,4,0,195,222,199,229,203,223,204,221,38.5,0.0,0.0,0,0,512.5,384.3,11.9,3012,151.9,5.0,20.4
cow932,4,Jersey,4,0,193,227,192,225,187,223,192,237,38.9,0.0,0.0,0,0,480.3,333.2,12.6,2604,182.4,4.6,18.7
cow932,5,Jersey,4,0,193,227,198,233,188,224,202,225,38.8,0.0,0.0,0,0,522.6,405.1,11.5,2861,18.2,5.2,16.9
cow932,6,Jersey,4,0,196,238,210,238,182,230,195,230,38.2,0.0,0.0,0,0,526.8,391.7,10.7,2524,127.6,5.1,17.6
cow933,1,Jersey,3,0,208,228,193,219,189,232,201,223,38.8,0.0,0.0,0,0,557.4,387.6,11.3,2382,32.6,4.0,17.3
cow933,2,Jersey,3,0,198,227,200,218,199,230,193,232,38.7,0.0,0.0,0,0,535.7,403.9,12.3,2531,94.4,3.1,19.3
cow933,3,Jersey,3,0,200,214,197,232,205,230,195,231,39.0,0.0,0.0,0,0,538.4,431.4,12.7,3034,75.5,5.0,19.3
cow933,4,Jersey,3,0,204,235,190,226,204,228,197,233,38.8,0.0,0.0,0,0,532.8,383.8,11.3,2705,77.8,5.1,19.6
cow933,5,Jersey,3,0,195,229,194,219,202,221,191,224,38.8,0.0,0.0,0,0,512.5,385.4,10.4,2800,34.6,4.3,20.7
cow933,6,Jersey,3,0,198,229,199,235,199,232,212,227,38.5,0.0,0.0,0,0,491.4,355.0,11.9,3164,161.9,5.8,20.6
cow934,1,Jersey,4,0,206,226,192,221,207,217,196,225,38.5,0.0,0.0,0,1,306.6,263.5,14.1,680,705.2,9.2,14.1
cow934,2,Jersey,4,0,204,221,190,234,202,234,189,227,38.7,0.0,0.0,0,1,281.7,219.9,15.0,1332,3653.3,8.6,10.4
cow934,3,Jersey,4,0,202,211,196,231,210,237,195,229,38.9,0.0,0.0,1,1,362.6,295.5,12.7,1639,629.3,7.8,9.1
cow934,4,Jersey,4,0,202,202,207,236,204,241,193,229,39.3,1.0,1.0,1,1,348.7,288.0,12.7,1674,1966.8,6.3,9.2
cow934,5,Jersey,4,0,203,194,206,232,191,231,201,226,39.7,0.0,1.0,1,1,320.3,302.6,14.4,1507,8541.6,7.9,10.6
cow934,6,Jersey,4,0,194,186,200,227,190,233,201,231,39.6,1.0,1.0,1,1,310.1,231.8,13.0,1279,9999.0,6.5,16.3
cow935,1,Jersey,6,0,198,233,187,236,194,223,191,234,38.5,0.0,0.0,0,0,516.5,372.8,11.0,2751,26.0,2.6,19.3
cow935,2,Jersey,6,0,209,228,197,227,199,231,204,230,38.6,0.0,0.0,0,0,469.6,372.9,13.0,2967,48.8,5.0,21.3
cow935,3,Jersey,6,0,193,230,192,233,181,242,193,225,38.8,0.0,0.0,0,0,511.4,370.5,9.9,3661,55.4,5.4,24.2
cow935,4,Jersey,6,0,191,228,190,226,184,235,207,237,38.5,0.0,0.0,0,0,524.1,379.3,14.0,3109,377.2,2.9,19.3
cow935,5,Jersey,6,0,203,223,200,230,193,230,189,225,38.7,0.0,0.0,0,0,529.2,370.5,10.8,2957,75.8,4.3,20.6
cow935,6,Jersey,6,0,198,230,200,231,196,243,194,239,38.6,0.0,0.0,0,0,538.8,374.5,12.5,3225,166.9,4.5,19.7
cow936,1,Jersey,2,0,204,232,196,231,204,221,198,226,38.2,0.0,0.0,0,0,556.9,369.2,11.4,3020,97.7,4.3,19.3
cow936,2,Jersey,2,0,205,234,202,224,189,237,202,223,38.5,0.0,0.0,0,0,492.3,352.1,11.8,3090,34.7,3.4,21.0
cow936,3,Jersey,2,0,196,240,192,236,191,234,207,229,38.4,0.0,0.0,0,0,492.7,345.8,11.2,2901,22.0,5.6,19.5
cow936,4,Jersey,2,0,208,231,190,236,201,231,196,225,38.4,0.0,0.0,0,0,578.0,416.9,12.5,2834,52.0,3.4,22.9
cow936,5,Jersey,2,0,195,224,192,224,193,228,203,222,38.4,0.0,0.0,0,0,550.8,384.3,11.1,3398,393.6,2.9,18.3
cow936,6,Jersey,2,0,208,235,198,221,202,229,197,226,38.4,0.0,0.0,0,0,504.4,362.0,10.8,2220,94.9,3.4,19.1
cow937,1,Jersey,5,0,206,228,191,233,195,235,193,225,38.6,0.0,0.0,0,0,515.7,369.3,13.7,3191,164.6,4.9,19.8
cow937,2,Jersey,5,0,209,238,191,235,197,230,199,223,38.7,0.0,0.0,0,0,515.9,376.7,11.5,2809,29.8,4.3,18.1
cow937,3,Jersey,5,0,199,229,197,225,201,245,190,234,38.8,0.0,0.0,0,0,521.3,371.2,10.7,2238,63.5,3.9,21.6
cow937,4,Jersey,5,0,202,225,191,230,190,219,197,236,38.5,0.0,0.0,0,0,538.9,372.2,9.7,2610,136.0,4.9,19.0
cow937,5,Jersey,5,0,196,237,199,236,206,229,199,220,38.5,0.0,0.0,0,0,621.4,442.4,13.7,2986,37.4,4.8,21.6
cow937,6,Jersey,5,0,205,220,188,227,211,235,198,235,38.7,0.0,0.0,0,0,527.6,403.8,10.8,3041,76.0,2.7,19.4
cow938,1,Jersey,6,0,187,231,187,221,184,239,198,218,38.5,0.0,0.0,0,0,546.5,398.2,14.0,3296,43.3,4.9,19.7
cow938,2,Jersey,6,0,202,217,203,237,205,227,201,219,38.5,0.0,0.0,0,0,452.5,328.5,12.0,3323,140.6,5.4,22.5
cow938,3,Jersey,6,0,187,232,199,223,192,226,205,226,38.5,0.0,0.0,0,0,500.6,366.1,11.7,2381,104.6,4.4,18.3
cow938,4,Jersey,6,0,186,230,192,228,206,229,190,242,38.4,0.0,0.0,0,0,569.2,372.6,11.7,3151,127.4,4.3,19.5
cow938,5,Jersey,6,0,197,224,192,225,195,232,202,229,38.5,0.0,0.0,0,0,536.1,387.1,14.2,3291,145.0,6.0,15.6
cow938,6,Jersey,6,0,202,218,191,226,192,234,203,251,38.3,0.0,0.0,0,0,344.4,267.5,8.9,3088,67.9,3.9,20.0
cow939,1,Jersey,3,0,189,223,198,230,199,230,201,227,38.6,0.0,0.0,0,1,322.0,254.4,13.8,1501,4478.5,7.9,13.1
cow939,2,Jersey,3,0,200,256,222,253,199,221,200,221,38.6,0.0,0.0,0,1,371.7,287.5,13.2,527,1240.4,8.3,12.6
cow939,3,Jersey,3,0,209,258,227,266,196,221,204,228,39.0,0.0,0.0,0,1,215.2,199.7,13.2,904,3303.7,8.0,15.6
cow939,4,Jersey,3,0,198,271,232,271,203,235,199,226,39.2,1.0,1.0,1,1,355.8,309.3,13.7,1846,407.5,7.8,11.2
cow939,5,Jersey,3,0,196,275,238,270,201,229,199,220,39.4,1.0,1.0,1,1,184.1,208.1,13.2,1188,1093.4,8.1,10.5
cow939,6,Jersey,3,0,195,277,245,272,192,233,196,227,39.8,1.0,1.0,1,1,332.5,260.8,13.7,2189,9999.0,9.3,10.1
cow940,1,Jersey,1,0,214,222,200,225,203,229,191,239,38.3,0.0,0.0,0,0,519.7,370.5,11.5,2489,121.1,5.1,20.4
cow940,2,Jersey,1,0,204,231,203,235,203,226,198,214,38.8,0.0,0.0,0,0,426.0,314.7,9.9,3626,121.2,4.4,21.1
cow940,3,Jersey,1,0,195,235,198,224,196,227,195,228,38.3,0.0,0.0,0,0,537.8,405.3,12.0,2756,45.0,3.8,18.6
cow940,4,Jersey,1,0,200,223,202,236,201,223,191,235,38.6,1.0,0.0,0,0,566.0,410.2,12.4,3345,37.3,3.9,20.6
cow940,5,Jersey,1,0,204,220,199,232,199,225,195,232,38.2,0.0,0.0,0,0,534.6,390.4,10.8,2882,66.2,5.3,20.1
cow940,6,Jersey,1,0,208,220,199,216,201,237,209,231,38.4,0.0,0.0,0,0,543.4,403.7,13.7,3046,75.8,3.2,20.2
cow941,1,Jersey,2,0,193,227,203,237,194,234,183,224,38.4,0.0,0.0,0,0,503.5,359.4,13.1,3238,298.1,6.4,20.0
cow941,2,Jersey,2,0,195,229,206,229,193,226,194,236,38.2,0.0,0.0,0,0,445.5,359.9,12.5,2755,160.6,4.5,18.0
cow941,3,Jersey,2,0,208,227,200,231,200,223,192,234,38.2,0.0,0.0,0,0,547.7,396.6,12.5,3320,85.6,3.4,21.0
cow941,4,Jersey,2,0,202,233,208,234,189,230,197,223,38.3,1.0,0.0,0,0,590.0,406.6,11.5,2894,83.1,4.6,18.3
cow941,5,Jersey,2,0,193,228,196,229,189,226,195,227,38.3,0.0,0.0,0,0,565.2,403.0,12.9,3071,134.1,3.9,20.4
cow941,6,Jersey,2,0,200,210,201,225,198,235,206,239,38.0,0.0,0.0,0,0,440.5,354.5,13.4,1942,31.9,4.2,20.2
cow942,1,Jersey,2,0,207,230,192,231,198,225,190,231,38.1,0.0,0.0,0,0,459.4,336.0,12.5,2865,21.1,3.3,19.8
cow942,2,Jersey,2,0,187,234,192,224,195,221,200,226,38.5,0.0,0.0,0,0,486.2,376.8,10.8,3505,132.7,4.3,21.3
cow942,3,Jersey,2,0,195,218,197,234,204,223,191,228,38.4,0.0,0.0,0,0,456.3,330.5,11.5,3278,83.5,2.8,21.8
cow942,4,Jersey,2,0,201,222,194,234,203,226,195,229,38.2,0.0,0.0,0,0,521.8,367.3,12.2,3355,32.1,4.0,19.9
cow942,5,Jersey,2,0,208,224,190,232,193,229,190,243,38.4,0.0,0.0,0,0,535.7,401.3,12.5,3021,18.7,3.8,19.0
cow942,6,Jersey,2,0,191,225,185,239,198,231,199,226,38.2,0.0,0.0,0,0,462.8,329.9,11.4,3671,147.3,4.1,20.6
cow943,1,Jersey,6,0,206,222,201,229,193,230,191,229,38.6,0.0,0.0,0,0,551.1,413.5,10.8,3115,55.4,3.9,18.5
cow943,2,Jersey,6,0,193,219,202,233,204,227,200,228,38.5,0.0,0.0,0,0,544.0,400.8,13.4,2736,104.7,4.5,19.7
cow943,3,Jersey,6,0,187,229,195,237,188,225,189,225,38.6,0.0,0.0,0,0,498.1,351.1,10.2,3342,66.2,5.2,19.0
cow943,4,Jersey,6,0,201,228,197,240,199,237,204,219,,0.0,0.0,0,0,513.1,374.6,10.4,3369,77.6,4.8,21.3
cow943,5,Jersey,6,0,199,230,204,221,197,229,201,229,38.7,0.0,0.0,0,0,442.0,323.3,9.9,3252,52.8,5.5,19.2
cow943,6,Jersey,6,0,197,237,193,228,196,239,195,229,38.0,0.0,0.0,0,0,506.7,378.3,10.4,2839,75.3,4.1,21.5
cow944,1,Jersey,6,0,199,229,202,241,207,232,199,226,38.3,0.0,0.0,0,0,520.3,414.2,13.0,3113,118.3,4.8,19.7
cow944,2,Jersey,6,0,186,233,196,237,201,227,190,226,38.6,0.0,0.0,0,0,526.7,377.4,13.0,3557,65.7,4.8,21.9
cow944,3,Jersey,6,0,197,219,198,226,193,230,199,229,38.6,0.0,0.0,0,0,535.2,398.7,11.4,3191,63.1,5.4,19.3
cow944,4,Jersey,6,0,198,227,184,229,196,229,193,220,38.5,0.0,0.0,0,0,529.8,386.3,12.1,2409,120.9,3.9,21.8
cow944,5,Jersey,6,0,194,226,198,228,192,232,192,222,38.5,0.0,0.0,0,0,509.4,374.1,11.5,2748,126.5,5.1,19.8
cow944,6,Jersey,6,0,199,229,206,234,191,230,199,229,38.1,0.0,0.0,0,0,531.4,383.9,10.1,2730,36.2,3.8,17.5
cow945,1,Jersey,3,0,207,234,204,226,193,219,209,230,38.8,0.0,0.0,0,0,560.1,388.6,14.2,2698,77.9,4.0,20.9
cow945,2,Jersey,3,0,190,232,192,237,201,230,205,228,38.7,0.0,0.0,0,0,516.2,383.7,13.1,2155,55.3,4.2,21.1
cow945,3,Jersey,3,0,199,215,203,215,201,220,196,223,38.9,0.0,0.0,0,0,532.7,382.4,11.9,3756,80.2,4.9,19.5
cow945,4,Jersey,3,0,204,224,202,240,198,240,197,234,39.1,0.0,0.0,0,0,512.6,359.2,10.5,2649,213.9,3.6,19.7
cow945,5,Jersey,3,0,201,227,197,241,202,221,194,237,39.0,0.0,0.0,0,0,494.1,382.7,11.2,2678,101.8,3.7,19.2
cow945,6,Jersey,3,0,204,233,196,234,201,225,196,232,38.9,0.0,0.0,0,0,540.9,394.3,10.7,2223,354.2,4.0,19.4
cow946,1,Jersey,2,0,204,225,191,237,201,232,205,232,38.4,0.0,0.0,0,0,497.8,362.6,11.6,3347,92.4,4.5,19.9
cow946,2,Jersey,2,0,194,224,195,228,209,232,196,229,38.7,0.0,0.0,0,0,535.4,413.4,11.9,2964,70.8,3.8,20.5
cow946,3,Jersey,2,0,199,231,196,225,202,237,213,225,38.3,0.0,0.0,0,0,521.1,347.6,11.1,2860,78.4,4.7,19.3
cow946,4,Jersey,2,0,186,223,192,222,209,236,202,218,38.4,0.0,0.0,0,0,507.8,395.6,9.8,2881,87.7,4.2,22.9
cow946,5,Jersey,2,0,198,222,186,229,189,227,199,229,38.5,0.0,0.0,0,0,506.9,356.3,14.1,3235,99.3,5.0,18.7
cow946,6,Jersey,2,0,201,229,196,216,199,215,191,234,38.3,0.0,0.0,0,0,499.7,371.6,11.8,2808,40.0,4.6,19.8
cow947,1,Jersey,4,0,200,221,199,230,197,225,190,222,38.4,0.0,0.0,0,1,229.2,204.9,14.0,504,1653.5,9.4,15.5
cow947,2,Jersey,4,0,197,231,198,222,190,227,188,226,38.7,0.0,0.0,0,1,310.3,247.6,13.0,783,1112.9,8.1,15.4
cow947,3,Jersey,4,0,200,230,199,230,208,234,202,235,38.5,0.0,0.0,0,1,304.3,284.2,11.6,763,4574.8,7.0,14.1
cow947,4,Jersey,4,0,199,308,195,203,199,232,204,224,39.0,0.0,0.0,0,1,329.0,308.8,13.4,1410,422.7,7.8,16.0
cow947,5,Jersey,4,0,188,341,206,195,197,231,202,239,39.6,1.0,1.0,1,1,273.7,238.3,13.1,1672,2264.2,8.0,15.1
cow947,6,Jersey,4,0,202,350,206,183,201,232,206,238,40.1,1.0,1.0,1,1,370.8,306.5,14.4,1886,587.0,7.3,16.5
cow948,1,Jersey,3,0,202,230,190,247,200,219,192,224,38.7,0.0,0.0,0,0,504.8,371.9,12.6,2346,107.1,5.7,21.3
cow948,2,Jersey,3,0,204,234,191,223,198,235,199,234,39.0,0.0,0.0,0,0,485.0,390.1,12.4,3248,60.3,4.3,19.1
cow948,3,Jersey,3,0,203,231,199,226,201,231,199,225,38.8,0.0,0.0,0,0,480.3,318.1,12.7,2754,22.6,4.0,20.8
cow948,4,Jersey,3,0,207,233,205,238,197,230,191,219,38.9,0.0,0.0,0,0,450.6,345.2,13.7,4169,152.3,4.6,20.3
cow948,5,Jersey,3,0,197,233,205,229,201,224,208,225,38.9,0.0,0.0,0,0,581.3,403.7,12.0,3553,14.0,3.8,16.8
cow948,6,Jersey,3,0,191,230,198,223,202,224,201,232,38.8,0.0,0.0,0,0,574.8,370.5,12.8,3681,77.7,5.3,20.1
cow949,1,Jersey,4,0,186,229,200,227,202,224,196,241,38.4,0.0,0.0,0,0,544.0,387.9,12.1,3321,128.0,5.1,19.1
cow949,2,Jersey,4,0,208,224,206,232,195,223,195,227,38.8,0.0,0.0,0,0,484.2,391.8,9.2,3153,205.6,4.6,20.8
cow949,3,Jersey,4,0,195,240,210,238,203,230,190,217,38.4,0.0,0.0,0,0,592.5,411.7,11.3,2839,26.1,5.0,17.5
cow949,4,Jersey,4,0,199,220,198,223,188,219,195,225,38.2,0.0,1.0,0,0,505.9,385.8,10.5,2760,55.6,4.1,19.6
cow949,5,Jersey,4,0,206,229,208,223,208,228,191,227,38.7,0.0,0.0,0,0,509.2,395.1,11.8,2680,167.9,3.3,19.7
cow949,6,Jersey,4,0,198,223,199,235,210,235,195,228,38.4,0.0,0.0,1,0,577.5,414.3,10.6,3247,175.9,4.2,19.8
cow950,1,Jersey,6,0,203,238,198,237,210,216,188,225,38.5,0.0,0.0,0,0,546.4,398.0,12.2,3624,192.4,4.1,18.8
cow950,2,Jersey,6,0,195,235,195,228,191,222,194,230,38.6,0.0,0.0,0,0,608.0,401.9,12.7,2857,466.1,2.9,16.9
cow950,3,Jersey,6,0,195,227,195,242,194,216,194,222,38.5,0.0,0.0,0,0,529.9,373.1,12.9,2711,55.9,3.7,19.4
cow950,4,Jersey,6,0,203,228,188,231,204,230,195,224,38.5,0.0,0.0,0,0,504.1,386.8,13.4,2407,102.7,3.5,19.8
cow950,5,Jersey,6,0,201,233,204,227,196,232,197,227,38.6,0.0,0.0,0,0,495.5,366.4,9.5,3098,62.6,3.7,20.4
cow950,6,Jersey,6,0,199,226,201,233,197,225,189,238,38.8,0.0,1.0,0,0,446.1,342.3,10.1,3492,20.3,5.6,19.4
cow951,1,Jersey,6,0,200,229,194,227,192,224,196,240,38.6,0.0,0.0,0,1,283.9,250.7,17.0,1812,1855.7,8.4,13.2
cow951,2,Jersey,6,0,195,233,201,226,199,232,207,226,38.7,0.0,0.0,0,1,340.8,321.9,14.7,1851,399.9,8.8,14.6
cow951,3,Jersey,6,0,203,228,203,239,193,231,190,233,38.8,0.0,0.0,0,1,319.0,261.6,13.8,1466,1311.3,8.4,16.0
cow951,4,Jersey,6,0,191,224,196,302,202,232,214,224,39.1,0.0,0.0,1,1,295.8,284.4,13.5,1336,611.1,8.9,15.7
cow951,5,Jersey,6,0,200,234,197,333,203,229,191,223,39.7,1.0,0.0,1,1,255.2,233.5,13.4,1813,2841.8,8.0,8.2
cow951,6,Jersey,6,0,198,231,190,359,202,232,195,220,39.9,1.0,1.0,1,1,304.1,290.9,11.2,856,1065.4,9.2,12.7
cow952,1,Jersey,6,0,203,241,206,230,202,241,205,237,39.0,1.0,0.0,0,0,560.5,382.3,10.6,2824,23.1,3.5,21.0
cow952,2,Jersey,6,0,190,228,201,229,196,224,188,222,38.7,0.0,0.0,0,0,537.2,393.7,11.4,3684,144.4,4.4,21.1
cow952,3,Jersey,6,0,188,215,203,225,190,233,193,238,38.8,0.0,0.0,0,0,526.7,376.9,10.6,2570,52.3,3.7,18.4
cow952,4,Jersey,6,0,196,233,198,228,196,228,201,222,38.4,0.0,0.0,0,0,488.1,363.4,10.8,2986,58.9,5.5,20.0
cow952,5,Jersey,6,0,192,226,201,227,196,232,205,222,38.3,0.0,0.0,0,0,554.7,422.8,14.6,3253,40.4,4.8,21.3
cow952,6,Jersey,6,0,190,234,201,232,198,223,206,230,38.4,0.0,0.0,0,0,394.7,311.7,11.2,3033,175.7,5.4,19.1
cow953,1,Jersey,6,0,200,232,192,236,190,224,198,223,38.4,0.0,0.0,0,0,535.3,411.2,11.8,3460,95.8,3.4,21.0
cow953,2,Jersey,6,0,196,224,192,223,201,226,193,214,,,,0,0,622.8,429.6,11.8,3610,52.0,4.0,22.6
cow953,3,Jersey,6,0,197,221,198,232,195,240,191,221,38.5,0.0,0.0,0,0,459.7,329.0,12.2,3192,21.2,3.1,20.1
cow953,4,Jersey,6,0,203,223,194,226,202,230,203,227,38.5,0.0,0.0,0,0,510.3,374.5,10.9,3556,450.0,4.8,22.9
cow953,5,Jersey,6,0,209,225,184,231,201,230,200,221,38.6,0.0,0.0,0,0,519.7,379.1,13.0,2629,311.8,4.2,19.9
cow953,6,Jersey,6,0,203,220,202,226,192,239,196,235,38.7,0.0,0.0,0,0,501.5,365.6,12.0,2937,215.2,5.1,17.1
cow954,1,Jersey,5,0,199,228,192,220,206,232,196,228,38.5,0.0,0.0,0,0,561.5,387.6,10.0,3962,48.9,4.5,19.1
cow954,2,Jersey,5,0,198,222,195,234,192,232,198,233,38.5,0.0,0.0,0,0,538.9,412.9,11.4,3777,56.2,2.8,21.1
cow954,3,Jersey,5,0,199,228,198,234,194,237,199,227,38.2,0.0,0.0,0,0,526.1,377.1,11.3,2489,104.8,3.2,18.4
cow954,4,Jersey,5,0,204,230,206,231,193,233,195,228,38.4,0.0,0.0,0,0,551.9,424.8,11.2,2995,42.8,4.6,21.8
cow954,5,Jersey,5,0,209,233,209,233,196,222,203,227,38.7,0.0,0.0,0,0,520.7,380.6,12.1,3054,40.1,4.9,20.8
cow954,6,Jersey,5,0,196,224,197,220,198,225,196,228,38.8,0.0,0.0,0,0,647.2,468.0,12.3,3167,217.6,2.7,20.4
cow955,1,Jersey,1,0,202,226,195,233,205,233,199,232,38.3,0.0,0.0,0,0,526.1,393.7,12.1,3510,76.5,4.4,18.4
cow955,2,Jersey,1,0,198,238,194,226,192,239,200,230,38.4,0.0,0.0,0,0,527.8,369.8,11.9,3736,36.6,3.7,20.3
cow955,3,Jersey,1,0,208,224,193,230,203,233,199,233,38.5,0.0,0.0,0,0,451.6,345.6,11.6,3015,153.4,3.6,22.2
cow955,4,Jersey,1,0,200,230,203,231,193,232,200,227,38.6,0.0,0.0,0,0,498.3,401.7,8.9,3449,53.4,4.0,19.1
cow955,5,Jersey,1,0,206,233,207,226,199,224,199,239,38.5,0.0,0.0,0,0,565.9,412.1,12.4,3259,20.2,4.6,20.2
cow955,6,Jersey,1,0,191,234,199,235,201,231,204,213,38.5,0.0,0.0,0,0,466.6,364.2,12.1,2992,36.3,3.9,22.5
cow956,1,Jersey,3,0,196,232,189,225,204,227,198,226,38.6,0.0,0.0,0,1,208.7,215.7,12.3,621,1315.9,6.4,14.9
cow956,2,Jersey,3,0,192,227,194,235,197,239,192,233,38.8,0.0,0.0,0,1,296.3,261.3,13.8,1707,2382.2,8.1,11.1
cow956,3,Jersey,3,0,199,227,197,228,199,226,186,239,38.6,0.0,0.0,0,1,349.8,291.3,14.3,1542,2291.4,7.7,9.3
cow956,4,Jersey,3,0,221,260,204,222,195,227,199,246,39.4,1.0,0.0,1,1,296.7,265.9,14.9,1456,5366.9,7.2,12.0
cow956,5,Jersey,3,0,225,266,195,235,201,239,196,222,40.1,0.0,0.0,1,1,281.6,260.7,14.1,907,1648.3,7.8,13.4
cow956,6,Jersey,3,0,239,276,193,232,197,238,196,240,40.6,0.0,1.0,1,1,220.7,186.1,13.9,2084,1370.9,7.7,14.4
cow957,1,Jersey,1,0,193,224,202,221,193,236,202,235,39.0,0.0,0.0,0,0,538.1,395.3,12.6,3061,187.7,4.5,20.8
cow957,2,Jersey,1,0,191,230,198,224,202,231,203,224,38.7,0.0,0.0,0,0,546.5,392.6,11.1,2543,156.2,4.3,19.3
cow957,3,Jersey,1,0,202,222,212,225,193,240,199,240,38.6,0.0,0.0,0,0,448.7,330.2,12.0,2479,68.5,4.6,22.0
cow957,4,Jersey,1,0,205,224,191,224,191,224,203,236,39.0,0.0,0.0,0,0,565.4,430.6,10.8,3271,97.2,4.5,20.8
cow957,5,Jersey,1,0,198,233,203,235,195,225,202,227,38.9,0.0,0.0,0,0,550.6,385.2,12.8,3283,57.2,5.2,19.2
cow957,6,Jersey,1,0,203,225,193,224,202,232,190,222,38.5,0.0,0.0,0,0,565.3,382.1,9.6,2815,35.6,5.8,20.2
cow958,1,Jersey,6,0,197,231,192,239,194,225,197,214,38.5,0.0,0.0,0,0,543.3,408.3,12.5,3185,362.4,4.5,18.4
cow958,2,Jersey,6,0,204,229,191,231,192,218,192,237,38.3,0.0,0.0,0,0,546.1,370.1,11.5,3267,54.6,4.0,20.2
cow958,3,Jersey,6,0,201,223,197,230,201,227,198,235,38.3,0.0,0.0,0,0,540.8,357.8,12.7,3056,97.4,3.4,19.3
cow958,4,Jersey,6,0,211,242,192,233,198,228,201,226,38.5,0.0,0.0,0,0,554.7,417.2,10.6,2719,27.9,5.0,21.9
cow958,5,Jersey,6,0,190,232,201,229,202,232,204,232,38.1,0.0,0.0,0,0,447.2,339.2,11.6,3385,132.1,3.8,20.7
cow958,6,Jersey,6,0,202,239,186,229,200,229,205,231,38.2,0.0,0.0,0,0,460.0,352.5,11.6,3335,34.5,6.4,18.4
cow959,1,Jersey,6,0,206,230,187,232,192,235,194,218,38.6,0.0,0.0,0,0,490.6,354.4,12.0,3227,253.2,6.7,21.2
cow959,2,Jersey,6,0,207,225,199,232,193,227,194,239,38.3,0.0,0.0,0,0,514.8,352.0,10.2,2667,274.9,4.3,17.0
cow959,3,Jersey,6,0,193,224,201,225,198,228,197,227,38.3,0.0,0.0,0,0,535.5,368.0,12.3,2468,117.4,3.2,19.1
cow959,4,Jersey,6,0,184,228,196,225,198,225,194,222,38.1,0.0,0.0,0,0,533.0,382.9,9.3,3031,86.0,5.0,19.9
cow959,5,Jersey,6,0,202,229,199,232,194,232,202,225,38.4,0.0,0.0,0,0,564.7,383.9,10.7,3372,69.8,6.2,21.6
cow959,6,Jersey,6,0,196,225,197,232,197,233,194,232,38.1,0.0,0.0,0,0,565.9,413.1,9.6,3416,76.9,3.5,21.5
cow960,1,Jersey,3,0,186,220,196,222,198,228,206,234,38.5,0.0,0.0,0,0,485.1,350.7,12.5,3234,105.4,6.0,20.6
cow960,2,Jersey,3,0,200,221,199,229,207,228,200,228,38.9,0.0,0.0,0,0,529.5,389.1,12.0,2820,84.5,3.0,20.0
cow960,3,Jersey,3,0,198,227,191,234,195,238,199,226,38.4,0.0,0.0,0,0,486.1,362.4,12.0,2678,156.5,3.3,22.7
cow960,4,Jersey,3,0,209,223,184,222,196,234,202,234,38.4,0.0,0.0,0,0,512.5,382.4,13.3,2993,42.1,4.7,19.5
cow960,5,Jersey,3,0,196,230,191,231,202,231,198,230,38.3,0.0,0.0,0,0,532.9,396.7,11.1,2997,228.3,5.3,19.0
cow960,6,Jersey,3,0,191,236,207,235,189,233,207,235,38.4,0.0,0.0,0,0,383.7,292.0,12.2,3443,59.3,4.4,18.2
cow961,1,Jersey,1,0,195,225,190,224,200,231,200,224,38.6,0.0,0.0,0,0,616.4,441.2,11.6,2808,47.5,4.9,21.1
cow961,2,Jersey,1,0,204,229,191,218,200,221,202,237,38.9,0.0,0.0,0,0,542.7,397.8,11.4,2841,102.0,5.4,18.3
cow961,3,Jersey,1,0,196,236,206,228,194,239,192,222,38.8,0.0,0.0,0,0,496.2,322.0,13.1,3822,106.7,5.5,21.9
cow961,4,Jersey,1,0,200,226,202,221,195,226,198,232,38.8,0.0,0.0,0,0,597.1,437.9,14.0,3620,23.9,4.0,20.1
cow961,5,Jersey,1,0,196,229,199,238,198,230,206,227,38.8,0.0,0.0,0,0,506.1,374.4,11.0,2647,57.0,3.8,18.2
cow961,6,Jersey,1,0,192,232,206,226,192,226,204,220,38.6,0.0,0.0,0,0,525.3,393.3,12.5,3588,17.7,5.3,21.3
cow962,1,Jersey,6,0,198,231,196,227,201,227,202,224,38.3,0.0,0.0,0,0,500.5,345.1,11.9,2551,49.8,4.9,21.8
cow962,2,Jersey,6,0,194,232,196,224,199,229,191,233,38.4,0.0,0.0,0,0,586.1,414.0,11.9,2826,51.3,5.0,23.0
cow962,3,Jersey,6,0,190,219,197,244,200,226,193,238,38.5,0.0,0.0,0,0,515.8,357.8,11.8,2872,97.6,4.0,17.8
cow962,4,Jersey,6,0,200,219,197,231,207,219,214,231,38.4,0.0,0.0,0,0,526.0,397.0,11.1,2969,46.1,5.0,17.9
cow962,5,Jersey,6,0,206,223,194,230,194,240,198,219,38.5,0.0,0.0,0,0,568.2,383.6,7.2,3248,54.3,3.6,22.5
cow962,6,Jersey,6,0,203,226,202,235,191,223,191,228,38.5,0.0,0.0,0,0,543.4,377.3,13.3,3043,195.5,4.7,16.7
cow963,1,Jersey,2,0,190,231,204,234,198,227,189,221,38.5,0.0,0.0,0,0,517.8,388.3,10.7,3246,330.6,4.6,18.4
cow963,2,Jersey,2,0,203,242,188,235,199,225,201,239,38.3,0.0,0.0,0,0,564.4,395.3,11.2,2839,42.0,4.6,19.2
cow963,3,Jersey,2,0,206,236,204,235,191,233,187,221,38.6,0.0,0.0,0,0,621.5,424.2,11.2,3150,160.6,5.1,17.8
cow963,4,Jersey,2,0,187,229,200,231,203,234,190,220,,0.0,0.0,0,0,532.7,403.9,10.6,3032,103.8,3.7,19.9
cow963,5,Jersey,2,0,199,228,207,220,189,229,188,225,38.5,0.0,0.0,0,0,524.7,399.9,11.8,2445,23.9,5.0,18.4
cow963,6,Jersey,2,0,199,228,207,230,190,228,190,226,38.6,0.0,0.0,0,0,526.8,397.1,11.4,3193,46.0,4.5,22.1
cow964,1,Jersey,4,0,192,223,192,228,191,228,194,223,38.4,0.0,0.0,0,0,572.4,426.7,10.6,3038,9.8,3.9,20.2
cow964,2,Jersey,4,0,202,226,200,224,195,232,205,222,38.4,0.0,0.0,0,0,496.0,361.5,11.7,2714,99.3,3.4,19.5
cow964,3,Jersey,4,0,197,220,206,234,186,234,194,233,38.4,0.0,0.0,0,0,508.9,369.6,11.5,2830,37.8,6.0,19.7
cow964,4,Jersey,4,0,201,227,188,228,202,235,197,222,38.1,0.0,0.0,0,0,458.5,331.4,12.6,2840,87.1,4.4,17.8
cow964,5,Jersey,4,0,197,221,202,228,198,221,202,237,38.2,0.0,0.0,0,0,472.6,354.6,9.9,2902,469.1,4.2,20.7
cow964,6,Jersey,4,0,187,230,189,228,197,216,203,229,38.0,0.0,0.0,0,0,499.3,358.1,10.5,3704,238.7,3.6,18.0
cow965,1,Jersey,5,0,208,233,201,227,204,233,201,233,38.3,0.0,0.0,0,1,292.8,245.9,14.4,2136,1075.3,8.9,15.9
cow965,2,Jersey,5,0,188,221,195,236,190,232,186,228,38.3,0.0,0.0,0,1,365.8,308.3,12.7,210,885.0,8.8,13.4
cow965,3,Jersey,5,0,199,294,204,221,193,220,199,231,38.8,0.0,1.0,0,1,316.4,289.2,12.4,1495,5656.4,8.7,13.4
cow965,4,Jersey,5,0,200,317,207,223,196,239,199,221,39.2,1.0,0.0,1,1,258.5,240.3,12.8,1682,887.8,8.0,13.2
cow965,5,Jersey,5,0,198,336,188,238,197,239,194,222,39.8,0.0,0.0,1,1,265.9,269.8,13.4,1214,4435.0,8.6,13.1
cow965,6,Jersey,5,0,207,358,194,239,199,227,203,228,40.9,1.0,1.0,1,1,350.0,275.3,13.4,1671,9999.0,7.3,14.5
cow966,1,Jersey,6,0,204,227,194,228,206,233,195,229,38.6,0.0,0.0,0,0,565.1,374.0,11.2,3662,126.7,4.7,22.1
cow966,2,Jersey,6,0,197,214,210,226,195,234,202,235,38.6,0.0,0.0,0,0,521.1,393.5,10.3,2451,180.0,4.5,19.7
cow966,3,Jersey,6,0,196,225,202,224,199,230,192,223,38.3,0.0,0.0,0,0,502.3,355.5,12.4,3054,166.1,4.7,18.4
cow966,4,Jersey,6,0,201,235,191,229,200,226,195,222,38.6,0.0,0.0,0,0,565.0,402.1,13.1,3783,54.1,3.0,18.8
cow966,5,Jersey,6,0,192,237,192,228,197,226,206,232,38.5,0.0,0.0,0,0,480.3,324.3,9.2,2505,97.1,6.0,24.9
cow966,6,Jersey,6,0,196,228,202,230,196,225,196,229,38.6,0.0,0.0,0,0,535.7,373.2,9.6,2954,41.0,5.8,19.4
cow967,1,Jersey,1,0,208,233,189,239,188,222,192,223,37.9,0.0,0.0,0,0,610.9,407.5,12.7,2821,193.6,3.6,20.0
cow967,2,Jersey,1,0,192,229,194,221,193,225,196,226,38.3,0.0,0.0,0,0,528.2,377.1,13.4,3421,37.5,5.0,18.9
cow967,3,Jersey,1,0,194,244,207,219,209,226,187,236,38.3,0.0,0.0,0,0,489.0,354.3,8.9,3476,128.9,3.3,18.1
cow967,4,Jersey,1,0,188,225,207,229,193,224,199,228,38.1,0.0,0.0,0,0,536.4,391.5,12.5,3065,173.6,4.6,21.2
cow967,5,Jersey,1,0,204,215,191,224,192,234,192,238,38.1,0.0,0.0,0,0,501.2,391.0,13.5,3013,56.6,2.7,18.3
cow967,6,Jersey,1,0,201,229,211,230,185,223,197,252,38.0,0.0,0.0,0,0,464.2,358.7,10.5,2312,48.3,4.3,18.8
cow968,1,Jersey,4,0,198,238,203,232,192,230,205,228,38.7,0.0,0.0,0,0,548.0,367.6,13.4,3569,70.6,4.1,21.3
cow968,2,Jersey,4,0,193,228,195,225,185,231,191,230,38.6,0.0,0.0,0,0,564.7,417.8,11.3,2859,42.9,5.4,18.9
cow968,3,Jersey,4,0,196,228,203,232,209,223,199,225,38.6,0.0,0.0,0,0,507.6,374.5,11.9,2943,88.5,5.8,20.5
cow968,4,Jersey,4,0,205,233,196,225,198,241,191,230,38.5,0.0,0.0,0,0,504.9,369.2,10.6,3389,42.2,5.9,19.1
cow968,5,Jersey,4,0,191,228,184,232,185,226,209,235,,,,0,0,481.5,356.5,12.7,3079,44.3,5.4,19.0
cow968,6,Jersey,4,0,200,224,190,230,202,225,198,236,38.7,0.0,0.0,0,0,514.0,380.1,12.5,3402,115.9,4.6,21.9
cow969,1,Holstein Friesian,3,0,194,225,176,217,205,239,203,226,38.8,0.0,0.0,0,0,497.5,354.0,13.6,3241,121.7,4.8,19.8
cow969,2,Holstein Friesian,3,0,200,230,210,229,191,233,200,230,38.3,0.0,0.0,0,0,479.6,352.5,13.2,3082,64.9,4.8,17.3
cow969,3,Holstein Friesian,3,0,205,220,195,229,200,221,199,229,38.5,0.0,0.0,0,0,595.7,446.7,11.5,3124,25.5,3.6,17.9
cow969,4,Holstein Friesian,3,0,191,238,200,228,201,227,204,225,38.3,0.0,0.0,0,0,538.7,378.5,15.2,2551,178.3,5.4,17.0
cow969,5,Holstein Friesian,3,0,205,231,196,227,192,236,190,230,38.4,0.0,0.0,0,0,542.9,375.2,13.1,2940,58.3,5.1,18.9
cow969,6,Holstein Friesian,3,0,197,224,197,229,213,229,205,226,38.5,0.0,0.0,0,0,555.3,400.1,12.1,3434,330.1,5.1,19.2
cow970,1,Holstein Friesian,4,0,190,232,188,230,191,222,215,239,38.6,0.0,0.0,0,0,550.8,378.2,10.3,2641,72.5,2.7,19.1
cow970,2,Holstein Friesian,4,0,198,225,203,226,195,227,191,225,38.5,0.0,0.0,0,0,503.5,339.1,9.7,2714,87.2,4.9,16.9
cow970,3,Holstein Friesian,4,0,194,229,191,230,201,231,191,234,38.3,0.0,0.0,0,0,530.9,380.3,9.8,2648,58.9,5.3,16.3
cow970,4,Holstein Friesian,4,0,184,218,193,226,194,224,196,219,38.6,0.0,0.0,0,0,509.2,399.6,10.4,3061,94.0,4.5,15.9
cow970,5,Holstein Friesian,4,0,201,238,206,230,201,231,192,226,38.2,0.0,0.0,0,0,537.5,389.8,13.2,3561,876.9,4.1,20.9
cow970,6,Holstein Friesian,4,0,196,241,196,219,187,232,194,233,38.6,0.0,0.0,0,0,533.7,391.4,12.1,3219,62.4,3.4,19.9
cow971,1,Jersey,2,0,198,222,195,225,201,228,195,224,38.6,0.0,0.0,0,1,279.7,207.5,12.8,429,5581.0,6.9,16.5
cow971,2,Jersey,2,0,194,234,203,225,202,229,195,228,38.7,0.0,0.0,0,1,241.8,231.0,13.3,1559,2146.5,8.1,13.6
cow971,3,Jersey,2,0,186,210,195,296,193,233,205,231,39.0,1.0,0.0,1,1,300.8,260.2,13.2,1123,5138.4,7.8,16.2
cow971,4,Jersey,2,0,171,196,195,316,201,231,205,222,39.7,0.0,1.0,1,1,286.8,238.1,14.5,1504,420.6,7.8,7.1
cow971,5,Jersey,2,0,173,186,192,332,196,217,189,227,39.5,0.0,1.0,0,1,219.4,212.9,12.4,1240,9565.6,9.2,15.1
cow971,6,Jersey,2,0,157,167,194,352,202,237,195,226,,,,0,1,315.3,270.2,13.9,956,2626.4,7.0,14.4
cow972,1,Jersey,4,0,190,233,197,229,193,231,197,226,38.7,0.0,0.0,0,0,558.6,384.1,11.9,2971,66.0,4.2,19.4
cow972,2,Jersey,4,0,198,234,200,229,200,234,196,232,38.5,0.0,0.0,0,0,621.1,446.7,10.5,2823,148.2,5.9,20.0
cow972,3,Jersey,4,0,196,225,191,235,195,223,204,230,38.6,0.0,0.0,0,0,504.4,392.2,13.4,3123,87.7,4.3,22.2
cow972,4,Jersey,4,0,194,229,188,237,201,236,202,226,38.6,0.0,0.0,0,0,498.5,363.0,11.1,2646,35.9,4.6,19.6
cow972,5,Jersey,4,0,205,228,198,237,195,230,196,234,38.5,0.0,0.0,0,0,475.6,337.8,10.3,2550,14.9,4.4,21.9
cow972,6,Jersey,4,0,197,236,203,231,196,234,199,225,38.3,0.0,0.0,0,0,528.3,381.8,12.5,3293,280.4,5.1,20.4
cow973,1,Jersey,2,0,199,228,194,224,196,230,191,237,38.3,0.0,0.0,0,0,528.1,400.2,11.6,3444,68.1,2.9,20.4
cow973,2,Jersey,2,0,194,237,199,225,198,221,193,228,38.0,0.0,0.0,0,0,487.5,338.5,12.0,3232,52.0,4.3,20.6
cow973,3,Jersey,2,0,199,226,196,232,195,226,192,226,38.6,0.0,0.0,0,0,513.0,386.2,10.1,2740,54.9,4.5,20.7
cow973,4,Jersey,2,0,200,224,205,232,202,235,196,233,38.2,0.0,0.0,0,0,440.9,320.3,12.5,2704,218.4,3.7,20.9
cow973,5,Jersey,2,0,188,227,189,231,199,228,193,224,38.3,0.0,0.0,0,0,557.1,406.6,14.1,2727,56.6,4.8,22.9
cow973,6,Jersey,2,0,197,242,200,236,193,237,189,227,38.4,0.0,0.0,0,0,489.2,351.3,10.0,3356,124.0,5.1,20.6
cow974,1,Jersey,2,0,190,224,193,229,197,235,206,211,38.5,0.0,0.0,0,0,518.6,369.0,11.9,2670,63.0,4.9,16.2
cow974,2,Jersey,2,0,208,228,199,237,196,244,191,224,38.5,0.0,0.0,0,0,462.9,373.2,10.6,3354,33.4,5.9,19.6
cow974,3,Jersey,2,0,192,227,201,232,194,231,200,231,38.5,0.0,0.0,0,0,496.7,340.7,14.7,3255,148.0,4.2,22.1
cow974,4,Jersey,2,0,196,238,198,245,205,224,195,227,38.3,0.0,0.0,0,0,508.8,382.0,13.0,3495,170.2,4.9,18.8
cow974,5,Jersey,2,0,205,245,202,239,201,225,193,229,38.7,0.0,0.0,0,0,519.5,410.9,11.8,3425,49.7,4.9,19.8
cow974,6,Jersey,2,0,191,227,195,232,191,231,198,234,38.4,0.0,0.0,0,0,539.2,403.9,10.0,3217,77.4,4.3,20.9
cow975,1,Jersey,1,0,190,230,200,231,192,235,189,225,38.9,0.0,0.0,0,0,577.6,390.6,10.3,2413,84.9,5.4,22.6
cow975,2,Jersey,1,0,188,239,187,216,205,231,196,230,38.6,0.0,0.0,0,0,549.3,374.5,12.4,3244,108.0,4.7,18.7
cow975,3,Jersey,1,0,197,232,195,242,204,223,198,228,38.6,0.0,0.0,0,0,558.5,389.6,9.9,3046,310.0,3.5,19.4
cow975,4,Jersey,1,0,203,227,198,232,201,229,194,220,38.8,0.0,0.0,0,0,577.8,417.5,9.9,2851,63.5,5.1,20.5
cow975,5,Jersey,1,0,193,221,195,228,202,236,203,228,38.7,0.0,0.0,0,0,542.8,397.7,11.5,3545,63.2,4.1,20.6
cow975,6,Jersey,1,0,192,232,192,233,201,229,199,225,38.5,0.0,0.0,0,0,518.5,356.2,11.7,2939,70.4,4.2,20.2
cow976,1,Jersey,1,0,204,236,189,226,184,233,206,225,38.7,0.0,0.0,0,0,560.4,388.5,12.0,2788,41.4,4.3,20.4
cow976,2,Jersey,1,0,194,231,211,215,207,226,189,223,38.4,0.0,0.0,0,0,562.9,391.1,11.0,3450,24.2,5.1,20.1
cow976,3,Jersey,1,0,203,224,195,220,205,225,205,225,38.5,0.0,0.0,0,0,545.9,392.3,12.6,2838,87.1,5.4,20.6
cow976,4,Jersey,1,0,197,234,207,230,185,223,192,234,38.5,0.0,0.0,0,0,461.8,380.8,10.5,2768,114.3,4.4,20.8
cow976,5,Jersey,1,0,197,223,193,236,195,227,197,234,38.6,0.0,0.0,0,0,486.3,343.0,12.3,2549,79.6,4.3,19.2
cow976,6,Jersey,1,0,194,226,196,224,186,230,198,230,38.9,0.0,0.0,0,0,509.0,355.8,11.8,2672,76.1,2.9,18.9
cow977,1,Holstein Friesian,2,0,197,227,186,238,197,217,205,230,38.3,0.0,0.0,0,0,551.2,378.3,12.2,2706,42.7,3.9,18.1
cow977,2,Holstein Friesian,2,0,208,228,204,234,203,225,201,224,38.5,0.0,0.0,0,0,519.1,390.9,12.9,3248,94.6,3.7,16.9
cow977,3,Holstein Friesian,2,0,206,223,204,220,199,223,203,230,38.5,0.0,0.0,0,0,565.5,406.5,11.0,2592,89.3,4.7,18.2
cow977,4,Holstein Friesian,2,0,196,223,202,226,207,220,192,234,38.7,0.0,0.0,0,0,572.6,395.4,10.7,2257,110.3,4.4,16.4
cow977,5,Holstein Friesian,2,0,189,227,202,237,204,245,200,229,38.2,0.0,0.0,0,0,568.0,402.2,9.5,3121,99.3,3.8,18.4
cow977,6,Holstein Friesian,2,0,195,231,197,233,187,235,202,232,38.6,0.0,0.0,0,0,568.2,394.7,9.1,2746,104.3,4.6,18.1
cow978,1,Jersey,6,0,196,224,203,229,200,228,199,225,38.6,0.0,0.0,0,0,478.5,360.4,11.3,2993,197.5,4.4,19.5
cow978,2,Jersey,6,0,197,232,213,236,200,227,197,236,38.6,0.0,0.0,0,0,539.3,439.9,11.4,3513,117.9,2.5,20.8
cow978,3,Jersey,6,0,197,231,187,224,191,226,192,232,38.5,0.0,0.0,0,0,495.7,375.3,10.2,3029,110.7,5.4,20.2
cow978,4,Jersey,6,0,199,214,192,233,190,236,203,227,38.2,0.0,0.0,0,0,454.0,338.7,10.5,3604,23.8,5.3,21.5
cow978,5,Jersey,6,0,191,227,203,232,200,226,204,229,38.5,0.0,0.0,0,0,508.5,361.1,13.3,2973,164.5,4.3,22.2
cow978,6,Jersey,6,0,203,230,196,238,195,238,187,233,38.1,0.0,0.0,0,0,573.0,387.6,12.6,3403,64.7,4.8,20.3
cow979,1,Jersey,1,0,183,223,196,230,196,234,189,229,38.2,0.0,0.0,0,0,538.4,404.3,10.0,2781,83.9,4.2,19.1
cow979,2,Jersey,1,0,193,232,208,224,192,225,205,223,38.7,0.0,0.0,0,0,600.7,440.7,11.0,3043,33.0,3.2,20.4
cow979,3,Jersey,1,0,208,225,206,235,203,240,207,224,38.2,0.0,0.0,0,0,527.1,375.9,12.0,2627,336.5,6.2,16.7
cow979,4,Jersey,1,0,200,232,189,234,189,235,200,230,38.4,0.0,0.0,0,0,617.9,460.6,10.7,2674,14.4,5.1,21.2
cow979,5,Jersey,1,0,195,231,203,230,194,226,204,233,38.3,0.0,0.0,0,0,527.1,384.6,10.5,2910,222.0,5.3,21.2
cow979,6,Jersey,1,0,209,228,193,226,211,233,202,239,38.7,0.0,0.0,0,0,520.9,394.5,11.1,2469,106.5,4.3,18.0
cow980,1,Jersey,1,0,191,226,197,229,206,227,201,215,38.3,0.0,0.0,0,0,468.8,354.6,12.8,3064,21.3,5.4,19.3
cow980,2,Jersey,1,0,196,226,203,226,195,229,183,235,38.4,0.0,0.0,0,0,564.4,403.5,12.9,2879,324.3,3.4,20.6
cow980,3,Jersey,1,0,201,234,191,234,202,228,196,217,,,,0,0,499.9,350.8,10.6,3094,113.3,4.3,19.6
cow980,4,Jersey,1,0,201,232,206,217,187,229,183,228,38.6,0.0,0.0,0,0,494.1,361.9,12.1,2475,15.6,5.1,21.1
cow980,5,Jersey,1,0,195,239,192,220,200,240,198,220,37.8,0.0,0.0,0,0,571.2,425.9,11.5,3281,59.3,4.0,22.9
cow980,6,Jersey,1,0,195,236,198,230,189,229,214,227,38.5,0.0,0.0,0,0,566.3,398.7,10.3,3679,114.9,5.2,19.2
cow981,1,Jersey,6,0,201,234,190,237,193,224,204,236,38.4,0.0,0.0,0,1,340.3,290.1,13.1,1895,7936.6,8.2,9.3
cow981,2,Jersey,6,0,222,230,223,232,204,227,192,228,39.0,0.0,1.0,0,1,280.5,226.8,12.0,2062,1434.7,8.2,10.4
cow981,3,Jersey,6,0,216,227,231,240,197,236,209,227,39.3,1.0,1.0,1,1,293.0,267.8,14.9,1317,236.4,7.4,14.3
cow981,4,Jersey,6,0,225,234,229,235,193,230,199,227,39.7,0.0,1.0,1,1,292.6,259.2,15.4,1159,6466.3,8.3,13.0
cow981,5,Jersey,6,0,229,226,235,233,200,245,200,226,39.8,0.0,1.0,0,1,326.3,252.1,13.0,1495,2981.1,9.5,10.1
cow981,6,Jersey,6,0,236,223,233,233,211,227,203,239,40.1,1.0,1.0,1,1,357.1,288.3,12.7,1205,330.1,8.1,13.9
cow982,1,Holstein Friesian,4,0,193,234,195,236,200,232,197,232,39.2,0.0,0.0,0,0,534.7,405.6,12.8,2304,100.6,4.9,17.4
cow982,2,Holstein Friesian,4,0,190,226,210,228,199,215,197,233,39.1,0.0,0.0,0,0,599.0,404.7,13.0,3328,108.3,5.1,20.5
cow982,3,Holstein Friesian,4,0,194,230,191,226,196,243,194,231,39.1,0.0,0.0,0,0,555.9,382.3,10.2,2906,63.5,3.6,16.6
cow982,4,Holstein Friesian,4,0,185,230,204,223,203,236,201,230,38.9,0.0,0.0,0,0,510.6,373.1,11.3,2413,44.9,4.4,15.0
cow982,5,Holstein Friesian,4,0,202,226,198,229,189,228,196,221,38.9,0.0,0.0,0,0,553.1,438.3,11.4,2797,52.1,4.4,16.0
cow982,6,Holstein Friesian,4,0,194,215,187,228,193,232,190,221,39.0,0.0,0.0,0,0,588.2,408.8,10.6,2915,63.4,2.8,16.6
cow983,1,Jersey,1,0,195,236,195,236,203,229,193,221,38.0,0.0,0.0,0,0,599.9,436.9,12.0,3005,101.5,5.1,20.9
cow983,2,Jersey,1,0,188,226,202,222,198,225,194,228,38.3,0.0,0.0,0,0,567.5,413.2,10.7,3010,136.9,3.8,18.9
cow983,3,Jersey,1,0,194,226,199,218,200,233,200,222,38.4,0.0,0.0,0,0,521.0,370.0,10.9,3548,18.0,5.0,19.3
cow983,4,Jersey,1,0,191,224,195,232,191,238,197,229,38.0,0.0,0.0,0,0,511.3,377.7,11.4,2485,94.8,3.9,21.6
cow983,5,Jersey,1,0,193,228,197,238,203,237,196,224,38.1,0.0,0.0,0,0,543.0,385.8,9.7,2939,111.3,6.1,21.3
cow983,6,Jersey,1,0,189,232,205,237,199,232,204,221,38.1,0.0,0.0,0,0,587.0,413.7,9.0,2648,89.3,4.3,19.3
cow984,1,Jersey,2,0,205,240,197,230,194,219,209,238,38.4,0.0,0.0,0,0,537.4,360.5,12.6,3502,60.1,6.0,21.1
cow984,2,Jersey,2,0,202,235,196,218,188,223,202,226,38.8,0.0,0.0,0,0,538.2,390.5,10.6,2775,211.8,4.4,20.0
cow984,3,Jersey,2,0,198,239,189,240,203,234,192,237,38.6,0.0,0.0,0,0,522.1,397.4,14.1,2862,201.1,4.5,18.7
cow984,4,Jersey,2,0,193,227,214,232,188,225,197,224,38.5,0.0,0.0,0,0,506.9,373.2,13.9,3420,61.7,5.8,19.0
cow984,5,Jersey,2,0,201,219,197,231,197,223,204,228,38.5,0.0,0.0,0,0,513.5,395.7,10.9,3530,75.0,3.8,20.6
cow984,6,Jersey,2,0,194,227,197,232,192,231,195,228,38.3,0.0,0.0,0,0,525.4,393.7,14.3,3589,135.4,4.5,20.0
cow985,1,Jersey,2,0,214,230,191,230,200,227,193,232,38.5,0.0,0.0,0,0,588.7,420.2,12.6,2343,192.7,4.9,20.2
cow985,2,Jersey,2,0,203,241,193,235,200,222,203,222,38.7,0.0,0.0,0,0,510.4,362.9,10.7,3193,45.2,4.8,20.7
cow985,3,Jersey,2,0,201,229,203,227,199,231,202,228,38.4,0.0,0.0,0,0,522.1,372.5,8.4,3108,38.6,4.5,19.9
cow985,4,Jersey,2,0,202,220,191,234,203,231,202,221,38.4,1.0,0.0,0,0,485.4,332.8,12.3,2980,96.0,4.4,18.8
cow985,5,Jersey,2,0,202,231,188,236,193,221,200,238,38.5,0.0,0.0,0,0,548.7,392.4,11.5,3027,36.6,5.2,18.9
cow985,6,Jersey,2,0,193,237,186,236,197,223,200,226,38.5,0.0,0.0,0,0,574.7,415.4,12.0,3514,20.7,4.6,18.3
cow986,1,Jersey,3,0,189,226,198,233,198,236,198,234,38.4,0.0,0.0,0,1,360.0,324.9,13.2,1715,1030.1,8.8,9.1
cow986,2,Jersey,3,0,198,234,189,233,199,219,183,218,38.3,0.0,0.0,0,1,303.1,269.4,12.1,1659,2792.6,8.3,11.2
cow986,3,Jersey,3,0,197,231,187,233,204,230,198,230,38.3,0.0,0.0,0,1,318.0,253.2,13.0,1383,6978.5,8.5,7.9
cow986,4,Jersey,3,0,197,227,193,227,197,232,198,232,38.4,0.0,0.0,0,1,288.9,225.4,14.3,2208,1127.0,8.9,12.8
cow986,5,Jersey,3,0,274,233,227,267,198,218,208,228,38.7,0.0,0.0,1,1,316.1,264.0,13.1,1140,1805.1,7.8,11.3
cow986,6,Jersey,3,0,313,237,233,278,200,241,191,219,39.5,1.0,0.0,0,1,307.6,277.1,13.1,654,2261.7,8.9,15.4
cow987,1,Jersey,6,0,185,226,195,232,195,233,189,226,38.5,0.0,0.0,0,0,522.3,377.4,9.7,2894,50.7,4.4,18.8
cow987,2,Jersey,6,0,203,228,195,220,190,238,193,237,38.7,0.0,0.0,0,0,525.5,393.1,11.6,3023,48.1,3.4,19.9
cow987,3,Jersey,6,0,200,223,207,233,196,225,198,233,38.6,0.0,0.0,0,0,538.1,387.6,10.2,3521,100.1,4.2,19.1
cow987,4,Jersey,6,0,208,224,197,237,197,238,194,234,38.7,0.0,0.0,0,0,508.2,385.8,12.6,2796,34.7,3.9,21.0
cow987,5,Jersey,6,0,199,224,199,222,199,234,199,225,38.7,0.0,0.0,0,0,510.3,345.4,10.6,3196,46.7,4.8,19.9
cow987,6,Jersey,6,0,193,233,192,222,188,225,195,231,38.8,0.0,0.0,0,0,588.3,449.9,11.1,2409,69.1,4.3,20.9
cow988,1,Jersey,4,0,194,224,190,228,192,238,199,230,38.7,0.0,0.0,0,0,628.4,425.0,14.1,3433,99.3,4.6,21.7
cow988,2,Jersey,4,0,205,235,195,230,217,225,195,237,38.5,0.0,0.0,0,0,471.8,365.4,11.1,3027,27.9,5.3,20.4
cow988,3,Jersey,4,0,203,228,202,228,200,224,198,230,38.3,0.0,0.0,0,0,469.6,344.9,11.0,2888,72.6,5.7,19.8
cow988,4,Jersey,4,0,189,231,200,232,195,230,192,226,38.4,0.0,0.0,0,0,481.7,354.9,12.2,3853,32.6,4.7,16.8
cow988,5,Jersey,4,0,198,225,191,232,194,224,212,227,38.4,0.0,1.0,0,0,515.9,373.2,9.4,3428,49.5,5.4,20.3
cow988,6,Jersey,4,0,204,225,202,242,201,234,203,224,38.5,0.0,0.0,0,0,555.8,406.1,13.0,2584,137.0,4.4,20.6
cow989,1,Holstein Friesian,1,0,196,231,204,220,197,228,195,223,38.5,0.0,0.0,0,0,543.7,402.4,12.7,2956,75.5,3.2,17.7
cow989,2,Holstein Friesian,1,0,200,233,193,232,194,226,193,231,38.5,0.0,0.0,0,0,526.9,403.2,12.1,4095,251.6,3.6,17.2
cow989,3,Holstein Friesian,1,0,193,223,198,235,198,237,203,232,38.6,0.0,0.0,0,0,541.2,418.0,7.4,3792,75.6,4.3,19.1
cow989,4,Holstein Friesian,1,0,203,237,202,231,188,228,203,234,38.7,0.0,0.0,0,0,492.3,369.4,11.2,3369,155.0,5.1,18.5
cow989,5,Holstein Friesian,1,0,195,217,201,235,192,226,195,214,38.6,0.0,0.0,0,0,510.2,405.0,10.0,2261,137.5,4.3,19.9
cow989,6,Holstein Friesian,1,0,193,223,197,233,191,243,206,230,38.6,0.0,0.0,0,0,519.2,381.2,12.8,3533,78.7,5.4,17.6
cow990,1,Jersey,5,0,199,229,192,225,197,227,192,224,38.4,0.0,0.0,0,1,231.6,236.4,14.8,1046,691.1,9.5,17.3
cow990,2,Jersey,5,0,196,221,194,231,199,226,196,223,38.4,0.0,0.0,0,1,248.5,234.8,14.0,1829,1833.2,7.3,12.3
cow990,3,Jersey,5,0,203,221,189,231,202,236,197,227,38.3,0.0,0.0,0,1,250.1,218.2,12.1,1011,1298.8,9.7,12.0
cow990,4,Jersey,5,0,225,262,196,306,196,217,197,226,39.1,0.0,0.0,0,1,325.6,276.6,15.3,1496,1258.9,6.7,12.2
cow990,5,Jersey,5,0,226,274,188,325,204,221,195,233,40.0,0.0,0.0,1,1,304.8,269.9,13.2,1044,2262.2,9.5,16.4
cow990,6,Jersey,5,0,241,274,208,358,194,230,189,231,40.8,1.0,1.0,1,1,319.4,269.1,15.7,1155,620.4,8.0,9.7
cow991,1,Jersey,6,0,197,232,201,222,201,235,197,241,38.8,0.0,0.0,0,0,446.4,343.3,11.8,3249,43.4,4.3,19.1
cow991,2,Jersey,6,0,195,227,196,226,197,233,195,227,38.7,0.0,0.0,0,0,460.7,360.0,12.1,2472,39.5,4.5,17.9
cow991,3,Jersey,6,0,201,226,195,228,189,222,205,227,38.8,0.0,0.0,0,0,546.5,395.5,10.9,3949,66.6,3.9,19.1
cow991,4,Jersey,6,0,190,227,191,234,199,240,206,231,39.0,0.0,0.0,0,0,408.9,260.3,13.2,2589,46.7,5.7,19.1
cow991,5,Jersey,6,0,190,226,196,222,192,237,203,238,38.9,0.0,0.0,0,0,569.0,439.6,12.2,2567,48.9,3.9,19.7
cow991,6,Jersey,6,0,198,242,204,230,204,221,189,235,38.7,0.0,0.0,0,0,447.1,330.9,13.2,3250,87.2,4.0,20.0
cow992,1,Jersey,3,0,201,221,195,215,204,231,185,228,39.0,0.0,0.0,0,0,553.7,385.4,11.7,3517,58.4,3.4,18.7
cow992,2,Jersey,3,0,189,232,206,231,193,228,184,228,38.9,0.0,0.0,0,0,484.5,338.4,11.4,2871,79.7,3.9,21.9
cow992,3,Jersey,3,0,200,228,196,234,207,230,210,239,38.9,0.0,0.0,0,0,562.0,399.1,12.2,2571,36.8,3.9,20.8
cow992,4,Jersey,3,0,194,228,191,226,205,234,198,225,38.6,0.0,0.0,0,0,648.3,446.9,13.2,2631,44.8,3.9,18.6
cow992,5,Jersey,3,0,203,220,195,240,198,235,195,227,38.9,0.0,0.0,0,0,429.1,312.2,12.7,2588,325.3,4.4,21.3
cow992,6,Jersey,3,0,204,222,197,234,188,222,182,229,,0.0,0.0,0,0,547.8,384.4,11.7,3123,49.1,3.6,20.3
cow993,1,Jersey,6,0,187,224,195,221,198,222,202,216,38.8,0.0,0.0,0,0,447.7,346.1,9.3,2972,18.5,5.8,20.7
cow993,2,Jersey,6,0,195,225,187,229,196,236,195,229,38.6,0.0,0.0,0,0,537.1,426.8,12.5,3170,100.6,4.4,18.3
cow993,3,Jersey,6,0,192,222,205,225,200,224,203,220,39.1,0.0,0.0,0,0,511.7,389.8,9.8,3146,48.7,4.8,18.7
cow993,4,Jersey,6,0,193,238,192,222,202,221,199,236,38.7,0.0,0.0,0,0,525.2,403.3,11.5,3330,94.0,5.2,20.7
cow993,5,Jersey,6,0,196,225,191,235,201,222,196,223,38.7,0.0,0.0,0,0,483.5,351.3,11.4,2836,74.7,6.1,19.5
cow993,6,Jersey,6,0,199,229,199,227,198,234,201,230,39.1,0.0,0.0,0,0,551.2,400.6,9.8,2705,116.1,5.2,20.7
cow994,1,Jersey,6,0,199,231,203,227,202,221,201,230,38.7,0.0,0.0,0,0,462.1,352.9,11.9,3063,74.2,4.3,20.6
cow994,2,Jersey,6,0,195,223,192,238,190,229,195,219,38.8,0.0,0.0,0,0,569.7,397.9,14.1,2978,67.9,3.6,21.4
cow994,3,Jersey,6,0,209,237,200,236,191,226,197,227,38.6,0.0,0.0,0,0,503.6,362.5,11.1,3101,175.5,4.8,20.5
cow994,4,Jersey,6,0,191,221,189,220,199,229,200,229,38.9,0.0,0.0,0,0,463.9,361.7,12.4,2715,17.2,5.3,22.8
cow994,5,Jersey,6,0,202,223,193,237,192,222,199,232,38.6,0.0,0.0,0,0,583.8,437.9,14.3,3257,31.8,4.6,18.2
cow994,6,Jersey,6,0,193,233,192,237,205,230,206,239,38.9,0.0,0.0,0,0,517.3,379.6,12.5,2529,44.9,4.6,20.2
cow995,1,Jersey,1,0,199,229,192,223,200,240,192,228,38.7,0.0,0.0,0,1,371.3,279.3,12.7,1124,509.9,8.2,10.1
cow995,2,Jersey,1,0,193,225,188,229,178,228,201,228,39.0,0.0,0.0,0,1,343.9,279.0,13.8,1752,1355.9,6.5,10.3
cow995,3,Jersey,1,0,204,231,195,231,200,233,195,227,38.5,0.0,0.0,0,1,263.1,209.9,14.1,847,1252.2,8.1,14.4
cow995,4,Jersey,1,0,265,221,177,227,198,233,188,227,39.3,0.0,0.0,0,1,291.6,254.3,15.2,1720,4376.7,8.6,15.4
cow995,5,Jersey,1,0,291,227,175,233,193,229,195,231,39.4,1.0,0.0,0,1,299.8,262.5,15.0,736,1858.3,8.0,12.5
cow995,6,Jersey,1,0,307,229,161,236,189,218,205,226,40.2,1.0,0.0,1,1,356.1,286.8,10.2,666,1680.5,8.9,11.1
cow996,1,Jersey,6,0,195,227,198,225,197,225,200,234,38.3,0.0,0.0,0,0,537.5,394.9,10.5,2402,61.1,5.4,20.4
cow996,2,Jersey,6,0,203,226,204,224,204,234,196,231,38.6,0.0,0.0,0,0,527.1,391.7,11.4,3047,38.4,4.1,20.1
cow996,3,Jersey,6,0,208,230,203,222,198,223,203,218,38.3,0.0,0.0,0,0,512.0,379.8,10.3,3292,147.0,4.9,15.9
cow996,4,Jersey,6,0,201,234,200,235,204,229,199,226,38.4,0.0,0.0,0,0,518.0,357.2,7.1,3517,183.2,4.5,20.7
cow996,5,Jersey,6,0,207,233,201,231,198,237,184,228,38.2,0.0,0.0,0,0,572.2,406.8,10.6,3485,34.4,2.9,19.4
cow996,6,Jersey,6,0,204,221,195,225,200,234,207,241,38.2,0.0,0.0,0,0,520.1,387.5,11.5,3345,243.2,4.4,21.2
cow997,1,Jersey,2,0,196,225,202,236,197,227,202,226,38.6,0.0,0.0,0,0,504.2,398.9,10.9,2667,50.0,3.7,21.6
cow997,2,Jersey,2,0,191,240,200,225,199,231,208,236,38.7,0.0,0.0,0,0,497.4,361.6,10.3,2664,47.2,4.6,20.9
cow997,3,Jersey,2,0,190,224,190,238,191,226,203,239,38.9,0.0,0.0,0,0,497.8,376.6,11.5,3315,110.1,5.0,21.2
cow997,4,Jersey,2,0,197,222,205,234,201,231,198,219,38.7,0.0,0.0,0,0,463.9,362.2,11.9,3569,117.1,4.3,20.7
cow997,5,Jersey,2,0,198,230,198,222,202,228,192,232,38.4,0.0,0.0,0,0,490.0,358.5,10.9,2588,75.6,3.8,21.4
cow997,6,Jersey,2,0,202,224,199,230,190,234,187,227,39.0,0.0,0.0,0,0,579.9,436.6,13.1,3518,62.5,4.7,20.9
cow998,1,Jersey,3,0,191,226,193,231,201,233,194,225,38.6,0.0,0.0,0,0,511.7,396.7,11.6,2232,178.5,6.5,22.3
cow998,2,Jersey,3,0,194,236,200,234,207,223,196,236,38.3,0.0,0.0,0,0,548.2,421.8,10.5,3156,51.6,2.8,18.0
cow998,3,Jersey,3,0,183,232,188,231,210,234,206,229,38.6,0.0,0.0,0,0,420.8,328.8,10.2,2958,75.7,4.7,20.9
cow998,4,Jersey,3,0,189,223,189,241,206,229,193,225,38.5,0.0,0.0,0,0,542.7,436.1,11.2,2918,255.9,4.1,20.5
cow998,5,Jersey,3,0,188,225,206,238,195,241,201,241,38.1,0.0,0.0,0,0,513.5,365.1,12.8,3013,31.5,4.2,21.1
cow998,6,Jersey,3,0,200,233,198,222,197,233,200,215,38.2,0.0,0.0,0,0,500.7,406.7,10.5,2659,57.9,4.4,18.0
cow999,1,Jersey,3,0,198,227,205,229,198,227,192,229,38.4,0.0,0.0,0,1,302.2,273.2,14.2,1478,4558.2,7.7,10.5
cow999,2,Jersey,3,0,196,239,203,238,203,239,187,226,38.5,0.0,0.0,0,1,275.2,267.2,13.6,1324,3053.5,8.5,9.6
cow999,3,Jersey,3,0,198,231,196,220,209,229,197,225,38.4,0.0,0.0,0,1,210.0,198.3,15.9,1674,4101.2,7.8,9.9
cow999,4,Jersey,3,0,192,231,207,224,202,234,207,225,38.7,0.0,0.0,0,1,331.9,292.3,14.0,1936,687.1,6.3,8.7
cow999,5,Jersey,3,0,196,230,220,228,183,228,199,231,39.1,0.0,0.0,0,1,304.7,286.5,12.7,1351,2584.6,9.0,11.0
cow999,6,Jersey,3,0,195,229,241,224,197,221,202,236,40.2,1.0,1.0,1,1,282.4,227.9,14.4,973,1585.5,8.9,14.0
cow1000,1,Jersey,5,0,196,231,197,235,200,232,204,236,38.3,0.0,0.0,0,0,481.4,353.9,12.4,2545,381.7,4.0,18.7
cow1000,2,Jersey,5,0,196,234,196,228,205,218,199,235,38.5,0.0,0.0,0,0,461.2,306.2,11.0,3679,138.9,4.5,19.2
cow1000,3,Jersey,5,0,197,231,194,219,198,224,198,233,38.3,0.0,0.0,0,0,529.0,382.2,10.1,3628,78.2,5.5,19.6
cow1000,4,Jersey,5,0,192,226,194,229,205,221,198,220,38.5,0.0,0.0,0,0,584.5,404.0,12.1,3355,96.8,5.3,20.3
cow1000,5,Jersey,5,0,193,236,191,239,191,230,203,220,38.6,0.0,0.0,0,0,528.1,381.0,11.6,3024,82.5,5.6,19.6
cow1000,6,Jersey,5,0,194,234,191,232,198,225,196,230,38.3,0.0,0.0,0,0,464.7,399.4,9.7,3326,128.7,4.8,19.6
cow1001,1,Jersey,5,0,199,229,200,223,194,226,184,226,38.6,0.0,0.0,0,0,529.0,416.3,11.8,3522,44.0,5.1,20.6
cow1001,2,Jersey,5,0,201,242,183,230,189,235,198,234,38.7,0.0,0.0,0,0,517.9,352.8,10.7,2753,204.0,5.6,18.6
cow1001,3,Jersey,5,0,204,227,201,236,201,235,194,231,38.5,0.0,0.0,0,0,554.6,410.7,9.7,3012,31.8,4.2,19.7
cow1001,4,Jersey,5,0,198,235,199,238,200,219,191,224,38.6,0.0,0.0,0,0,544.3,408.9,11.1,2558,91.5,4.9,19.0
cow1001,5,Jersey,5,0,201,224,199,226,189,238,191,220,38.4,0.0,0.0,0,0,400.6,302.3,13.0,2948,44.9,2.8,19.9
cow1001,6,Jersey,5,0,192,232,194,233,203,229,209,230,38.4,0.0,0.0,0,0,541.8,396.3,12.9,3618,81.8,3.2,19.5
cow1002,1,Jersey,4,0,202,230,199,229,187,241,209,228,38.4,0.0,0.0,0,0,479.9,360.9,12.6,3431,157.2,4.9,20.6
cow1002,2,Jersey,4,0,194,227,198,230,194,224,193,217,38.3,0.0,0.0,0,0,463.1,321.6,11.8,3054,24.3,5.0,19.7
cow1002,3,Jersey,4,0,202,235,203,228,184,230,199,230,38.4,0.0,0.0,0,0,512.5,356.9,12.2,1923,70.7,4.2,22.7
cow1002,4,Jersey,4,0,203,224,192,233,214,227,200,220,38.3,0.0,0.0,0,0,536.4,393.0,11.6,2738,29.4,4.0,23.0
cow1002,5,Jersey,4,0,195,228,199,230,199,235,201,229,38.3,0.0,0.0,0,0,454.4,342.4,10.2,3041,65.5,4.2,20.1
cow1002,6,Jersey,4,0,198,230,194,230,202,236,191,226,38.6,0.0,0.0,0,0,548.2,384.2,10.4,2914,29.3,4.7,19.0
cow1003,1,Jersey,2,0,199,235,200,235,200,236,199,228,38.6,0.0,0.0,0,0,550.5,384.0,10.8,3013,88.8,2.6,23.1
cow1003,2,Jersey,2,0,198,234,197,229,190,240,203,235,38.2,0.0,0.0,0,0,521.9,379.5,13.2,3097,59.2,4.9,20.7
cow1003,3,Jersey,2,0,196,245,197,230,188,223,197,215,38.4,0.0,0.0,0,0,485.3,375.1,12.8,2787,133.1,4.5,21.2
cow1003,4,Jersey,2,0,206,226,200,226,190,217,196,236,38.3,1.0,0.0,0,0,480.8,355.1,10.2,2997,185.6,4.7,18.2
cow1003,5,Jersey,2,0,202,237,195,236,197,227,199,225,38.1,0.0,0.0,0,0,561.0,433.8,11.6,2940,80.0,4.4,19.3
cow1003,6,Jersey,2,0,197,222,197,235,207,226,197,232,38.4,0.0,0.0,0,0,459.6,331.2,11.0,2719,147.3,3.4,18.6
cow1004,1,Jersey,2,0,205,235,194,232,187,224,191,233,38.3,0.0,0.0,0,0,562.6,409.0,11.3,3739,206.4,3.6,22.0
cow1004,2,Jersey,2,0,200,233,191,236,211,231,189,237,38.2,0.0,0.0,0,0,513.4,369.7,10.9,2809,42.0,5.7,20.3
cow1004,3,Jersey,2,0,200,220,190,216,191,226,202,226,38.2,0.0,0.0,0,0,516.2,388.3,13.2,2098,214.0,4.0,19.4
cow1004,4,Jersey,2,0,204,240,197,227,204,234,192,232,38.5,0.0,0.0,0,0,451.7,324.9,11.5,3713,77.4,5.1,19.9
cow1004,5,Jersey,2,0,198,221,206,229,203,223,196,221,38.0,0.0,0.0,0,0,514.1,411.2,11.8,2661,40.4,3.6,18.2
cow1004,6,Jersey,2,0,209,222,204,232,201,240,197,230,38.0,0.0,0.0,0,0,544.5,364.3,11.8,3360,97.6,4.5,19.4
cow1005,1,Jersey,2,0,186,229,194,230,205,236,195,230,38.6,0.0,0.0,0,1,241.5,253.8,12.3,1028,1882.6,7.6,12.7
cow1005,2,Jersey,2,0,195,225,206,227,200,217,198,224,38.6,0.0,0.0,0,1,314.9,268.6,13.6,1528,642.0,7.8,9.7
cow1005,3,Jersey,2,0,200,223,200,237,192,234,195,226,38.8,0.0,0.0,0,1,298.6,267.1,14.8,1281,821.5,7.7,8.6
cow1005,4,Jersey,2,0,203,254,228,232,193,229,198,227,,0.0,0.0,0,1,269.2,263.6,15.3,1700,7465.5,9.2,13.7
cow1005,5,Jersey,2,0,191,257,237,230,195,233,199,228,40.2,1.0,1.0,0,1,329.2,291.0,12.1,1215,2497.5,9.5,12.7
cow1005,6,Jersey,2,0,192,258,246,225,192,230,192,227,41.1,1.0,1.0,1,1,206.9,189.0,11.7,1038,6586.1,8.2,9.6
cow1006,1,Jersey,1,0,197,226,198,237,212,237,198,232,38.5,0.0,0.0,0,0,533.9,399.1,11.6,3103,59.6,4.2,17.8
cow1006,2,Jersey,1,0,197,231,193,226,197,236,197,229,38.8,0.0,1.0,0,0,584.8,452.5,12.8,2847,45.7,3.4,19.3
cow1006,3,Jersey,1,0,200,230,197,232,196,229,207,227,38.7,0.0,0.0,0,0,577.6,398.6,11.9,2228,24.8,3.4,22.5
cow1006,4,Jersey,1,0,194,228,195,232,194,233,188,225,38.4,0.0,0.0,0,0,535.6,427.5,12.3,2759,155.0,5.7,18.9
cow1006,5,Jersey,1,0,198,216,199,227,199,213,199,239,38.7,0.0,0.0,0,0,507.9,379.7,9.9,4148,105.5,3.3,18.8
cow1006,6,Jersey,1,0,195,234,191,229,202,228,202,219,38.9,0.0,0.0,0,0,494.6,356.9,10.8,2271,59.9,4.1,18.1
cow1007,1,Jersey,1,0,192,229,198,234,201,229,213,233,38.3,0.0,0.0,0,1,282.9,231.7,10.9,1396,1053.3,8.1,12.9
cow1007,2,Jersey,1,0,185,231,199,226,194,229,190,236,38.1,0.0,0.0,0,1,316.8,264.0,13.3,1203,4947.7,5.9,13.1
cow1007,3,Jersey,1,0,189,248,200,230,203,229,201,227,38.9,1.0,0.0,0,1,262.7,200.4,10.9,2035,1729.6,7.0,12.3
cow1007,4,Jersey,1,0,192,251,201,238,194,235,197,232,39.1,1.0,1.0,0,1,325.3,265.7,15.1,856,1744.7,6.9,15.6
cow1007,5,Jersey,1,0,195,260,202,233,199,227,205,226,39.3,1.0,1.0,1,1,380.3,301.5,15.4,1341,1229.5,7.5,11.2
cow1007,6,Jersey,1,0,194,267,202,232,203,223,207,228,40.2,1.0,1.0,1,1,292.5,234.2,13.7,1574,1436.8,8.2,14.2
cow1008,1,Jersey,5,0,196,225,197,229,203,235,206,220,38.4,0.0,0.0,0,1,241.2,236.2,11.7,1228,3108.4,8.8,14.6
cow1008,2,Jersey,5,0,186,229,205,235,206,219,201,220,38.4,0.0,0.0,0,1,241.2,218.8,14.0,993,637.2,7.5,9.8
cow1008,3,Jersey,5,0,197,233,202,249,201,237,195,237,38.5,1.0,0.0,0,1,326.1,262.2,15.7,1291,2129.4,7.6,13.4
cow1008,4,Jersey,5,0,199,233,188,247,203,234,190,222,38.7,1.0,0.0,1,1,292.6,247.7,14.1,1176,4309.8,7.9,16.4
cow1008,5,Jersey,5,0,203,234,203,258,188,229,199,220,39.1,1.0,1.0,1,1,330.1,282.4,14.9,1175,1863.5,7.4,10.2
cow1008,6,Jersey,5,0,192,228,202,261,202,226,203,224,39.5,1.0,1.0,1,1,273.7,243.5,12.9,1672,4666.4,8.3,14.7
cow1009,1,Jersey,1,0,188,221,198,235,195,239,198,229,38.7,0.0,0.0,0,0,553.2,387.3,10.5,3161,200.5,4.9,18.8
cow1009,2,Jersey,1,0,193,228,194,236,195,227,196,230,38.6,0.0,0.0,0,0,513.7,378.5,11.4,3221,148.3,2.5,21.5
cow1009,3,Jersey,1,0,188,227,193,235,190,220,190,225,38.5,0.0,0.0,0,0,490.7,361.5,9.2,3132,54.8,5.0,21.2
cow1009,4,Jersey,1,0,196,226,199,240,197,228,197,224,38.4,0.0,0.0,0,0,504.0,349.9,14.2,3384,77.5,4.6,18.3
cow1009,5,Jersey,1,0,189,230,200,236,198,237,198,219,38.8,0.0,0.0,0,0,472.1,346.1,11.7,3522,100.9,4.7,17.2
cow1009,6,Jersey,1,0,195,225,195,228,197,232,198,237,38.4,0.0,0.0,0,0,599.6,438.2,12.5,2885,57.4,5.4,21.2
cow1010,1,Jersey,3,0,196,220,193,234,212,222,196,234,38.4,0.0,0.0,0,0,516.1,388.0,10.9,3328,56.1,3.1,22.7
cow1010,2,Jersey,3,0,198,219,188,234,200,224,199,232,,,,0,0,545.8,391.3,9.6,2482,53.8,3.5,22.6
cow1010,3,Jersey,3,0,198,219,197,226,198,233,190,230,38.6,0.0,0.0,0,0,498.5,379.3,13.2,2099,460.3,4.4,19.2
cow1010,4,Jersey,3,0,192,232,187,223,192,227,197,235,38.3,0.0,0.0,0,0,477.9,337.1,10.2,3731,65.9,2.6,22.5
cow1010,5,Jersey,3,0,203,226,202,225,195,229,197,234,38.5,0.0,0.0,0,0,510.6,357.3,11.9,2867,166.2,4.3,19.6
cow1010,6,Jersey,3,0,211,231,199,232,202,236,197,230,38.4,0.0,0.0,0,0,564.0,401.9,12.0,3101,43.6,5.2,18.1
cow1011,1,Jersey,6,0,204,229,207,226,209,240,203,223,38.6,0.0,0.0,0,0,499.2,394.5,11.6,2510,257.4,4.8,18.2
cow1011,2,Jersey,6,0,192,241,185,232,201,242,210,223,38.7,0.0,0.0,0,0,485.2,362.0,10.6,2491,61.2,4.6,19.6
cow1011,3,Jersey,6,0,193,222,195,225,208,234,199,236,38.5,0.0,0.0,0,0,526.2,378.8,11.3,2715,82.4,4.3,21.0
cow1011,4,Jersey,6,0,189,225,197,223,196,219,188,229,38.8,0.0,0.0,0,0,540.0,419.8,10.4,3257,22.4,4.2,18.1
cow1011,5,Jersey,6,0,196,231,209,228,194,226,193,229,38.3,0.0,0.0,0,0,585.7,414.3,12.5,2793,171.8,4.1,20.9
cow1011,6,Jersey,6,0,204,207,192,234,203,231,191,234,38.7,0.0,0.0,0,0,534.2,428.7,12.2,2866,199.5,4.7,20.7
cow1012,1,Jersey,3,0,204,237,188,230,199,227,205,246,38.4,0.0,0.0,0,0,545.8,386.3,11.5,2702,35.0,3.3,20.8
cow1012,2,Jersey,3,0,197,234,195,235,195,233,196,233,38.7,0.0,0.0,0,0,548.8,379.1,10.8,3466,178.8,5.7,19.4
cow1012,3,Jersey,3,0,209,225,205,229,198,220,210,227,38.5,0.0,0.0,0,0,473.9,349.3,14.0,3347,31.5,3.9,21.3
cow1012,4,Jersey,3,0,204,238,193,229,185,232,194,230,38.5,0.0,0.0,0,0,481.5,352.4,9.9,2806,122.9,4.9,18.6
cow1012,5,Jersey,3,0,196,236,197,237,201,234,201,225,38.7,0.0,0.0,0,0,476.6,339.4,9.6,3274,65.1,4.6,20.2
cow1012,6,Jersey,3,0,206,216,203,238,201,231,208,218,38.3,0.0,0.0,0,0,466.7,394.9,11.4,2902,199.9,3.6,19.8
cow1013,1,Jersey,3,0,200,236,188,225,189,227,198,224,38.6,0.0,0.0,0,0,551.8,404.8,11.2,2865,94.4,5.5,20.1
cow1013,2,Jersey,3,0,194,235,208,227,197,228,181,235,38.3,0.0,0.0,0,0,531.6,395.3,12.8,2980,151.2,5.4,20.0
cow1013,3,Jersey,3,0,203,231,194,225,203,223,192,231,38.7,0.0,0.0,0,0,523.2,373.6,12.3,3257,186.8,3.2,17.0
cow1013,4,Jersey,3,0,200,237,195,237,194,235,205,240,38.7,0.0,0.0,0,0,416.3,307.4,11.5,2643,65.0,4.4,21.8
cow1013,5,Jersey,3,0,208,218,192,229,199,225,202,216,38.6,0.0,0.0,0,0,602.2,447.8,12.1,3201,77.9,4.7,19.2
cow1013,6,Jersey,3,0,189,232,207,225,194,227,201,229,38.5,0.0,0.0,0,0,484.2,328.4,12.1,3999,36.9,2.8,21.3
cow1014,1,Jersey,1,0,202,233,206,231,193,232,198,224,38.5,0.0,0.0,0,0,602.1,408.7,14.0,3073,64.6,2.8,21.2
cow1014,2,Jersey,1,0,203,226,201,225,201,228,203,219,38.6,0.0,0.0,0,0,462.0,340.8,11.8,3014,300.7,3.8,19.7
cow1014,3,Jersey,1,0,191,236,195,229,198,236,200,238,38.7,0.0,0.0,0,0,487.5,384.8,10.7,2966,133.9,3.4,20.4
cow1014,4,Jersey,1,0,206,231,197,232,201,230,202,225,38.6,0.0,0.0,0,0,431.9,320.4,11.7,3191,38.6,3.7,18.7
cow1014,5,Jersey,1,0,194,228,195,220,204,234,188,231,38.9,0.0,0.0,0,0,534.5,396.2,8.4,2356,245.2,3.4,22.1
cow1014,6,Jersey,1,0,199,232,199,229,198,230,207,221,38.6,0.0,0.0,0,0,475.9,354.1,11.5,3680,103.9,4.4,19.8
cow1015,1,Jersey,1,0,209,228,193,239,201,233,193,220,38.0,0.0,0.0,0,0,477.1,377.6,12.8,3392,141.0,3.8,20.7
cow1015,2,Jersey,1,0,203,234,202,220,209,226,194,231,38.2,0.0,0.0,0,0,465.1,318.5,12.2,2742,111.5,5.4,20.2
cow1015,3,Jersey,1,0,202,229,191,240,186,240,190,228,38.2,0.0,0.0,0,0,551.1,411.9,11.9,3013,106.2,4.6,19.4
cow1015,4,Jersey,1,0,195,233,197,232,191,233,197,234,38.5,0.0,0.0,0,0,548.5,393.5,12.3,2777,20.0,5.1,22.1
cow1015,5,Jersey,1,0,200,234,186,239,190,226,201,230,38.0,0.0,0.0,0,0,592.5,440.1,12.8,3120,170.6,3.1,21.7
cow1015,6,Jersey,1,0,202,229,203,231,197,231,206,229,38.2,0.0,0.0,0,0,492.6,348.8,13.2,3025,16.7,4.0,21.1
cow1016,1,Jersey,5,0,198,222,192,227,197,220,196,230,38.6,0.0,0.0,0,0,528.8,385.7,12.0,3091,160.2,4.6,20.4
cow1016,2,Jersey,5,0,189,235,202,221,193,231,193,223,38.8,0.0,0.0,0,0,468.4,347.2,11.1,2589,85.1,4.9,19.8
cow1016,3,Jersey,5,0,186,222,184,222,191,228,196,233,38.5,0.0,0.0,0,0,506.6,353.9,8.7,2807,141.5,4.0,20.5
cow1016,4,Jersey,5,0,192,228,199,227,204,235,199,226,38.6,1.0,0.0,0,0,499.2,344.5,12.7,3458,88.6,4.1,21.1
cow1016,5,Jersey,5,0,201,237,192,237,206,232,199,225,38.6,0.0,0.0,0,0,538.6,380.7,12.1,2786,163.4,4.2,23.3
cow1016,6,Jersey,5,0,192,228,195,230,203,219,197,234,38.8,0.0,0.0,0,0,560.7,406.7,11.7,1943,80.3,4.3,21.2
cow1017,1,Jersey,5,0,202,220,197,229,205,228,197,235,38.8,0.0,0.0,0,0,559.6,390.2,10.7,2940,96.4,6.2,22.4
cow1017,2,Jersey,5,0,199,231,195,237,207,216,202,230,38.8,0.0,0.0,0,0,486.3,353.8,12.7,3965,105.1,4.8,20.0
cow1017,3,Jersey,5,0,205,238,193,230,191,228,204,222,38.9,0.0,0.0,0,0,559.9,370.0,11.2,3340,290.8,4.5,16.2
cow1017,4,Jersey,5,0,196,231,204,233,189,222,185,218,38.7,0.0,0.0,0,0,518.2,372.3,11.5,2766,120.2,3.5,19.4
cow1017,5,Jersey,5,0,194,228,201,231,195,222,190,240,38.6,0.0,0.0,0,0,507.0,390.6,11.4,2980,32.0,3.5,19.0
cow1017,6,Jersey,5,0,198,221,192,226,195,235,198,233,38.4,0.0,0.0,0,0,491.7,375.7,12.0,3272,53.8,4.3,20.9
cow1018,1,Jersey,6,0,197,223,201,241,196,224,195,234,38.3,0.0,0.0,0,0,497.6,365.0,10.1,2297,120.1,5.4,21.9
cow1018,2,Jersey,6,0,201,220,209,223,196,229,190,216,38.4,0.0,0.0,0,0,589.7,426.2,12.2,2658,189.6,4.3,18.4
cow1018,3,Jersey,6,0,189,219,196,234,197,227,192,224,,,,0,0,532.3,372.5,10.6,3159,48.2,4.4,19.3
cow1018,4,Jersey,6,0,198,228,197,228,191,223,202,222,38.6,0.0,0.0,0,0,527.0,413.4,10.7,3638,373.2,3.9,18.4
cow1018,5,Jersey,6,0,203,222,211,235,195,228,197,225,38.1,0.0,0.0,0,0,509.5,410.9,12.6,2824,89.7,3.1,23.4
cow1018,6,Jersey,6,0,196,223,195,231,206,231,192,224,38.1,0.0,0.0,0,0,617.8,441.7,10.3,3627,106.2,4.8,18.9
cow1019,1,Jersey,3,0,194,231,205,235,203,227,204,220,38.7,0.0,0.0,0,0,572.2,458.0,12.6,2698,33.4,4.3,19.8
cow1019,2,Jersey,3,0,191,233,207,228,201,219,197,222,39.0,0.0,0.0,0,0,491.2,350.5,11.6,1646,171.6,4.9,22.0
cow1019,3,Jersey,3,0,197,229,203,238,195,225,208,224,38.9,0.0,0.0,0,0,509.1,350.9,9.5,3298,58.4,4.6,20.0
cow1019,4,Jersey,3,0,196,230,198,227,193,237,189,228,38.5,0.0,0.0,0,0,511.4,362.1,13.1,3216,47.4,3.7,16.3
cow1019,5,Jersey,3,0,196,227,207,228,205,224,192,235,38.9,0.0,0.0,0,0,525.8,379.6,11.9,3294,63.8,4.7,20.2
cow1019,6,Jersey,3,0,207,227,197,228,187,232,200,221,39.0,0.0,0.0,0,0,492.0,404.8,12.0,3279,206.5,3.5,19.9
cow1020,1,Jersey,2,0,194,227,205,224,200,222,187,228,38.6,0.0,0.0,0,0,537.6,385.5,12.7,3077,109.6,4.7,18.7
cow1020,2,Jersey,2,0,194,225,202,237,196,229,200,224,38.2,0.0,0.0,0,0,578.1,399.4,13.3,2896,43.0,4.4,19.8
cow1020,3,Jersey,2,0,192,230,195,228,204,235,210,224,37.8,0.0,0.0,0,0,467.5,332.3,11.7,2912,55.1,5.7,15.8
cow1020,4,Jersey,2,0,189,233,197,233,200,225,198,233,38.1,0.0,0.0,0,0,474.9,373.4,12.2,2816,210.3,3.8,21.3
cow1020,5,Jersey,2,0,197,229,196,221,187,237,193,225,38.1,0.0,0.0,0,0,500.7,386.4,11.9,2840,67.5,3.4,20.4
cow1020,6,Jersey,2,0,199,228,204,223,198,228,209,226,38.2,0.0,0.0,0,0,502.5,360.8,11.1,2276,117.0,4.2,19.0
cow1021,1,Jersey,3,0,192,226,196,227,199,237,192,229,,0.0,0.0,0,0,599.9,394.2,9.6,2514,138.5,5.0,18.3
cow1021,2,Jersey,3,0,201,234,196,233,197,228,188,224,38.4,0.0,0.0,0,0,560.1,383.7,11.8,2935,7.5,2.5,21.8
cow1021,3,Jersey,3,0,201,236,198,222,197,232,207,217,38.6,0.0,0.0,0,0,557.8,433.6,13.2,2104,190.2,5.2,19.7
cow1021,4,Jersey,3,0,199,235,194,228,208,223,189,227,38.5,0.0,0.0,0,0,509.4,386.1,12.2,2197,44.1,4.3,22.0
cow1021,5,Jersey,3,0,197,224,194,229,200,227,202,223,38.6,0.0,0.0,0,0,508.5,374.3,10.2,2866,61.9,3.6,20.7
cow1021,6,Jersey,3,0,202,219,215,232,200,232,195,229,38.5,0.0,0.0,0,0,461.9,378.8,12.8,2949,230.0,4.2,22.3
cow1022,1,Jersey,1,0,193,232,196,218,194,231,200,217,38.3,0.0,0.0,0,0,551.3,434.0,11.1,2875,215.8,3.9,21.5
cow1022,2,Jersey,1,0,188,225,204,229,200,221,206,230,38.6,0.0,0.0,0,0,539.6,391.1,9.0,2048,111.6,3.5,20.3
cow1022,3,Jersey,1,0,193,233,198,235,194,229,203,229,38.4,0.0,0.0,0,0,571.4,410.5,12.7,3621,131.4,2.9,18.7
cow1022,4,Jersey,1,0,197,231,192,225,195,235,197,223,38.6,0.0,0.0,0,0,511.6,364.5,10.4,2426,156.1,5.1,21.9
cow1022,5,Jersey,1,0,195,228,204,240,193,232,197,232,38.6,0.0,0.0,0,0,514.3,371.5,13.6,2673,213.3,4.1,19.9
cow1022,6,Jersey,1,0,191,229,208,240,199,228,198,237,38.8,0.0,0.0,0,0,526.8,357.3,12.9,2495,232.9,4.2,18.1
cow1023,1,Jersey,3,0,198,233,189,241,184,233,190,232,38.6,0.0,0.0,0,0,555.7,374.6,11.2,3520,85.6,5.2,20.0
cow1023,2,Jersey,3,0,188,219,193,230,196,232,191,229,38.5,0.0,0.0,0,0,461.2,313.7,12.1,3169,47.7,4.5,19.8
cow1023,3,Jersey,3,0,194,231,192,234,204,220,193,238,38.3,0.0,0.0,0,0,549.4,417.2,14.4,2811,66.6,3.3,20.8
cow1023,4,Jersey,3,0,200,240,198,239,199,228,203,228,38.5,0.0,0.0,0,0,519.2,351.4,12.7,2783,86.7,5.0,18.2
cow1023,5,Jersey,3,0,207,221,203,231,209,234,196,235,38.4,0.0,0.0,0,0,477.7,389.7,11.8,3072,76.6,5.7,23.6
cow1023,6,Jersey,3,0,191,228,198,229,200,228,211,218,38.4,0.0,0.0,0,0,436.6,316.8,15.0,2501,39.5,4.9,20.0
cow1024,1,Jersey,3,0,193,222,198,222,203,226,194,227,38.5,0.0,0.0,0,0,514.5,408.0,11.6,3152,107.4,3.8,20.6
cow1024,2,Jersey,3,0,194,225,199,225,201,228,194,241,38.7,0.0,0.0,0,0,577.9,408.2,12.2,2781,26.9,3.3,19.9
cow1024,3,Jersey,3,0,200,224,196,237,205,222,192,227,38.8,0.0,0.0,0,0,587.0,392.0,10.4,3208,84.3,3.8,18.3
cow1024,4,Jersey,3,0,198,235,199,230,189,230,194,236,38.6,0.0,0.0,0,0,534.2,411.6,9.5,3194,88.1,4.6,20.8
cow1024,5,Jersey,3,0,198,221,196,228,203,225,192,230,38.7,0.0,0.0,0,0,598.5,452.3,11.2,2763,86.0,5.6,21.6
cow1024,6,Jersey,3,0,180,237,201,222,196,231,213,227,38.7,0.0,0.0,0,0,518.3,362.7,11.5,2179,143.0,3.9,19.3
cow1025,1,Jersey,1,0,200,221,198,221,202,227,183,231,38.2,0.0,0.0,0,0,558.1,396.9,11.9,2901,130.5,4.0,21.3
cow1025,2,Jersey,1,0,195,236,193,235,201,228,196,229,38.2,0.0,0.0,0,0,502.0,352.9,9.8,2420,368.8,5.3,21.7
cow1025,3,Jersey,1,0,194,226,204,228,193,215,195,224,38.2,0.0,0.0,0,0,499.4,365.5,12.3,3031,55.6,4.2,18.5
cow1025,4,Jersey,1,0,199,233,205,235,201,229,203,233,38.1,0.0,0.0,0,0,492.9,365.7,10.5,2897,96.3,5.9,21.3
cow1025,5,Jersey,1,0,198,231,187,243,194,223,191,224,37.9,0.0,0.0,0,0,437.6,324.2,12.2,2765,92.2,4.4,20.5
cow1025,6,Jersey,1,0,183,239,201,225,201,236,198,234,38.3,0.0,0.0,0,0,571.5,378.2,12.6,2482,89.2,5.4,21.3
cow1026,1,Holstein Friesian,2,0,186,230,201,235,202,248,194,219,38.4,0.0,0.0,0,0,494.3,354.1,11.0,3475,33.2,4.8,19.8
cow1026,2,Holstein Friesian,2,0,198,234,206,221,195,223,191,228,38.7,0.0,0.0,0,0,487.9,373.4,10.3,2819,35.1,5.1,18.3
cow1026,3,Holstein Friesian,2,0,200,231,200,240,208,227,211,230,38.6,0.0,0.0,0,0,472.8,347.9,13.4,3941,79.8,4.4,17.1
cow1026,4,Holstein Friesian,2,0,197,236,200,235,202,222,201,232,38.4,0.0,0.0,0,0,511.8,369.2,12.5,3014,26.7,4.4,17.7
cow1026,5,Holstein Friesian,2,0,196,227,208,236,199,227,204,227,38.4,0.0,0.0,0,0,590.5,405.6,11.7,3141,63.1,4.8,18.7
cow1026,6,Holstein Friesian,2,0,201,226,191,224,197,239,201,225,38.3,0.0,0.0,0,0,603.8,419.3,13.3,3016,50.8,5.1,17.1
cow1027,1,Jersey,5,0,199,229,203,231,203,242,213,226,38.5,0.0,0.0,0,0,453.6,365.5,11.6,3137,64.7,4.9,21.2
cow1027,2,Jersey,5,0,198,249,201,217,196,233,196,237,38.6,0.0,0.0,0,0,505.8,351.0,10.8,3437,173.7,3.1,20.9
cow1027,3,Jersey,5,0,197,241,196,232,185,229,197,232,38.5,0.0,0.0,0,0,478.6,368.2,10.3,3442,37.7,4.7,19.8
cow1027,4,Jersey,5,0,190,228,190,234,201,234,197,238,38.3,0.0,0.0,0,0,559.5,404.6,11.4,2293,144.9,4.0,19.4
cow1027,5,Jersey,5,0,192,231,201,226,195,232,199,231,38.4,0.0,0.0,0,0,531.5,391.3,12.4,3342,53.5,4.1,21.3
cow1027,6,Jersey,5,0,183,226,198,230,216,228,196,226,38.6,0.0,0.0,0,0,494.5,351.5,13.2,3199,58.3,4.9,19.7
cow1028,1,Jersey,6,0,202,234,189,218,196,228,201,230,38.5,0.0,0.0,0,0,522.9,375.4,11.5,3014,109.6,5.9,19.7
cow1028,2,Jersey,6,0,201,221,203,230,198,233,200,238,38.6,0.0,0.0,0,0,500.9,368.4,13.0,3685,65.7,4.3,18.1
cow1028,3,Jersey,6,0,200,222,183,235,205,235,196,229,38.5,0.0,0.0,0,0,584.6,409.4,11.2,3701,42.9,6.1,20.4
cow1028,4,Jersey,6,0,203,239,187,224,204,227,206,227,38.6,0.0,0.0,0,0,541.9,399.1,10.6,3362,61.5,3.6,20.4
cow1028,5,Jersey,6,0,201,230,194,227,193,231,193,229,38.6,0.0,0.0,0,0,546.8,404.3,9.9,2783,23.3,5.5,22.0
cow1028,6,Jersey,6,0,198,245,198,227,199,228,197,231,38.5,0.0,0.0,0,0,413.3,355.1,10.9,2523,103.4,4.8,18.5
cow1029,1,Jersey,2,0,202,237,199,228,198,232,202,226,39.0,0.0,0.0,0,0,517.3,383.4,10.0,3302,9.3,4.7,20.1
cow1029,2,Jersey,2,0,188,227,196,231,197,229,189,225,39.2,0.0,0.0,0,0,603.3,395.6,13.9,3544,146.7,5.6,19.8
cow1029,3,Jersey,2,0,203,235,202,225,190,226,203,210,39.1,0.0,0.0,0,0,573.0,432.8,12.0,2189,121.5,4.0,22.7
cow1029,4,Jersey,2,0,209,242,191,234,191,233,195,232,38.7,0.0,0.0,0,0,446.1,332.0,11.4,3435,240.1,5.5,20.0
cow1029,5,Jersey,2,0,186,229,184,233,202,231,190,231,39.0,0.0,0.0,0,0,507.5,408.7,13.6,2898,358.6,4.3,19.5
cow1029,6,Jersey,2,0,196,228,197,226,203,219,201,227,39.1,0.0,0.0,0,0,471.9,377.6,9.9,2276,151.6,4.0,22.1
cow1030,1,Jersey,5,0,197,225,199,232,205,237,189,232,39.1,0.0,0.0,0,1,363.4,287.0,13.3,1488,1203.4,6.9,13.1
cow1030,2,Jersey,5,0,209,229,199,245,203,231,200,225,39.1,0.0,0.0,0,1,304.8,273.9,15.9,1664,9999.0,9.3,13.7
cow1030,3,Jersey,5,0,203,227,203,228,207,238,198,245,38.7,0.0,0.0,0,1,264.3,225.9,13.3,1159,762.3,8.9,14.8
cow1030,4,Jersey,5,0,195,230,202,221,195,231,199,228,38.9,0.0,0.0,0,1,296.4,255.9,16.4,877,430.6,7.6,10.0
cow1030,5,Jersey,5,0,272,297,196,254,192,231,199,221,39.9,0.0,0.0,1,1,190.7,204.6,14.4,1985,8879.0,8.4,12.7
cow1030,6,Jersey,5,0,314,328,193,258,190,230,193,238,40.2,1.0,0.0,1,1,251.6,249.0,15.1,1033,3240.0,8.1,8.0
cow1031,1,Jersey,1,0,189,226,196,222,202,231,201,232,38.4,0.0,0.0,0,0,521.5,397.0,13.1,3464,21.7,4.2,20.3
cow1031,2,Jersey,1,0,195,226,192,234,200,232,195,235,38.6,0.0,0.0,0,0,553.8,401.6,11.5,2395,31.1,5.3,18.2
cow1031,3,Jersey,1,0,201,223,196,232,197,245,201,227,38.6,0.0,0.0,0,0,442.3,378.1,10.9,3166,116.2,4.0,22.4
cow1031,4,Jersey,1,0,206,235,182,231,199,227,200,227,38.7,0.0,0.0,0,0,504.8,364.3,11.4,3155,43.6,2.7,21.6
cow1031,5,Jersey,1,0,192,227,200,226,205,233,198,233,38.6,0.0,0.0,0,0,560.4,375.3,10.3,3349,48.1,4.7,20.9
cow1031,6,Jersey,1,0,197,232,197,227,190,231,200,220,38.1,0.0,0.0,0,0,461.9,319.7,11.4,3597,309.0,4.6,22.0
cow1032,1,Jersey,4,0,187,239,205,229,190,233,188,231,38.3,0.0,0.0,0,0,529.2,412.0,11.5,2675,350.3,4.0,20.4
cow1032,2,Jersey,4,0,208,227,185,232,196,236,201,239,38.6,0.0,0.0,0,0,522.6,380.2,13.5,3208,87.9,3.8,19.0
cow1032,3,Jersey,4,0,187,235,191,240,203,223,202,220,38.6,0.0,0.0,0,0,588.6,424.0,12.2,2453,71.6,3.3,18.5
cow1032,4,Jersey,4,0,198,223,198,232,198,232,202,234,38.6,0.0,0.0,0,0,510.8,364.7,14.3,2449,148.2,4.2,21.5
cow1032,5,Jersey,4,0,198,231,207,233,200,224,191,228,38.5,0.0,0.0,0,0,513.1,367.7,8.9,2769,53.9,3.8,18.7
cow1032,6,Jersey,4,0,204,241,191,226,196,223,209,238,38.6,0.0,0.0,0,0,554.2,386.4,10.0,3164,17.0,5.3,22.7
cow1033,1,Jersey,1,0,209,228,198,238,201,233,196,226,38.3,0.0,0.0,0,0,466.9,356.6,11.1,3671,11.8,4.9,18.5
cow1033,2,Jersey,1,0,187,227,194,237,200,230,195,221,38.3,0.0,0.0,0,0,511.2,372.9,13.3,3744,75.5,4.1,21.2
cow1033,3,Jersey,1,0,191,227,204,230,199,229,199,235,38.5,0.0,0.0,0,0,501.8,376.9,11.4,2858,146.1,4.9,20.8
cow1033,4,Jersey,1,0,207,223,192,231,192,226,211,236,38.2,0.0,0.0,0,0,514.4,382.8,9.7,3122,80.3,4.4,17.8
cow1033,5,Jersey,1,0,202,233,194,231,203,220,208,236,38.3,0.0,0.0,0,0,553.9,392.7,11.2,3377,139.0,4.3,18.7
cow1033,6,Jersey,1,0,207,236,208,222,197,230,195,229,38.3,0.0,0.0,0,0,542.2,367.0,10.1,3306,148.9,4.5,18.9
cow1034,1,Jersey,6,0,199,224,200,231,195,231,195,223,38.1,0.0,0.0,0,0,490.1,334.2,9.8,2932,206.9,5.9,24.3
cow1034,2,Jersey,6,0,192,227,192,226,192,226,200,220,37.9,0.0,0.0,0,0,525.5,437.8,13.9,3030,90.3,5.0,20.1
cow1034,3,Jersey,6,0,210,242,199,238,197,232,205,227,38.0,0.0,0.0,0,0,579.6,442.4,11.1,2956,96.1,4.3,18.9
cow1034,4,Jersey,6,0,198,225,192,240,195,237,184,234,38.3,0.0,0.0,0,0,486.7,384.2,11.7,2917,77.4,5.2,21.0
cow1034,5,Jersey,6,0,196,233,196,218,193,225,195,229,38.2,0.0,0.0,0,0,525.8,371.3,11.4,2863,66.4,5.2,18.6
cow1034,6,Jersey,6,0,201,241,193,239,213,231,195,236,38.1,0.0,0.0,0,0,512.3,375.5,11.2,2952,26.8,4.7,20.5
cow1035,1,Jersey,6,0,204,220,191,223,188,225,194,222,38.3,0.0,0.0,0,0,517.5,363.8,10.5,2838,178.5,4.2,19.9
cow1035,2,Jersey,6,0,195,232,204,238,203,235,194,225,38.5,0.0,0.0,0,0,454.8,317.2,11.1,2546,60.9,4.2,21.0
cow1035,3,Jersey,6,0,191,224,196,233,201,234,196,234,38.5,0.0,0.0,0,0,576.4,403.3,11.9,3345,58.6,3.6,19.9
cow1035,4,Jersey,6,0,201,229,191,232,201,224,197,232,38.3,0.0,0.0,0,0,489.0,385.3,13.2,3207,54.6,4.6,18.6
cow1035,5,Jersey,6,0,189,238,192,230,191,220,199,229,38.4,0.0,0.0,0,0,561.0,419.8,12.6,3751,31.5,4.0,21.4
cow1035,6,Jersey,6,0,205,226,206,224,201,226,203,225,37.9,0.0,0.0,0,0,495.1,347.6,10.0,3148,74.9,4.2,20.9
cow1036,1,Jersey,2,0,193,218,191,224,200,225,195,229,38.8,0.0,0.0,0,0,495.0,359.3,12.7,2833,113.5,5.0,19.2
cow1036,2,Jersey,2,0,199,229,194,233,213,236,202,219,38.3,0.0,0.0,0,0,568.5,422.6,12.1,2749,48.8,5.8,17.2
cow1036,3,Jersey,2,0,195,227,210,224,201,240,202,235,38.9,0.0,0.0,0,0,559.8,393.6,10.8,3019,162.7,4.8,20.7
cow1036,4,Jersey,2,0,200,224,195,232,202,231,202,224,38.6,0.0,0.0,0,0,528.3,386.4,11.7,3221,61.6,4.4,19.3
cow1036,5,Jersey,2,0,206,236,202,232,196,228,197,231,38.8,0.0,0.0,0,0,550.4,405.5,12.2,2902,27.6,4.5,21.2
cow1036,6,Jersey,2,0,204,226,191,226,200,223,194,235,38.5,0.0,0.0,0,0,508.5,380.1,11.6,2412,205.2,5.4,18.3
cow1037,1,Holstein Friesian,3,0,199,240,193,228,198,223,197,217,38.4,0.0,0.0,0,0,519.7,384.4,12.1,2704,91.1,4.8,17.5
cow1037,2,Holstein Friesian,3,0,202,230,191,228,202,232,208,230,38.0,0.0,0.0,0,0,493.5,352.4,10.5,3007,144.2,4.7,18.2
cow1037,3,Holstein Friesian,3,0,197,235,199,227,199,223,198,232,37.9,0.0,0.0,0,0,556.2,391.8,13.9,3296,146.6,4.7,18.2
cow1037,4,Holstein Friesian,3,0,184,235,195,246,193,225,196,235,38.3,0.0,0.0,0,0,492.3,343.0,9.2,2406,41.3,3.4,17.2
cow1037,5,Holstein Friesian,3,0,200,231,200,235,199,241,188,236,38.2,0.0,0.0,0,0,579.4,387.5,12.2,3106,55.4,4.8,19.5
cow1037,6,Holstein Friesian,3,0,199,234,192,224,207,229,197,241,38.1,0.0,0.0,0,0,507.4,370.4,11.9,3088,162.3,3.8,16.4
cow1038,1,Jersey,5,0,206,233,192,225,197,230,202,228,38.7,0.0,0.0,0,0,520.8,395.2,12.3,2819,282.2,4.8,21.9
cow1038,2,Jersey,5,0,194,237,187,223,190,231,201,215,38.8,0.0,0.0,0,0,550.3,373.4,10.6,2765,83.0,3.9,21.1
cow1038,3,Jersey,5,0,203,225,203,222,191,224,197,226,38.4,0.0,0.0,0,0,521.0,385.5,12.9,2705,51.5,5.0,18.3
cow1038,4,Jersey,5,0,197,238,198,234,195,230,191,227,38.5,0.0,0.0,0,0,508.1,387.0,11.4,3056,253.9,4.4,20.1
cow1038,5,Jersey,5,0,208,229,192,228,207,224,201,219,38.4,0.0,0.0,0,0,518.8,346.2,10.1,3451,51.5,3.6,20.1
cow1038,6,Jersey,5,0,191,232,197,225,210,233,196,230,38.5,0.0,0.0,0,0,555.8,396.6,10.2,3479,99.7,4.3,21.0
cow1039,1,Jersey,4,0,193,237,192,226,204,237,204,234,38.6,0.0,0.0,0,0,493.5,393.7,11.6,2550,59.1,6.3,18.4
cow1039,2,Jersey,4,0,189,229,203,234,193,224,196,230,38.7,0.0,0.0,0,0,515.0,386.9,9.6,2925,95.7,2.7,19.9
cow1039,3,Jersey,4,0,198,223,209,230,203,229,197,238,38.4,0.0,0.0,0,0,520.4,346.6,13.7,2123,41.3,4.6,21.0
cow1039,4,Jersey,4,0,195,229,196,225,203,233,192,225,38.4,0.0,0.0,0,0,554.6,412.6,12.8,3044,61.3,3.7,20.0
cow1039,5,Jersey,4,0,190,236,205,223,188,225,194,221,38.4,0.0,0.0,0,0,516.0,364.1,13.7,3239,51.5,5.6,20.2
cow1039,6,Jersey,4,0,195,229,200,222,200,229,195,240,38.6,0.0,0.0,0,0,592.3,435.8,13.6,3628,125.5,5.2,18.6
cow1040,1,Jersey,3,0,188,228,194,231,203,230,202,224,38.5,0.0,0.0,0,0,513.7,363.8,11.1,2285,88.9,4.6,18.7
cow1040,2,Jersey,3,0,199,224,196,236,196,231,195,229,38.6,0.0,0.0,0,0,510.5,373.3,10.5,2565,145.9,5.2,21.7
cow1040,3,Jersey,3,0,198,228,200,228,207,227,209,235,38.5,0.0,0.0,0,0,513.2,366.2,8.3,3058,44.9,4.7,18.8
cow1040,4,Jersey,3,0,197,236,207,241,192,231,202,240,38.6,0.0,0.0,0,0,467.3,348.5,11.0,2353,68.8,4.5,18.5
cow1040,5,Jersey,3,0,199,219,207,223,198,228,192,226,38.3,0.0,0.0,0,0,478.5,344.9,13.6,3069,122.3,4.0,18.3
cow1040,6,Jersey,3,0,195,229,197,233,195,229,204,224,38.4,0.0,0.0,0,0,498.8,363.2,10.5,3249,143.8,4.2,18.8
cow1041,1,Jersey,2,0,208,220,206,234,195,228,195,234,37.7,0.0,0.0,0,0,565.4,386.1,11.2,2487,29.3,4.1,18.6
cow1041,2,Jersey,2,0,204,225,192,231,197,226,192,231,37.7,0.0,0.0,0,0,518.7,388.0,10.8,3053,98.9,4.5,21.7
cow1041,3,Jersey,2,0,195,225,193,227,196,234,198,235,37.9,0.0,0.0,0,0,500.6,371.5,11.9,2515,45.3,3.0,18.7
cow1041,4,Jersey,2,0,194,224,201,230,202,228,195,235,37.8,0.0,0.0,0,0,569.1,380.3,13.0,3550,148.9,5.3,18.0
cow1041,5,Jersey,2,0,195,220,197,223,200,226,204,233,37.9,0.0,0.0,0,0,582.0,435.1,9.7,3083,287.2,6.1,19.6
cow1041,6,Jersey,2,0,207,231,192,226,211,240,184,228,37.7,0.0,1.0,0,0,570.2,407.0,9.9,2744,13.1,4.2,19.1
cow1042,1,Jersey,3,0,198,230,195,231,199,230,198,232,38.6,0.0,0.0,0,0,485.9,362.4,13.3,2505,50.5,5.4,19.8
cow1042,2,Jersey,3,0,202,227,196,236,202,237,194,223,38.6,0.0,0.0,0,0,500.2,381.9,12.4,3156,95.3,4.4,22.5
cow1042,3,Jersey,3,0,196,232,201,220,194,233,196,235,38.4,0.0,0.0,0,0,592.5,429.4,11.2,3543,79.2,4.0,17.9
cow1042,4,Jersey,3,0,200,230,199,217,195,236,203,227,38.5,0.0,0.0,0,0,529.6,406.8,13.5,2691,152.0,4.2,20.2
cow1042,5,Jersey,3,0,181,222,190,218,200,233,196,230,38.6,0.0,0.0,0,0,509.3,368.3,9.9,2824,83.9,4.6,22.9
cow1042,6,Jersey,3,0,198,231,201,236,191,219,199,226,38.6,0.0,0.0,0,0,548.7,415.9,12.6,2699,55.1,3.9,19.4
cow1043,1,Jersey,1,0,196,234,207,234,196,228,198,236,38.2,0.0,0.0,0,0,560.3,406.4,11.4,3622,39.3,5.0,19.7
cow1043,2,Jersey,1,0,200,224,205,232,184,239,199,228,38.3,0.0,0.0,0,0,497.1,375.4,12.2,2237,34.9,4.1,18.0
cow1043,3,Jersey,1,0,194,226,195,229,201,220,189,235,38.3,0.0,0.0,0,0,528.8,392.5,8.6,3514,47.6,3.6,20.5
cow1043,4,Jersey,1,0,196,224,194,236,199,229,191,231,38.3,0.0,0.0,0,0,557.1,424.6,11.2,2849,53.8,4.5,18.5
cow1043,5,Jersey,1,0,200,228,193,228,208,230,197,222,38.3,0.0,0.0,0,0,473.6,365.1,12.4,2971,103.5,3.9,20.3
cow1043,6,Jersey,1,0,194,222,197,222,190,231,204,219,38.3,0.0,0.0,1,0,520.5,372.3,11.4,2864,71.3,4.2,19.3
cow1044,1,Jersey,1,1,195,236,204,242,198,228,214,216,38.6,0.0,0.0,0,1,250.4,216.7,15.0,1396,1180.8,8.0,16.3
cow1044,2,Jersey,1,1,194,230,196,233,182,231,208,227,38.5,0.0,0.0,0,1,255.7,230.5,15.0,1008,884.6,6.9,16.0
cow1044,3,Jersey,1,1,199,231,197,230,211,217,195,235,38.6,0.0,0.0,0,1,272.5,227.8,12.3,1723,1132.6,9.2,9.8
cow1044,4,Jersey,1,1,209,228,211,232,204,235,190,229,38.6,0.0,0.0,0,1,314.1,247.5,14.5,1740,1266.5,8.7,12.3
cow1044,5,Jersey,1,1,273,226,242,276,190,224,196,214,39.9,0.0,1.0,0,1,282.1,209.0,12.3,907,1091.8,7.5,9.8
cow1044,6,Jersey,1,1,303,231,269,294,196,228,201,231,40.4,1.0,1.0,0,1,269.1,211.6,13.6,1567,3432.3,8.0,14.0
cow1045,1,Jersey,5,0,191,226,199,236,198,223,198,236,38.3,0.0,0.0,0,0,522.1,417.0,12.3,2857,204.4,5.0,17.3
cow1045,2,Jersey,5,0,200,230,192,229,214,230,190,229,38.1,0.0,0.0,0,0,474.1,340.7,10.5,3021,35.3,4.7,21.6
cow1045,3,Jersey,5,0,189,236,204,240,208,232,207,240,38.7,0.0,0.0,0,0,537.2,424.6,12.4,3610,172.1,6.0,20.7
cow1045,4,Jersey,5,0,196,235,208,243,200,233,190,226,38.7,0.0,0.0,0,0,565.3,414.4,10.9,2730,128.2,4.3,21.3
cow1045,5,Jersey,5,0,187,232,198,224,195,248,194,227,38.7,0.0,0.0,0,0,516.8,377.2,10.8,3371,89.9,5.5,18.7
cow1045,6,Jersey,5,0,193,222,194,231,195,233,196,232,38.6,0.0,0.0,0,0,511.9,348.1,12.3,3183,228.0,3.4,20.2
cow1046,1,Jersey,5,0,196,237,199,219,201,230,190,233,38.6,0.0,0.0,0,0,534.9,389.0,10.5,2922,70.6,3.6,18.1
cow1046,2,Jersey,5,0,196,235,202,239,198,232,185,230,38.7,1.0,0.0,0,0,438.9,365.4,10.4,3147,104.9,5.8,21.2
cow1046,3,Jersey,5,0,201,224,207,233,185,225,196,233,38.8,0.0,0.0,0,0,541.5,420.9,12.7,3099,86.5,4.2,22.7
cow1046,4,Jersey,5,0,194,225,189,223,197,231,206,236,38.6,0.0,0.0,0,0,644.1,459.4,11.6,2537,82.2,3.6,23.5
cow1046,5,Jersey,5,0,183,232,198,223,190,233,199,222,38.7,0.0,0.0,0,0,515.1,356.4,9.8,2757,109.1,4.5,17.4
cow1046,6,Jersey,5,0,201,229,195,231,200,234,208,235,,0.0,0.0,0,0,515.2,359.9,12.5,2582,82.0,5.5,20.9
cow1047,1,Holstein Friesian,6,0,201,240,187,234,204,236,200,233,38.6,0.0,0.0,0,0,549.7,382.5,11.0,2889,109.6,3.9,18.2
cow1047,2,Holstein Friesian,6,0,198,231,201,235,194,211,195,226,38.6,0.0,0.0,0,0,585.8,442.5,9.8,3538,50.0,4.5,17.7
cow1047,3,Holstein Friesian,6,0,192,233,202,229,200,237,200,231,38.4,0.0,0.0,0,0,559.0,432.8,8.5,3232,51.1,3.0,18.6
cow1047,4,Holstein Friesian,6,0,187,231,190,232,202,221,191,235,38.7,0.0,0.0,0,0,433.8,331.8,12.6,2427,49.9,4.1,16.4
cow1047,5,Holstein Friesian,6,0,208,233,196,235,199,228,202,228,38.4,0.0,0.0,0,0,542.5,388.1,10.5,2891,61.7,5.3,20.3
cow1047,6,Holstein Friesian,6,0,204,225,197,230,198,233,192,224,38.3,0.0,0.0,0,0,622.9,469.6,10.0,3093,160.0,3.9,16.5
cow1048,1,Jersey,3,0,192,233,199,232,194,242,205,230,38.5,0.0,0.0,0,1,319.9,252.3,14.3,1598,1374.8,7.0,11.0
cow1048,2,Jersey,3,0,220,232,199,219,196,225,203,225,38.4,0.0,0.0,0,1,248.8,228.2,14.5,1040,3375.7,7.4,14.8
cow1048,3,Jersey,3,0,198,232,195,238,189,240,199,232,38.4,0.0,0.0,0,1,306.3,270.1,12.6,805,2471.2,7.5,9.4
cow1048,4,Jersey,3,0,217,250,218,238,206,228,195,217,39.2,1.0,0.0,0,1,243.8,208.7,14.6,1277,1398.0,8.6,14.9
cow1048,5,Jersey,3,0,225,252,225,228,198,226,195,217,40.1,0.0,1.0,0,1,344.3,273.1,16.0,1528,5730.8,8.3,9.5
cow1048,6,Jersey,3,0,225,252,227,234,197,240,199,229,40.8,1.0,1.0,1,1,256.8,219.2,15.1,1394,3611.1,8.5,11.1
cow1049,1,Jersey,1,0,204,221,201,227,191,228,195,233,38.6,0.0,0.0,0,1,298.0,282.3,14.9,946,1998.1,8.0,10.8
cow1049,2,Jersey,1,0,195,224,193,230,194,228,192,229,38.6,0.0,0.0,0,1,260.7,268.9,13.9,2002,1869.0,7.5,9.7
cow1049,3,Jersey,1,0,206,236,192,228,185,233,201,239,38.5,0.0,0.0,0,1,273.1,244.0,13.0,1260,2151.8,7.4,10.6
cow1049,4,Jersey,1,0,227,226,228,225,198,220,192,243,39.3,0.0,0.0,0,1,354.4,285.8,13.4,1377,581.7,8.3,12.0
cow1049,5,Jersey,1,0,231,226,228,245,195,225,203,225,39.4,0.0,0.0,1,1,299.1,246.7,14.0,1035,1026.3,9.3,15.1
cow1049,6,Jersey,1,0,239,226,237,228,187,236,204,228,40.4,1.0,1.0,0,1,272.6,241.6,12.0,1743,2896.5,7.2,13.4
cow1050,1,Jersey,6,0,208,236,207,228,196,224,205,223,38.3,0.0,0.0,0,1,249.2,217.6,12.6,1529,557.2,7.2,12.9
cow1050,2,Jersey,6,0,196,226,203,221,197,221,196,228,38.4,0.0,0.0,0,1,220.1,208.3,11.8,1426,1092.3,7.1,12.0
cow1050,3,Jersey,6,0,196,247,192,234,195,228,190,230,38.2,1.0,0.0,0,1,244.9,232.4,13.8,839,1454.2,8.7,9.7
cow1050,4,Jersey,6,0,205,251,198,235,187,229,203,224,38.6,1.0,0.0,0,1,299.5,250.4,13.6,1738,9999.0,8.0,10.9
cow1050,5,Jersey,6,0,194,252,200,235,200,233,188,231,39.1,1.0,1.0,1,1,334.2,275.1,12.7,1603,3434.1,8.4,10.4
cow1050,6,Jersey,6,0,208,255,192,237,205,228,184,238,39.2,1.0,1.0,1,1,272.6,238.2,14.5,1706,4831.4,7.6,7.7
cow1051,1,Jersey,6,0,192,228,199,228,188,222,199,229,39.0,0.0,0.0,0,1,357.8,287.0,12.2,1315,1042.8,8.5,11.2
cow1051,2,Jersey,6,0,194,238,204,238,194,226,205,232,39.0,0.0,0.0,0,1,266.3,229.8,12.7,1270,2671.3,7.8,13.0
cow1051,3,Jersey,6,0,188,224,202,233,197,222,197,231,39.0,0.0,0.0,0,1,285.5,263.0,14.4,1227,483.0,6.8,12.5
cow1051,4,Jersey,6,0,194,233,209,222,208,217,193,239,39.0,0.0,0.0,0,1,251.8,197.2,14.6,2212,1528.6,8.7,9.3
cow1051,5,Jersey,6,0,267,221,196,265,194,238,193,230,40.0,0.0,0.0,1,1,334.6,307.1,12.5,1083,2998.3,8.0,10.7
cow1051,6,Jersey,6,0,310,229,202,288,203,219,198,232,41.3,1.0,1.0,1,1,378.9,307.8,13.8,826,636.6,7.8,14.2
cow1052,1,Jersey,1,0,188,233,196,235,192,225,200,235,38.3,0.0,0.0,0,0,449.5,348.7,10.6,2851,104.2,4.7,21.7
cow1052,2,Jersey,1,0,199,241,192,233,196,231,192,227,38.7,0.0,1.0,0,0,506.2,384.7,11.3,2787,110.4,3.3,21.2
cow1052,3,Jersey,1,0,196,232,203,229,208,228,190,225,38.6,0.0,0.0,0,0,570.6,397.6,11.7,3504,52.4,4.8,20.4
cow1052,4,Jersey,1,0,198,231,197,225,190,225,196,227,38.5,0.0,0.0,0,0,462.1,328.8,12.2,2458,44.6,4.0,20.6
cow1052,5,Jersey,1,0,198,230,201,225,192,226,195,240,38.5,0.0,0.0,0,0,542.7,375.0,11.9,2775,48.5,4.4,21.4
cow1052,6,Jersey,1,0,199,233,187,235,198,230,199,229,38.0,0.0,0.0,0,0,568.9,404.9,11.8,3076,62.5,5.4,20.4
cow1053,1,Jersey,6,0,193,225,200,232,199,237,200,228,38.6,0.0,0.0,0,0,523.1,394.5,10.2,3507,63.8,5.0,21.4
cow1053,2,Jersey,6,0,197,231,194,222,199,229,192,237,38.9,0.0,0.0,0,0,542.0,382.7,12.0,3285,112.9,4.4,19.2
cow1053,3,Jersey,6,0,197,228,211,229,199,238,205,225,38.9,0.0,0.0,0,0,590.4,433.2,12.2,3648,54.9,4.4,18.3
cow1053,4,Jersey,6,0,195,225,187,238,197,227,197,229,38.6,0.0,0.0,0,0,597.9,384.1,12.3,3138,240.2,2.5,19.8
cow1053,5,Jersey,6,0,209,226,194,214,194,229,182,220,38.5,0.0,0.0,0,0,517.5,371.6,10.6,2919,239.0,3.8,17.9
cow1053,6,Jersey,6,0,197,236,187,219,186,223,192,227,38.6,0.0,0.0,0,0,498.7,388.2,12.6,3342,93.5,4.6,21.8
cow1054,1,Jersey,4,0,197,234,198,234,206,233,197,233,38.4,0.0,0.0,0,0,483.2,354.8,9.9,2453,62.6,3.9,21.0
cow1054,2,Jersey,4,0,197,234,196,232,195,223,207,230,38.5,0.0,0.0,0,0,559.1,388.5,11.0,2316,55.0,3.4,19.6
cow1054,3,Jersey,4,0,199,236,193,239,197,234,198,230,38.1,0.0,0.0,0,0,465.1,335.3,11.2,3391,98.9,4.9,21.6
cow1054,4,Jersey,4,0,192,224,199,238,191,224,185,228,38.2,0.0,0.0,0,0,509.9,319.4,10.0,3084,111.6,5.5,20.4
cow1054,5,Jersey,4,0,206,226,201,219,197,237,204,230,38.5,0.0,0.0,0,0,524.1,364.3,11.2,3386,69.1,3.9,21.7
cow1054,6,Jersey,4,0,187,228,200,228,206,230,201,234,38.4,0.0,0.0,1,0,499.9,387.0,11.8,2659,60.5,5.2,21.8
cow1055,1,Holstein Friesian,6,0,196,232,200,227,199,235,207,224,38.3,0.0,0.0,0,0,531.2,376.2,9.3,3514,101.3,5.1,18.0
cow1055,2,Holstein Friesian,6,0,192,229,200,242,203,235,195,227,38.3,0.0,0.0,0,0,622.6,433.2,11.0,3268,83.3,3.7,17.0
cow1055,3,Holstein Friesian,6,0,197,222,203,231,204,238,203,223,38.5,0.0,0.0,0,0,515.1,335.1,9.4,2988,53.5,3.9,18.5
cow1055,4,Holstein Friesian,6,0,189,219,198,231,199,235,198,229,38.5,0.0,0.0,0,0,502.6,340.2,13.9,3083,85.9,5.9,17.0
cow1055,5,Holstein Friesian,6,0,193,228,201,237,192,228,204,229,38.2,0.0,0.0,0,0,560.6,425.8,11.8,3139,52.3,3.6,17.4
cow1055,6,Holstein Friesian,6,0,196,234,197,235,196,225,185,238,38.7,0.0,0.0,0,0,529.6,396.9,11.7,2657,47.3,4.0,17.1
cow1056,1,Jersey,1,0,198,227,209,228,198,232,195,244,38.2,0.0,0.0,0,0,577.6,391.2,11.8,2846,79.2,6.1,21.7
cow1056,2,Jersey,1,0,190,229,197,224,187,221,206,224,38.0,0.0,0.0,0,0,526.6,372.6,12.2,3132,53.4,4.0,20.0
cow1056,3,Jersey,1,0,197,225,208,226,195,231,193,230,38.2,0.0,0.0,0,0,510.1,373.5,12.7,2830,47.9,5.6,20.1
cow1056,4,Jersey,1,0,199,240,197,230,197,236,200,207,38.4,0.0,0.0,0,0,448.7,315.7,9.6,2412,163.6,3.7,19.6
cow1056,5,Jersey,1,0,190,226,207,224,204,236,201,222,38.2,0.0,0.0,0,0,455.2,305.1,13.1,3118,60.6,4.6,20.1
cow1056,6,Jersey,1,0,197,226,200,232,197,240,193,226,38.3,0.0,0.0,0,0,446.6,333.1,13.0,3334,283.8,5.4,21.4
cow1057,1,Jersey,5,0,196,229,198,223,207,226,191,236,38.4,0.0,0.0,0,0,535.2,399.4,11.4,3427,122.5,4.1,19.7
cow1057,2,Jersey,5,0,203,235,193,242,198,232,198,231,38.3,0.0,0.0,0,0,465.5,358.0,11.4,3213,45.1,4.6,21.0
cow1057,3,Jersey,5,0,190,226,197,223,196,236,198,246,38.1,0.0,0.0,0,0,570.2,425.9,7.8,3327,177.0,5.1,20.4
cow1057,4,Jersey,5,0,201,236,191,222,202,232,200,239,38.4,0.0,0.0,0,0,521.2,352.8,10.0,3395,48.4,3.8,19.8
cow1057,5,Jersey,5,0,194,238,197,233,198,217,196,231,38.3,0.0,0.0,0,0,510.2,375.2,12.1,3032,310.5,6.3,20.2
cow1057,6,Jersey,5,0,192,225,205,226,205,227,194,243,38.3,0.0,0.0,0,0,486.2,354.9,12.9,2152,92.9,5.3,19.4
cow1058,1,Jersey,6,0,205,232,196,229,201,230,199,232,38.3,0.0,0.0,0,0,544.9,393.4,12.4,3464,115.6,4.2,18.7
cow1058,2,Jersey,6,0,195,220,213,240,201,231,195,227,38.5,0.0,0.0,0,0,487.8,356.9,11.4,2643,81.1,4.3,20.7
cow1058,3,Jersey,6,0,205,226,188,220,200,239,198,224,38.5,0.0,0.0,0,0,480.6,344.5,13.8,2548,95.4,6.0,20.7
cow1058,4,Jersey,6,0,199,231,202,224,199,222,198,222,38.5,0.0,0.0,0,0,567.5,354.2,12.7,2559,67.8,4.2,22.7
cow1058,5,Jersey,6,0,197,239,201,230,200,232,198,237,38.2,0.0,0.0,0,0,534.2,409.4,11.0,3994,41.9,4.1,21.5
cow1058,6,Jersey,6,0,197,229,194,241,192,227,193,226,38.6,0.0,0.0,0,0,510.6,380.3,14.1,3176,100.4,5.4,19.9
cow1059,1,Jersey,3,0,203,229,192,222,199,232,210,238,39.0,0.0,1.0,0,0,545.7,368.7,10.2,2583,161.2,3.4,18.5
cow1059,2,Jersey,3,0,204,234,201,233,186,225,189,226,39.0,0.0,0.0,0,0,520.4,388.7,9.7,2727,34.9,4.4,22.0
cow1059,3,Jersey,3,0,197,223,201,218,196,239,203,221,38.8,0.0,0.0,0,0,535.3,381.1,11.0,3000,230.2,4.6,19.5
cow1059,4,Jersey,3,0,199,222,194,228,194,232,196,222,39.1,0.0,0.0,0,0,487.3,352.9,10.6,3217,120.3,3.9,19.6
cow1059,5,Jersey,3,0,198,229,203,227,197,227,209,218,38.9,0.0,0.0,0,0,602.8,415.9,11.1,3112,58.7,3.2,22.2
cow1059,6,Jersey,3,0,202,226,196,231,202,218,206,222,39.3,0.0,0.0,0,0,496.8,375.8,12.5,2629,58.0,4.6,18.6
cow1060,1,Holstein Friesian,1,0,209,232,206,231,209,236,199,227,38.1,0.0,0.0,0,0,582.2,402.9,11.5,3127,287.9,5.1,18.0
cow1060,2,Holstein Friesian,1,0,196,239,200,243,191,233,196,226,38.0,0.0,0.0,0,0,512.4,355.7,11.5,2756,151.9,4.0,16.6
cow1060,3,Holstein Friesian,1,0,197,232,193,233,201,234,195,224,38.0,0.0,0.0,0,0,552.3,419.7,11.6,3419,174.6,3.6,17.6
cow1060,4,Holstein Friesian,1,0,191,225,189,229,194,218,188,225,38.3,0.0,0.0,0,0,549.4,394.4,8.7,3023,66.8,5.5,18.0
cow1060,5,Holstein Friesian,1,0,199,220,190,226,191,218,196,236,38.3,0.0,0.0,0,0,565.9,404.9,9.7,2696,116.6,4.9,16.3
cow1060,6,Holstein Friesian,1,0,193,229,202,239,206,234,193,245,38.3,0.0,0.0,0,0,486.4,372.3,11.0,3276,101.1,4.2,18.1
cow1061,1,Jersey,4,0,202,232,199,240,197,234,190,234,38.6,0.0,0.0,0,0,563.0,393.8,10.5,3153,70.4,5.2,21.3
cow1061,2,Jersey,4,0,188,226,201,229,187,219,204,227,38.6,0.0,0.0,0,0,593.9,415.9,11.2,2810,85.7,4.7,19.1
cow1061,3,Jersey,4,0,192,231,196,239,213,226,197,220,38.1,0.0,0.0,0,0,509.7,379.3,13.2,3292,171.0,5.9,23.3
cow1061,4,Jersey,4,0,208,229,202,224,197,232,200,233,38.3,1.0,0.0,0,0,521.4,353.1,11.4,3252,239.8,5.0,20.9
cow1061,5,Jersey,4,0,201,222,201,228,195,223,189,227,38.6,0.0,0.0,0,0,499.1,371.4,9.9,3481,66.8,3.4,19.0
cow1061,6,Jersey,4,0,190,228,198,226,203,234,198,226,38.1,0.0,0.0,0,0,506.1,358.1,10.5,3284,32.1,4.0,19.3
cow1062,1,Jersey,2,0,208,230,193,232,198,223,204,233,38.9,0.0,0.0,0,0,588.5,436.5,13.6,2914,247.2,4.0,17.7
cow1062,2,Jersey,2,0,190,224,203,227,193,223,190,219,38.6,0.0,0.0,0,0,479.8,365.7,13.3,2324,249.4,4.7,20.5
cow1062,3,Jersey,2,0,198,218,206,226,195,227,194,227,38.6,0.0,0.0,0,0,482.3,364.9,12.2,3075,104.7,4.3,21.5
cow1062,4,Jersey,2,0,204,233,203,244,197,239,202,224,38.7,0.0,0.0,0,0,584.4,389.7,9.6,3137,274.0,3.6,21.7
cow1062,5,Jersey,2,0,199,232,198,239,198,223,203,233,38.5,0.0,0.0,0,0,545.0,393.1,11.9,3020,99.6,5.0,18.2
cow1062,6,Jersey,2,0,202,220,192,229,204,225,198,233,38.8,0.0,0.0,0,0,604.8,409.7,12.0,1796,42.4,5.3,18.2
cow1063,1,Jersey,5,0,190,233,200,237,196,229,200,233,38.6,0.0,0.0,0,0,502.0,368.5,11.5,3272,32.1,4.4,21.0
cow1063,2,Jersey,5,0,203,207,202,233,193,229,195,230,38.5,0.0,0.0,0,0,525.1,341.4,10.8,2635,31.9,4.7,20.1
cow1063,3,Jersey,5,0,199,227,195,227,180,226,200,223,38.5,0.0,0.0,0,0,493.6,336.4,11.1,3274,79.7,3.7,18.7
cow1063,4,Jersey,5,0,201,228,193,230,205,230,199,227,38.6,0.0,0.0,0,0,525.7,404.8,10.7,3680,57.6,4.1,19.1
cow1063,5,Jersey,5,0,200,233,202,243,208,224,191,237,38.6,0.0,0.0,0,0,449.0,344.1,10.1,2899,53.3,4.1,23.0
cow1063,6,Jersey,5,0,205,230,201,236,195,232,193,243,38.3,0.0,0.0,0,0,547.4,390.1,13.1,3175,73.8,4.9,20.2
cow1064,1,Jersey,2,0,201,230,195,224,196,221,188,234,38.7,0.0,0.0,0,0,532.9,371.4,12.6,3013,143.7,4.7,20.9
cow1064,2,Jersey,2,0,198,218,196,227,196,239,200,230,38.8,0.0,0.0,0,0,517.7,359.1,11.2,3210,54.4,4.2,20.3
cow1064,3,Jersey,2,0,201,230,195,228,206,232,183,230,39.0,0.0,0.0,0,0,504.4,374.2,11.9,3041,48.5,4.2,19.1
cow1064,4,Jersey,2,0,193,226,206,227,202,224,196,225,38.7,0.0,0.0,0,0,484.2,352.3,12.0,2793,57.0,2.9,20.9
cow1064,5,Jersey,2,0,204,231,186,230,213,231,199,229,39.0,0.0,0.0,0,0,549.1,425.3,14.3,2638,150.1,5.8,19.2
cow1064,6,Jersey,2,0,202,222,195,224,192,227,203,226,38.7,0.0,0.0,0,0,473.2,348.6,12.5,3636,75.7,2.8,22.6
cow1065,1,Jersey,2,0,197,230,213,231,213,221,196,228,37.9,0.0,0.0,0,0,540.5,393.3,12.5,3175,96.4,4.8,19.1
cow1065,2,Jersey,2,0,198,232,194,223,198,230,200,231,38.0,0.0,0.0,0,0,603.0,404.8,11.5,3332,232.2,4.5,19.5
cow1065,3,Jersey,2,0,194,234,207,231,195,223,203,229,38.3,0.0,0.0,0,0,579.4,409.2,11.0,3160,566.2,4.3,19.3
cow1065,4,Jersey,2,0,212,229,202,229,200,222,200,229,38.0,0.0,0.0,0,0,459.8,347.1,13.2,3390,123.6,4.5,19.7
cow1065,5,Jersey,2,0,204,234,193,223,191,232,196,227,38.2,0.0,0.0,0,0,498.5,360.4,12.3,2642,115.5,4.0,20.4
cow1065,6,Jersey,2,0,193,237,203,224,200,225,190,235,38.0,0.0,0.0,0,0,536.9,381.4,10.5,3033,35.0,5.0,19.6
cow1066,1,Jersey,5,0,206,234,194,233,191,229,203,232,38.5,0.0,0.0,0,0,517.2,384.2,12.0,3202,102.5,3.4,17.6
cow1066,2,Jersey,5,0,193,229,197,219,204,237,199,234,38.4,0.0,0.0,0,0,464.0,373.7,12.5,3517,82.9,4.8,20.3
cow1066,3,Jersey,5,0,193,230,196,222,202,219,194,224,38.4,0.0,0.0,0,0,535.4,391.9,9.0,4069,147.1,4.0,19.3
cow1066,4,Jersey,5,0,198,233,193,225,202,226,192,240,38.1,0.0,0.0,0,0,519.6,400.4,10.4,3163,60.6,4.2,20.0
cow1066,5,Jersey,5,0,188,240,193,235,190,220,194,236,38.4,0.0,0.0,0,0,596.6,437.1,11.9,2736,91.2,4.2,21.9
cow1066,6,Jersey,5,0,198,230,203,220,191,228,189,228,38.8,0.0,0.0,0,0,509.9,393.4,9.2,2522,120.7,4.4,20.0
cow1067,1,Jersey,5,0,195,223,187,227,198,229,196,226,38.3,0.0,0.0,0,0,566.7,397.1,9.4,2638,294.8,4.9,21.6
cow1067,2,Jersey,5,0,196,215,204,230,195,232,200,229,38.4,0.0,0.0,0,0,469.3,345.9,11.2,2690,234.0,4.5,17.6
cow1067,3,Jersey,5,0,199,237,197,224,195,231,205,229,38.5,0.0,0.0,0,0,478.9,351.7,12.1,1840,190.5,5.2,21.1
cow1067,4,Jersey,5,0,202,232,201,231,193,233,195,232,38.0,0.0,0.0,0,0,548.9,407.2,12.1,2730,131.3,5.3,19.0
cow1067,5,Jersey,5,0,208,227,207,237,196,229,206,226,38.3,0.0,0.0,0,0,563.3,420.3,13.4,3287,59.0,4.7,17.7
cow1067,6,Jersey,5,0,191,227,203,232,200,227,202,220,38.3,0.0,0.0,0,0,481.7,359.3,11.6,3030,131.2,5.0,17.2
cow1068,1,Jersey,3,0,204,227,191,229,192,234,200,235,38.6,0.0,0.0,0,1,296.0,271.4,13.1,1197,1070.8,9.6,9.2
cow1068,2,Jersey,3,0,199,227,211,230,188,222,194,224,38.4,0.0,0.0,0,1,239.7,211.7,11.9,651,1689.8,6.9,10.9
cow1068,3,Jersey,3,0,200,219,197,234,208,230,197,222,38.3,0.0,0.0,0,1,287.8,266.6,13.0,1720,8364.3,8.9,9.7
cow1068,4,Jersey,3,0,189,223,202,228,201,238,206,226,38.6,0.0,0.0,0,1,328.5,293.4,14.3,1505,3078.2,9.2,16.0
cow1068,5,Jersey,3,0,195,225,243,240,197,219,206,228,39.2,1.0,0.0,0,1,277.6,256.8,14.4,1295,2395.8,8.3,17.4
cow1068,6,Jersey,3,0,195,234,259,227,192,225,191,226,40.2,1.0,1.0,1,1,285.0,251.4,13.8,419,2657.7,9.5,11.9
cow1069,1,Jersey,1,0,202,227,185,225,203,226,193,223,38.5,0.0,0.0,0,0,474.8,365.7,12.2,2804,74.4,5.9,20.2
cow1069,2,Jersey,1,0,200,232,195,237,191,224,200,231,38.2,0.0,0.0,0,0,494.1,348.3,13.0,3173,17.9,4.2,19.2
cow1069,3,Jersey,1,0,188,234,204,228,193,233,197,229,38.5,0.0,0.0,0,0,590.3,425.8,11.6,2989,33.2,4.3,19.7
cow1069,4,Jersey,1,0,191,236,198,223,196,213,198,229,38.3,0.0,0.0,0,0,522.9,387.2,13.1,3077,121.7,4.9,18.6
cow1069,5,Jersey,1,0,194,225,192,244,201,230,191,224,38.4,0.0,0.0,0,0,479.9,332.0,10.6,3274,42.1,4.0,22.1
cow1069,6,Jersey,1,0,201,233,192,228,201,231,195,232,38.3,0.0,0.0,0,0,507.4,381.0,11.4,3062,73.7,6.7,19.7
cow1070,1,Jersey,6,0,203,238,185,241,206,236,204,228,38.8,0.0,0.0,0,0,456.1,319.2,10.9,3260,34.0,5.1,19.3
cow1070,2,Jersey,6,0,196,233,190,239,195,224,197,233,38.6,0.0,0.0,0,0,479.4,348.0,12.5,2663,48.4,4.5,19.9
cow1070,3,Jersey,6,0,196,230,200,222,195,229,200,227,38.7,0.0,0.0,0,0,574.4,413.4,10.3,2511,79.2,3.4,19.6
cow1070,4,Jersey,6,0,197,223,204,225,195,225,189,235,,0.0,0.0,0,0,514.3,363.4,11.1,3191,150.4,4.7,18.5
cow1070,5,Jersey,6,0,193,235,207,225,194,232,205,231,38.9,0.0,0.0,0,0,595.6,426.9,9.3,3273,172.7,3.6,22.8
cow1070,6,Jersey,6,0,198,233,208,229,200,234,187,231,38.7,0.0,0.0,0,0,516.2,378.9,12.2,3208,47.8,5.1,21.0
cow1071,1,Jersey,1,0,201,224,201,231,198,228,197,232,38.2,0.0,0.0,0,0,518.6,364.4,13.0,3053,98.2,2.5,21.0
cow1071,2,Jersey,1,0,190,228,195,235,197,230,193,233,38.3,0.0,0.0,0,0,545.6,405.6,12.6,2870,29.7,5.6,20.5
cow1071,3,Jersey,1,0,195,235,196,235,197,223,199,229,38.2,0.0,0.0,0,0,413.1,302.1,12.5,3084,82.6,4.2,21.3
cow1071,4,Jersey,1,0,202,236,197,235,196,234,199,236,38.4,0.0,0.0,0,0,528.2,426.1,12.5,3152,153.5,3.1,20.0
cow1071,5,Jersey,1,0,200,231,201,244,205,235,208,232,38.3,0.0,0.0,0,0,518.0,376.9,12.3,3176,75.8,4.5,18.8
cow1071,6,Jersey,1,0,208,235,194,227,197,227,197,220,38.3,0.0,0.0,0,0,579.4,394.6,12.2,4043,197.1,4.5,19.6
cow1072,1,Jersey,3,0,193,228,191,226,195,231,184,231,38.4,0.0,0.0,0,0,558.6,385.4,12.3,2632,141.6,4.4,21.7
cow1072,2,Jersey,3,0,192,227,197,220,194,220,199,231,38.1,0.0,1.0,0,0,474.7,373.4,10.7,4290,93.8,5.6,22.1
cow1072,3,Jersey,3,0,187,228,205,234,200,218,191,223,38.1,0.0,0.0,0,0,569.7,402.4,11.3,2497,66.8,4.8,19.8
cow1072,4,Jersey,3,0,200,232,205,226,200,237,202,225,38.5,0.0,0.0,0,0,509.5,349.2,11.6,3154,54.9,5.1,20.0
cow1072,5,Jersey,3,0,201,233,202,221,205,228,203,235,38.3,0.0,0.0,0,0,483.8,373.7,11.1,2522,29.0,4.3,22.1
cow1072,6,Jersey,3,0,210,227,197,238,194,230,203,231,38.1,0.0,0.0,0,0,527.9,377.3,9.6,3122,32.5,4.8,16.5
cow1073,1,Jersey,2,0,194,232,206,226,192,226,202,230,38.5,0.0,0.0,0,0,511.9,386.9,10.0,3393,157.9,3.5,19.8
cow1073,2,Jersey,2,0,209,222,200,220,177,240,203,228,38.2,0.0,0.0,0,0,581.5,433.8,11.8,3013,226.0,4.7,18.7
cow1073,3,Jersey,2,0,203,227,196,239,191,229,195,229,38.3,0.0,0.0,0,0,533.6,393.1,12.6,3389,37.6,3.9,19.9
cow1073,4,Jersey,2,0,201,232,188,234,193,233,193,231,38.2,0.0,0.0,0,0,528.2,428.1,11.5,2831,83.3,5.6,20.2
cow1073,5,Jersey,2,0,196,235,213,232,197,226,202,220,38.4,0.0,0.0,0,0,556.0,370.6,14.8,2180,26.8,4.6,22.0
cow1073,6,Jersey,2,0,198,228,196,223,196,230,200,227,37.7,0.0,0.0,0,0,563.7,391.5,10.4,3251,40.5,5.0,18.0
cow1074,1,Jersey,3,0,196,226,194,233,200,225,198,236,38.4,0.0,0.0,0,0,551.3,394.2,12.0,3012,95.0,4.7,19.1
cow1074,2,Jersey,3,0,188,230,199,234,196,230,192,226,38.9,0.0,0.0,0,0,576.8,454.8,13.0,2808,55.5,5.9,18.6
cow1074,3,Jersey,3,0,194,233,194,234,204,214,190,223,38.6,0.0,0.0,0,0,544.3,427.0,12.8,2836,21.1,3.3,18.9
cow1074,4,Jersey,3,0,209,225,192,217,197,232,191,240,38.8,0.0,0.0,0,0,526.7,407.2,12.3,3163,260.4,4.4,17.9
cow1074,5,Jersey,3,0,195,230,203,221,190,234,191,235,38.7,0.0,0.0,0,0,569.6,395.4,12.8,2674,76.8,3.7,22.6
cow1074,6,Jersey,3,0,198,233,198,230,197,229,197,239,38.6,0.0,0.0,0,0,516.4,365.6,11.6,3150,37.0,2.9,20.9
cow1075,1,Jersey,3,0,197,228,200,226,197,223,200,227,38.0,0.0,0.0,0,0,521.3,365.9,13.5,3475,86.8,3.7,18.2
cow1075,2,Jersey,3,0,196,236,197,233,194,225,204,243,38.2,0.0,0.0,0,0,588.9,407.2,13.0,3824,75.1,5.4,20.9
cow1075,3,Jersey,3,0,200,228,198,229,201,235,195,233,38.3,0.0,0.0,0,0,584.9,445.8,10.5,3562,106.3,4.5,19.2
cow1075,4,Jersey,3,0,202,232,200,235,208,225,191,223,38.4,0.0,0.0,0,0,519.7,375.4,11.9,3065,62.8,4.3,20.7
cow1075,5,Jersey,3,0,190,229,199,227,204,230,181,224,38.2,0.0,0.0,0,0,501.9,367.1,9.6,3103,98.7,5.1,19.9
cow1075,6,Jersey,3,0,198,223,199,229,194,229,195,229,38.4,0.0,0.0,0,0,578.5,429.1,13.3,2840,152.4,4.6,17.2
cow1076,1,Jersey,2,1,201,226,195,226,202,221,183,232,38.6,0.0,0.0,0,1,327.0,244.3,13.8,1114,689.7,8.5,11.8
cow1076,2,Jersey,2,1,194,234,199,232,209,230,200,224,38.6,0.0,0.0,0,1,307.6,263.5,15.1,1649,1141.2,8.3,12.2
cow1076,3,Jersey,2,1,202,229,179,231,198,228,199,237,38.8,0.0,0.0,0,1,282.1,227.5,13.4,1177,3924.1,8.4,10.9
cow1076,4,Jersey,2,1,208,237,205,236,190,236,200,220,38.9,0.0,0.0,0,1,308.3,257.7,11.3,1446,1279.4,7.6,10.4
cow1076,5,Jersey,2,1,191,262,269,318,200,233,183,219,39.3,0.0,0.0,0,1,294.1,243.9,16.7,915,1868.2,8.8,11.6
cow1076,6,Jersey,2,1,194,275,304,365,197,222,205,226,39.8,1.0,0.0,1,1,268.4,227.6,13.7,1848,1365.7,7.0,12.7
cow1077,1,Holstein Friesian,5,0,203,225,196,222,197,222,189,227,38.6,0.0,0.0,0,0,525.2,387.2,10.3,2871,59.9,4.4,18.1
cow1077,2,Holstein Friesian,5,0,182,228,195,233,198,241,194,234,38.6,0.0,0.0,0,0,530.6,390.4,12.9,3435,56.5,5.4,18.4
cow1077,3,Holstein Friesian,5,0,196,232,190,231,198,227,194,228,38.6,0.0,0.0,0,0,505.0,367.0,13.9,2718,33.3,4.4,15.8
cow1077,4,Holstein Friesian,5,0,193,221,189,229,199,233,190,226,38.5,0.0,0.0,0,0,556.2,408.4,11.3,2697,109.1,4.2,17.3
cow1077,5,Holstein Friesian,5,0,201,230,196,231,187,231,200,232,38.9,0.0,0.0,0,0,571.6,395.3,11.4,3531,165.5,6.3,17.2
cow1077,6,Holstein Friesian,5,0,204,222,199,221,198,227,185,228,38.6,0.0,0.0,0,0,558.8,415.5,11.8,2750,70.3,5.6,20.3
cow1078,1,Jersey,5,0,186,232,201,229,189,223,198,232,38.4,0.0,0.0,0,0,509.0,369.7,10.2,2373,153.1,4.6,20.3
cow1078,2,Jersey,5,0,195,232,200,231,205,226,199,228,38.6,0.0,0.0,0,0,550.2,389.4,10.7,2584,56.6,3.7,19.5
cow1078,3,Jersey,5,0,208,228,197,226,192,229,206,219,38.7,0.0,0.0,0,0,523.1,367.6,13.6,3343,54.3,2.9,19.1
cow1078,4,Jersey,5,0,194,232,196,238,206,223,194,230,38.6,0.0,0.0,1,0,470.6,346.0,11.3,3304,105.5,5.1,20.7
cow1078,5,Jersey,5,0,199,225,200,232,194,225,201,216,38.7,0.0,0.0,0,0,546.9,429.8,10.5,2695,106.7,5.5,18.3
cow1078,6,Jersey,5,0,195,228,199,225,198,227,203,227,38.7,0.0,0.0,0,0,525.8,382.4,11.0,2747,73.5,4.8,20.6
cow1079,1,Jersey,1,0,199,229,189,227,195,243,201,222,38.5,0.0,0.0,0,0,623.7,421.6,12.8,3269,126.8,3.1,19.2
cow1079,2,Jersey,1,0,199,232,202,230,197,222,198,228,38.5,1.0,0.0,0,0,578.3,431.5,9.1,3526,32.7,4.6,17.7
cow1079,3,Jersey,1,0,205,232,199,238,194,221,198,222,38.3,0.0,0.0,0,0,548.4,388.6,11.8,2972,64.4,4.1,20.5
cow1079,4,Jersey,1,0,200,224,201,236,204,224,205,233,38.7,0.0,0.0,0,0,530.0,391.1,14.5,3222,154.7,4.6,19.1
cow1079,5,Jersey,1,0,196,232,193,224,183,231,200,238,38.7,0.0,0.0,0,0,526.5,373.0,13.9,3349,154.4,6.1,21.0
cow1079,6,Jersey,1,0,208,234,206,240,196,229,188,231,38.4,0.0,0.0,0,0,479.9,379.0,12.2,3861,141.5,5.1,18.5
cow1080,1,Holstein Friesian,1,0,194,238,193,227,208,227,185,216,38.7,0.0,0.0,0,0,450.4,327.6,13.1,2538,160.8,5.0,19.0
cow1080,2,Holstein Friesian,1,0,189,229,195,225,198,233,197,223,38.6,0.0,0.0,0,0,485.1,384.2,13.1,2733,61.4,4.5,20.1
cow1080,3,Holstein Friesian,1,0,200,241,196,233,193,227,202,230,38.5,0.0,0.0,0,0,518.1,360.0,11.3,2797,24.5,4.8,17.6
cow1080,4,Holstein Friesian,1,0,197,239,189,227,208,227,197,223,38.7,0.0,0.0,0,0,435.8,324.2,12.6,3331,66.4,3.9,17.3
cow1080,5,Holstein Friesian,1,0,190,223,201,225,194,222,201,221,38.3,0.0,0.0,0,0,498.2,392.1,13.6,2899,123.3,4.9,17.4
cow1080,6,Holstein Friesian,1,0,194,226,194,242,181,219,196,235,38.7,0.0,0.0,0,0,510.1,377.1,10.0,3125,138.0,4.3,17.5
cow1081,1,Jersey,4,0,201,227,200,224,203,232,197,234,,,,0,0,511.4,415.7,12.2,3049,55.2,3.8,23.2
cow1081,2,Jersey,4,0,201,237,203,215,191,247,201,231,38.7,0.0,0.0,0,0,493.5,359.3,11.9,3001,40.7,5.2,22.2
cow1081,3,Jersey,4,0,192,224,205,233,200,226,200,232,38.6,0.0,0.0,0,0,506.3,376.4,11.6,3043,43.6,2.7,21.0
cow1081,4,Jersey,4,0,206,235,199,228,204,236,207,226,38.4,0.0,0.0,0,0,589.0,455.7,11.5,3412,54.6,4.1,19.0
cow1081,5,Jersey,4,0,194,230,199,223,198,237,203,226,38.5,0.0,0.0,0,0,546.5,368.6,11.8,2612,21.4,5.0,20.8
cow1081,6,Jersey,4,0,201,222,186,237,203,244,194,226,38.6,0.0,0.0,0,0,497.6,337.1,11.9,2941,55.2,5.5,21.0
cow1082,1,Jersey,2,0,187,228,198,223,198,231,202,217,38.5,0.0,0.0,0,0,517.3,364.0,12.8,2514,82.1,4.9,20.6
cow1082,2,Jersey,2,0,199,221,205,226,192,220,202,228,38.4,0.0,0.0,0,0,518.9,394.0,12.1,3091,74.2,4.0,18.3
cow1082,3,Jersey,2,0,188,239,201,229,193,226,201,234,38.4,0.0,0.0,0,0,489.3,332.6,11.3,2922,63.2,4.5,21.5
cow1082,4,Jersey,2,0,197,233,202,225,198,225,205,225,38.6,0.0,0.0,0,0,489.2,372.3,10.5,3428,49.3,4.7,19.2
cow1082,5,Jersey,2,0,204,223,193,218,199,235,193,215,38.4,0.0,0.0,0,0,560.4,413.7,10.9,2998,53.5,5.7,20.0
cow1082,6,Jersey,2,0,192,228,208,229,192,226,197,240,38.4,0.0,0.0,0,0,503.2,406.2,11.8,2822,54.1,5.2,19.9
cow1083,1,Jersey,4,0,204,228,205,228,201,228,197,224,38.2,0.0,0.0,0,0,476.2,372.5,10.7,2901,129.3,5.2,19.7
cow1083,2,Jersey,4,0,200,227,201,236,207,233,199,231,38.4,0.0,0.0,0,0,518.3,385.5,12.6,3689,79.4,4.6,18.5
cow1083,3,Jersey,4,0,205,234,197,220,197,223,193,229,38.5,0.0,0.0,0,0,524.7,407.3,12.0,2372,708.0,3.6,22.2
cow1083,4,Jersey,4,0,196,229,200,235,202,234,196,223,38.4,0.0,0.0,0,0,441.1,342.4,12.9,2749,63.1,3.4,17.9
cow1083,5,Jersey,4,0,194,231,204,237,181,230,203,230,38.4,0.0,0.0,0,0,518.4,370.7,10.7,3014,107.5,4.3,20.6
cow1083,6,Jersey,4,0,202,225,193,234,206,222,200,222,38.4,0.0,0.0,0,0,554.7,380.2,10.5,2745,64.1,5.1,21.0
cow1084,1,Jersey,4,0,186,230,194,231,204,217,195,225,39.0,0.0,0.0,0,0,538.0,380.6,12.9,3196,63.1,4.1,19.4
cow1084,2,Jersey,4,0,191,228,196,236,202,242,204,223,38.8,0.0,0.0,0,0,609.2,432.8,11.7,2977,233.7,5.0,19.6
cow1084,3,Jersey,4,0,198,235,186,226,199,225,203,228,38.8,0.0,0.0,0,0,570.0,413.2,11.3,3102,158.2,3.9,18.0
cow1084,4,Jersey,4,0,192,221,199,223,198,219,192,223,38.8,0.0,0.0,0,0,578.0,376.3,12.3,3047,23.6,4.0,22.1
cow1084,5,Jersey,4,0,199,239,193,218,184,226,197,229,38.9,0.0,0.0,0,0,632.0,443.2,12.3,2959,39.2,5.6,17.9
cow1084,6,Jersey,4,0,188,228,191,228,194,234,201,226,39.1,0.0,0.0,0,0,550.3,398.7,10.0,2484,72.3,5.1,17.5
cow1085,1,Jersey,6,0,197,221,202,240,195,227,205,214,38.5,0.0,0.0,0,1,301.5,268.8,15.2,1370,1315.3,7.8,12.8
cow1085,2,Jersey,6,0,195,229,199,225,203,222,195,222,38.7,0.0,0.0,0,1,333.9,307.7,13.0,595,591.7,7.3,7.6
cow1085,3,Jersey,6,0,200,230,190,228,195,242,190,228,38.7,0.0,0.0,0,1,272.6,244.9,15.5,1031,2190.4,8.8,15.4
cow1085,4,Jersey,6,0,266,239,200,211,200,226,193,236,39.0,0.0,1.0,0,1,299.3,241.2,11.9,1496,439.2,8.7,10.1
cow1085,5,Jersey,6,0,285,211,207,198,204,230,201,240,39.7,1.0,0.0,1,1,269.1,206.7,13.9,1776,2209.9,8.5,12.2
cow1085,6,Jersey,6,0,317,221,196,191,196,231,195,226,40.1,1.0,1.0,1,1,310.9,276.9,13.3,2240,3593.3,7.9,10.5
cow1086,1,Jersey,6,0,195,231,190,227,199,237,191,228,38.3,0.0,0.0,0,0,493.9,348.7,9.1,2829,145.2,3.6,20.2
cow1086,2,Jersey,6,0,196,235,190,232,198,223,193,233,38.5,0.0,0.0,0,0,492.5,379.1,12.3,2654,71.9,4.5,22.2
cow1086,3,Jersey,6,0,191,233,198,251,185,219,207,232,38.0,0.0,0.0,0,0,536.5,415.1,9.2,3209,225.6,5.6,19.5
cow1086,4,Jersey,6,0,212,232,195,229,204,234,200,237,38.5,0.0,0.0,0,0,514.5,348.9,11.1,3748,99.9,3.8,20.5
cow1086,5,Jersey,6,0,210,235,197,231,200,231,204,239,38.4,0.0,0.0,0,0,442.9,343.7,12.8,3613,142.5,4.5,19.1
cow1086,6,Jersey,6,0,182,218,191,239,204,235,206,232,38.3,0.0,0.0,0,0,461.8,368.3,10.9,2586,47.8,5.8,21.8
cow1087,1,Jersey,5,0,209,238,206,230,186,225,203,227,38.8,0.0,0.0,0,0,474.1,370.8,10.4,2944,227.2,4.3,19.4
cow1087,2,Jersey,5,0,201,225,190,233,195,235,193,245,39.0,0.0,0.0,0,0,484.7,321.1,12.5,3340,79.3,4.4,18.9
cow1087,3,Jersey,5,0,192,241,200,231,197,229,201,235,39.2,0.0,0.0,0,0,536.6,374.6,11.2,3368,236.1,3.4,19.3
cow1087,4,Jersey,5,0,198,226,190,229,205,222,200,218,38.9,0.0,0.0,0,0,528.8,362.2,11.0,3237,203.0,5.0,19.4
cow1087,5,Jersey,5,0,205,226,198,229,194,224,207,225,38.8,0.0,0.0,0,0,562.6,415.0,13.0,2821,94.9,3.9,22.0
cow1087,6,Jersey,5,0,201,233,200,231,210,226,198,229,38.9,0.0,0.0,0,0,550.1,405.5,10.1,3233,105.1,3.3,20.6
cow1088,1,Jersey,4,1,200,224,194,232,199,237,197,235,38.4,0.0,0.0,0,1,337.9,232.2,12.9,1672,1725.9,7.2,13.2
cow1088,2,Jersey,4,1,235,265,187,262,191,217,200,241,38.8,1.0,0.0,0,1,319.3,264.2,14.5,927,1031.1,8.2,15.7
cow1088,3,Jersey,4,1,249,271,182,274,195,226,203,232,39.2,1.0,0.0,0,1,303.4,274.4,12.0,1832,3223.4,6.7,14.0
cow1088,4,Jersey,4,1,253,285,192,273,197,236,197,227,39.7,1.0,0.0,1,1,339.0,284.0,15.6,1697,3093.2,6.9,11.1
cow1088,5,Jersey,4,1,266,279,200,282,199,222,194,231,40.4,1.0,1.0,1,1,331.8,279.7,13.2,1003,541.3,8.4,16.4
cow1088,6,Jersey,4,1,279,300,186,295,192,234,191,225,40.7,1.0,1.0,0,1,310.0,257.5,14.5,1670,1866.5,7.9,12.1
cow1089,1,Jersey,5,0,188,220,189,235,202,234,205,228,38.3,0.0,0.0,0,0,570.8,391.4,12.5,3325,144.7,3.8,19.9
cow1089,2,Jersey,5,0,196,216,202,226,194,234,200,242,38.0,0.0,0.0,0,0,426.2,323.4,11.3,3340,218.6,4.2,22.1
cow1089,3,Jersey,5,0,199,238,192,241,190,226,199,225,38.2,0.0,0.0,0,0,508.4,374.0,10.9,3630,131.1,5.9,20.2
cow1089,4,Jersey,5,0,192,232,200,232,196,231,190,224,38.3,0.0,0.0,0,0,507.8,383.7,11.4,2996,27.8,5.5,20.5
cow1089,5,Jersey,5,0,195,235,195,226,207,227,207,231,38.1,0.0,0.0,0,0,566.1,420.2,12.4,3133,38.3,4.4,20.9
cow1089,6,Jersey,5,0,197,238,198,219,198,233,200,235,38.2,0.0,0.0,0,0,582.9,419.3,10.3,1945,62.5,5.2,18.0
cow1090,1,Jersey,5,0,197,236,193,228,191,228,194,224,38.0,0.0,0.0,0,0,462.0,364.9,10.1,3446,208.8,4.6,21.1
cow1090,2,Jersey,5,0,202,227,192,239,195,230,190,219,37.9,0.0,0.0,0,0,576.4,407.1,13.3,3408,52.2,3.1,21.0
cow1090,3,Jersey,5,0,198,239,187,231,199,240,196,228,38.1,0.0,0.0,0,0,473.1,325.9,10.6,3542,165.0,2.9,19.9
cow1090,4,Jersey,5,0,197,225,191,225,199,229,189,221,38.0,0.0,0.0,0,0,474.4,361.2,11.9,2625,51.6,3.8,16.2
cow1090,5,Jersey,5,0,186,224,193,237,203,238,194,235,38.1,0.0,0.0,0,0,510.6,376.7,11.3,3385,114.8,3.2,20.0
cow1090,6,Jersey,5,0,189,233,204,236,200,233,187,228,38.0,0.0,0.0,0,0,507.3,381.3,11.3,3407,41.5,4.7,18.8
cow1091,1,Jersey,4,0,205,230,202,210,196,234,199,232,38.8,0.0,0.0,0,0,457.7,319.8,13.2,2740,69.5,4.1,17.8
cow1091,2,Jersey,4,0,205,223,197,234,197,217,203,228,38.9,0.0,0.0,0,0,546.0,427.8,11.4,3422,36.4,4.8,18.1
cow1091,3,Jersey,4,0,196,222,201,226,195,238,200,235,38.9,0.0,0.0,0,0,547.2,409.1,11.1,3185,215.2,4.9,17.1
cow1091,4,Jersey,4,0,191,238,196,236,192,237,196,236,38.9,0.0,0.0,0,0,562.2,400.1,11.2,2321,49.2,5.1,19.6
cow1091,5,Jersey,4,0,203,231,196,229,203,231,195,225,38.9,0.0,0.0,0,0,502.7,352.8,10.9,3234,27.3,3.8,22.6
cow1091,6,Jersey,4,0,203,235,196,229,191,242,203,222,38.8,0.0,0.0,0,0,518.4,398.4,10.7,2693,25.8,4.9,18.8
cow1092,1,Jersey,4,0,198,234,192,229,202,231,189,230,38.5,0.0,0.0,0,0,518.8,359.4,10.9,2330,74.9,3.7,20.2
cow1092,2,Jersey,4,0,200,236,195,229,200,223,199,226,38.2,0.0,0.0,0,0,587.5,461.2,13.5,3147,57.9,5.1,20.3
cow1092,3,Jersey,4,0,202,225,189,223,203,234,192,230,38.2,0.0,0.0,0,0,406.6,300.9,12.4,2974,124.3,5.5,21.2
cow1092,4,Jersey,4,0,198,220,199,232,201,225,200,223,38.1,0.0,0.0,0,0,481.7,388.0,11.1,3562,67.5,5.1,20.2
cow1092,5,Jersey,4,0,204,228,195,229,194,236,195,221,38.2,0.0,0.0,0,0,520.2,376.8,12.7,3073,177.7,4.4,21.8
cow1092,6,Jersey,4,0,206,226,195,241,198,219,201,224,38.2,0.0,0.0,1,0,476.6,382.4,9.6,3311,60.9,5.0,17.9
cow1093,1,Jersey,4,0,198,223,193,226,196,234,204,230,38.3,0.0,0.0,0,1,284.7,235.6,15.2,1504,4563.2,6.8,13.8
cow1093,2,Jersey,4,0,190,227,201,226,195,222,208,236,38.3,0.0,0.0,0,1,290.0,252.3,15.1,1708,926.0,6.6,15.7
cow1093,3,Jersey,4,0,197,229,193,215,211,238,202,221,38.1,0.0,0.0,0,1,268.7,253.7,16.2,945,594.1,8.4,14.3
cow1093,4,Jersey,4,0,205,214,269,233,208,233,196,229,39.0,0.0,0.0,1,1,297.6,268.5,14.7,1379,1027.6,9.0,10.7
cow1093,5,Jersey,4,0,192,200,302,230,201,217,196,213,39.0,0.0,1.0,1,1,320.1,289.9,14.0,1244,803.4,7.0,12.7
cow1093,6,Jersey,4,0,192,193,343,223,188,228,195,223,39.6,1.0,0.0,0,1,285.5,240.6,15.0,1561,734.1,8.0,14.2
cow1094,1,Jersey,2,0,194,230,191,233,204,227,190,225,38.3,0.0,0.0,0,0,501.9,370.6,10.7,3102,105.7,4.9,19.4
cow1094,2,Jersey,2,0,190,228,207,232,196,226,196,232,38.4,0.0,0.0,0,0,513.4,398.5,11.0,2754,66.2,4.0,18.7
cow1094,3,Jersey,2,0,200,233,192,221,190,224,204,230,38.3,0.0,0.0,0,0,519.7,367.1,11.4,2865,87.6,4.2,20.7
cow1094,4,Jersey,2,0,189,237,199,222,191,232,195,231,38.5,0.0,0.0,0,0,450.4,348.5,13.1,3659,114.4,5.0,21.3
cow1094,5,Jersey,2,0,207,232,200,232,199,237,202,231,38.6,0.0,0.0,0,0,538.5,387.1,10.5,2322,24.8,4.6,19.4
cow1094,6,Jersey,2,0,193,235,202,239,202,225,194,235,38.4,0.0,0.0,0,0,502.0,372.9,10.3,3284,117.8,4.6,19.0
cow1095,1,Jersey,4,0,192,225,203,226,203,235,202,227,38.5,0.0,1.0,0,0,570.5,411.8,11.8,3497,34.5,3.7,20.6
cow1095,2,Jersey,4,0,199,224,200,226,194,228,199,232,38.8,1.0,0.0,0,0,543.6,380.0,12.4,3232,53.3,4.5,17.4
cow1095,3,Jersey,4,0,194,231,182,223,191,236,200,224,38.7,0.0,0.0,0,0,566.8,403.4,10.7,3788,21.5,4.2,18.8
cow1095,4,Jersey,4,0,196,233,200,233,204,229,190,230,38.6,0.0,0.0,0,0,479.6,358.3,12.3,3375,124.8,4.2,20.5
cow1095,5,Jersey,4,0,205,227,201,231,188,230,205,228,38.7,0.0,0.0,0,0,505.1,369.2,13.1,3154,24.7,4.1,18.4
cow1095,6,Jersey,4,0,195,215,189,230,204,239,198,227,38.9,0.0,0.0,0,0,470.3,378.5,12.9,2813,34.7,4.5,19.6
cow1096,1,Jersey,4,0,206,220,206,239,200,240,200,222,38.6,0.0,0.0,0,0,491.8,381.3,11.9,3161,36.5,3.8,17.2
cow1096,2,Jersey,4,0,199,226,195,237,198,237,189,225,38.5,0.0,0.0,0,0,570.1,415.3,11.4,3273,72.7,4.5,21.6
cow1096,3,Jersey,4,0,195,231,200,226,188,235,203,224,38.7,0.0,0.0,0,0,579.5,402.0,13.6,3001,71.2,4.2,21.1
cow1096,4,Jersey,4,0,206,230,201,227,204,226,198,245,38.5,0.0,0.0,0,0,474.1,337.6,11.5,2703,139.2,3.8,20.7
cow1096,5,Jersey,4,0,193,228,196,227,194,221,205,229,38.2,0.0,0.0,0,0,501.7,404.5,12.6,2518,73.9,2.9,21.3
cow1096,6,Jersey,4,0,201,225,204,227,207,222,189,241,38.6,0.0,0.0,0,0,517.0,360.0,13.8,3074,154.8,5.3,21.0
cow1097,1,Jersey,3,0,199,230,201,231,199,236,206,227,38.6,0.0,0.0,0,0,543.4,396.1,12.5,2408,103.2,5.1,19.9
cow1097,2,Jersey,3,0,211,227,196,222,193,220,192,225,38.0,0.0,0.0,0,0,449.6,344.3,10.3,2811,41.3,3.9,19.7
cow1097,3,Jersey,3,0,195,226,197,239,203,231,198,235,38.4,0.0,0.0,0,0,455.9,335.9,10.0,2027,50.1,5.0,18.1
cow1097,4,Jersey,3,0,204,228,210,240,200,226,198,215,38.4,0.0,0.0,0,0,539.6,373.7,11.1,3333,225.5,3.7,22.0
cow1097,5,Jersey,3,0,206,224,203,234,195,232,198,229,38.2,0.0,0.0,0,0,442.0,319.1,12.4,3462,185.5,4.3,20.9
cow1097,6,Jersey,3,0,194,227,184,232,198,238,196,237,38.2,0.0,0.0,0,0,502.1,359.4,12.0,3032,140.4,4.1,20.7
cow1098,1,Holstein Friesian,6,1,200,234,192,222,197,230,202,228,,0.0,0.0,0,1,301.5,246.1,16.1,2033,4309.4,7.8,13.7
cow1098,2,Holstein Friesian,6,1,201,223,192,230,197,234,199,229,38.4,0.0,0.0,0,1,311.6,288.9,14.0,1839,2902.6,8.5,10.8
cow1098,3,Holstein Friesian,6,1,198,237,191,230,190,232,200,230,38.6,0.0,0.0,0,1,289.3,251.4,13.1,1492,2613.9,7.7,10.7
cow1098,4,Holstein Friesian,6,1,260,229,187,234,194,234,192,231,39.4,0.0,0.0,0,1,280.4,236.8,12.1,1255,2076.8,7.7,12.1
cow1098,5,Holstein Friesian,6,1,287,229,189,220,201,228,182,230,39.8,0.0,1.0,0,1,328.8,277.2,14.9,1160,7845.1,8.6,10.6
cow1098,6,Holstein Friesian,6,1,309,229,199,228,203,233,196,229,40.4,1.0,1.0,0,1,306.4,273.9,13.5,1525,1372.0,8.0,13.1
cow1099,1,Jersey,5,0,189,229,193,230,193,230,190,230,38.5,0.0,0.0,0,0,494.1,358.3,9.7,2944,93.8,4.0,19.4
cow1099,2,Jersey,5,0,194,237,200,220,197,228,200,234,38.6,0.0,0.0,0,0,521.5,397.1,11.5,3219,24.4,4.7,18.1
cow1099,3,Jersey,5,0,196,228,198,226,203,233,193,219,38.3,0.0,0.0,0,0,535.3,366.3,10.3,3249,29.6,5.3,20.5
cow1099,4,Jersey,5,0,186,244,204,233,194,234,188,227,38.5,0.0,0.0,0,0,588.7,442.3,11.0,2908,278.3,5.3,22.3
cow1099,5,Jersey,5,0,203,223,194,233,202,230,200,231,38.4,0.0,0.0,0,0,551.5,398.7,11.5,3438,121.6,3.4,22.0
cow1099,6,Jersey,5,0,199,229,203,236,198,228,201,234,38.3,0.0,0.0,0,0,568.6,408.3,10.4,2909,68.6,3.5,19.1
cow1100,1,Jersey,5,0,199,231,205,229,200,225,207,226,38.6,0.0,0.0,0,0,495.6,352.9,10.9,3009,83.8,5.3,19.5
cow1100,2,Jersey,5,0,204,229,197,228,194,235,201,234,38.7,0.0,0.0,0,0,499.0,345.3,10.6,2609,31.1,4.3,20.0
cow1100,3,Jersey,5,0,207,236,198,218,201,235,206,231,38.5,0.0,0.0,0,0,510.6,344.4,10.6,2892,59.1,2.7,21.3
cow1100,4,Jersey,5,0,200,230,201,225,194,233,205,243,38.6,0.0,0.0,0,0,514.3,362.8,10.3,3863,29.0,3.9,20.6
cow1100,5,Jersey,5,0,211,230,210,228,191,222,203,221,38.9,0.0,0.0,0,0,479.7,366.4,10.9,2640,64.8,4.1,21.6
cow1100,6,Jersey,5,0,200,242,205,229,199,222,194,231,38.5,0.0,0.0,0,0,570.6,393.1,10.4,3175,127.1,4.2,19.1
